signatura,sobre,numero,rango_digitalizacion,titulo_sobre_indice,indice_lectura_dudosa,archivo_anverso,drive_id_anverso,archivo_reverso,drive_id_reverso,titulo,descripcion,personas,lugar,fecha,evento,materias,fotografo,tecnica,soporte,dimensiones,inscripciones_reverso,estado_conservacion,nota_historica,nota_biografica,documentos_relacionados,bibliografia,derechos,publicable,estado_ficha,catalogador,observaciones
EFDA-F-S001-0001,S001,1,C1a20,"Viejo edificio de ""El Fogón de los Arrieros""",,C1a20-S01-0001.jpg,1MtyhVxuQaJIQPXEq0ym3mjCy7MZsO9xm,,,,,,,,,,,,,,,,,,,,,,pendiente,,
EFDA-F-S001-0002,S001,2,C1a20,"Viejo edificio de ""El Fogón de los Arrieros""",,C1a20-S01-0002.jpg,1uKWCfu2cIDlsHGfQv2JGjCZTwYwPz3no,,,,,,,,,,,,,,,,,,,,,,pendiente,,
EFDA-F-S001-0003,S001,3,C1a20,"Viejo edificio de ""El Fogón de los Arrieros""",,C1a20-S01-0003.jpg,1D8EsPtrZvp95kqRw9Uli8qvjw5YRUsUq,,,,,,,,,,,,,,,,,,,,,,pendiente,,
EFDA-F-S001-0004,S001,4,C1a20,"Viejo edificio de ""El Fogón de los Arrieros""",,C1a20-S01-0004.jpg,1hiAdbyc1y7o7geMMRIgZkpWPfTkZB8Wi,,,,,,,,,,,,,,,,,,,,,,pendiente,,
EFDA-F-S001-0005,S001,5,C1a20,"Viejo edificio de ""El Fogón de los Arrieros""",,C1a20-S01-0005.jpg,1hSP-SCczDjelshmjeFgnmS4GipGHwlev,,,,,,,,,,,,,,,,,,,,,,pendiente,,
EFDA-F-S001-0006,S001,6,C1a20,"Viejo edificio de ""El Fogón de los Arrieros""",,C1a20-S01-0006.jpg,1XHvcb9OZuVjqo42vXLH4zPXVbFVXptwi,,,,,,,,,,,,,,,,,,,,,,pendiente,,
EFDA-F-S001-0007,S001,7,C1a20,"Viejo edificio de ""El Fogón de los Arrieros""",,C1a20-S01-0007.jpg,1yCSN0-qvsn24QpLDKpxeaqoaK49rilH3,,,,,,,,,,,,,,,,,,,,,,pendiente,,
EFDA-F-S001-0008,S001,8,C1a20,"Viejo edificio de ""El Fogón de los Arrieros""",,C1a20-S01-0008.jpg,1MpmwPg0ClJlxjd1stFeKSftaBlJ-929-,,,,,,,,,,,,,,,,,,,,,,pendiente,,
EFDA-F-S001-0009,S001,9,C1a20,"Viejo edificio de ""El Fogón de los Arrieros""",,C1a20-S01-0009.jpg,1F-Nq3tcF_8rci12b2Ra-4omeHmR22Wjr,,,,,,,,,,,,,,,,,,,,,,pendiente,,
EFDA-F-S001-0010,S001,10,C1a20,"Viejo edificio de ""El Fogón de los Arrieros""",,C1a20-S01-0010.jpg,1a1lLg7Y5w_i2FYgsFHomLBCaZe2rYCn3,,,,,,,,,,,,,,,,,,,,,,pendiente,,
EFDA-F-S001-0011,S001,11,C1a20,"Viejo edificio de ""El Fogón de los Arrieros""",,C1a20-S01-0011.jpg,1AIxDCvEDjcyMkH_dq46cuZb9al_-SF-N,,,,,,,,,,,,,,,,,,,,,,pendiente,,
EFDA-F-S001-0012,S001,12,C1a20,"Viejo edificio de ""El Fogón de los Arrieros""",,C1a20-S01-0012.jpg,1Vi2Fk5ap2saM0ARryvP8RScaUYQTxNVf,,,,,,,,,,,,,,,,,,,,,,pendiente,,
EFDA-F-S001-0013,S001,13,C1a20,"Viejo edificio de ""El Fogón de los Arrieros""",,C1a20-S01-0013.jpg,1BFSiplJUxA84zMTy-nlcfzVJjVXZsl_I,,,,,,,,,,,,,,,,,,,,,,pendiente,,
EFDA-F-S001-0014,S001,14,C1a20,"Viejo edificio de ""El Fogón de los Arrieros""",,C1a20-S01-0014.jpg,1Be6-gXdHN8Qc0z9L_h_lUgyupc6pKqLL,,,,,,,,,,,,,,,,,,,,,,pendiente,,
EFDA-F-S001-0015,S001,15,C1a20,"Viejo edificio de ""El Fogón de los Arrieros""",,C1a20-S01-0015.jpg,1SAWUEZqFm36Z59mygR0fSfycI3UpWn3t,,,,,,,,,,,,,,,,,,,,,,pendiente,,
EFDA-F-S001-0016,S001,16,C1a20,"Viejo edificio de ""El Fogón de los Arrieros""",,C1a20-S01-0016.jpg,1xPQfs9ZrrX5lq5FhZ2i8EVUctw3xRcS7,,,,,,,,,,,,,,,,,,,,,,pendiente,,
EFDA-F-S001-0017,S001,17,C1a20,"Viejo edificio de ""El Fogón de los Arrieros""",,C1a20-S01-0017.jpg,1Swqg1BE0OBby_t3z5lXv5UuZUH776Ax2,,,,,,,,,,,,,,,,,,,,,,pendiente,,
EFDA-F-S001-0018,S001,18,C1a20,"Viejo edificio de ""El Fogón de los Arrieros""",,C1a20-S01-0018.jpg,1BSrw2V5v1HIafFCy0GmiwNEMDKhHk5OE,,,,,,,,,,,,,,,,,,,,,,pendiente,,
EFDA-F-S001-0019,S001,19,C1a20,"Viejo edificio de ""El Fogón de los Arrieros""",,C1a20-S01-0019.jpg,1wf8JRXNWsf09GQNNMIlmCgmqXuNe_H94,,,,,,,,,,,,,,,,,,,,,,pendiente,,
EFDA-F-S001-0020,S001,20,C1a20,"Viejo edificio de ""El Fogón de los Arrieros""",,C1a20-S01-0020.jpg,1LdH3xmn4nzhXX9tvy5_AB8kdHCSb5Muh,,,,,,,,,,,,,,,,,,,,,,pendiente,,
EFDA-F-S001-0021,S001,21,C1a20,"Viejo edificio de ""El Fogón de los Arrieros""",,C1a20-S01-0021.jpg,1WZCKtRK6lmrqd2uWdzOgfeedo5f4ZgP-,,,,,,,,,,,,,,,,,,,,,,pendiente,,
EFDA-F-S001-0022,S001,22,C1a20,"Viejo edificio de ""El Fogón de los Arrieros""",,C1a20-S01-0022.jpg,16nlmpBLRxeCNmBfMFLBhrPYvpMJnE1bm,,,,,,,,,,,,,,,,,,,,,,pendiente,,
EFDA-F-S001-0023,S001,23,C1a20,"Viejo edificio de ""El Fogón de los Arrieros""",,C1a20-S01-0023.jpg,1HhnPZRpl40XJxETI7hb26NJK8wL1xHA-,,,,,,,,,,,,,,,,,,,,,,pendiente,,
EFDA-F-S001-0024,S001,24,C1a20,"Viejo edificio de ""El Fogón de los Arrieros""",,C1a20-S01-0024.jpg,1PQNXvTsQa-CdKcGztwVkEYYEISK8daZv,,,,,,,,,,,,,,,,,,,,,,pendiente,,
EFDA-F-S001-0025,S001,25,C1a20,"Viejo edificio de ""El Fogón de los Arrieros""",,C1a20-S01-0025.jpg,1DcULZNDYYgouilRWJ5hVs6OJOzlye_R9,,,,,,,,,,,,,,,,,,,,,,pendiente,,
EFDA-F-S001-0026,S001,26,C1a20,"Viejo edificio de ""El Fogón de los Arrieros""",,C1a20-S01-0026.jpg,1awtxDohx6MYpKE22KYI67Vk42NqePNKO,,,,,,,,,,,,,,,,,,,,,,pendiente,,
EFDA-F-S001-0027,S001,27,C1a20,"Viejo edificio de ""El Fogón de los Arrieros""",,C1a20-S01-0027.jpg,1WXgEfNO9Y5bPsrrxzSPCoB-SIgh3Ijan,,,,,,,,,,,,,,,,,,,,,,pendiente,,
EFDA-F-S001-0028,S001,28,C1a20,"Viejo edificio de ""El Fogón de los Arrieros""",,C1a20-S01-0028.jpg,12sO1zidUhsM858j1YdsMCXP6ucWgnjo5,,,,,,,,,,,,,,,,,,,,,,pendiente,,
EFDA-F-S001-0029,S001,29,C1a20,"Viejo edificio de ""El Fogón de los Arrieros""",,C1a20-S01-0029.jpg,1xqHbsUVgiyGD2ZGUo8W3qEbucILF3B_n,,,,,,,,,,,,,,,,,,,,,,pendiente,,
EFDA-F-S001-0030,S001,30,C1a20,"Viejo edificio de ""El Fogón de los Arrieros""",,C1a20-S01-0030.jpg,1o2yc0GA073grqt9IlxTLYPQPGFRMwNGY,,,,,,,,,,,,,,,,,,,,,,pendiente,,
EFDA-F-S001-0031,S001,31,C1a20,"Viejo edificio de ""El Fogón de los Arrieros""",,C1a20-S01-0031.jpg,1znxBS-X2LFzrzEAHQJ45wk7Tg98yVRur,,,,,,,,,,,,,,,,,,,,,,pendiente,,
EFDA-F-S001-0032,S001,32,C1a20,"Viejo edificio de ""El Fogón de los Arrieros""",,C1a20-S01-0032.jpg,1FZksL8iWrbkRJrJZqf5FN2-eQftfKnGc,,,,,,,,,,,,,,,,,,,,,,pendiente,,
EFDA-F-S001-0033,S001,33,C1a20,"Viejo edificio de ""El Fogón de los Arrieros""",,C1a20-S01-0033.jpg,1LmZRfDZy47VqVLcEccg_uWx3GYr39xS9,,,,,,,,,,,,,,,,,,,,,,pendiente,,
EFDA-F-S001-0034,S001,34,C1a20,"Viejo edificio de ""El Fogón de los Arrieros""",,C1a20-S01-0034.jpg,19s9xNTrb7xTT_C7iXPEnDUimeO-P7sNU,,,,,,,,,,,,,,,,,,,,,,pendiente,,
EFDA-F-S001-0035,S001,35,C1a20,"Viejo edificio de ""El Fogón de los Arrieros""",,C1a20-S01-0035.jpg,1-kNoBocumHWhb6wrEJgTiHNSSeMNFWIN,,,,,,,,,,,,,,,,,,,,,,pendiente,,
EFDA-F-S001-0036,S001,36,C1a20,"Viejo edificio de ""El Fogón de los Arrieros""",,C1a20-S01-0036.jpg,1kaolyqAo83VjOfyE-P1d3-w0IqfHyaNh,,,,,,,,,,,,,,,,,,,,,,pendiente,,
EFDA-F-S001-0037,S001,37,C1a20,"Viejo edificio de ""El Fogón de los Arrieros""",,C1a20-S01-0037.jpg,1LZVqK6Os3zfDwx5ZNEdqdH3ek0g1236m,,,,,,,,,,,,,,,,,,,,,,pendiente,,
EFDA-F-S001-0038,S001,38,C1a20,"Viejo edificio de ""El Fogón de los Arrieros""",,C1a20-S01-0038.jpg,1ZHTPfcohjZ33s8HoUc4bdwihe1KHCInO,,,,,,,,,,,,,,,,,,,,,,pendiente,,
EFDA-F-S001-0039,S001,39,C1a20,"Viejo edificio de ""El Fogón de los Arrieros""",,C1a20-S01-0039.jpg,1kskOWH0SiuerDAajqo3dV3F4f0ZCby_3,C1a20-S01-0039r.jpg,1vSuaNOdOmnKw1RPEtyXbtZLQ2Ta2NGh7,,,,,,,,,,,,,,,,,,,,pendiente,,
EFDA-F-S001-0040,S001,40,C1a20,"Viejo edificio de ""El Fogón de los Arrieros""",,C1a20-S01-0040.jpg,1di6uovRLOcEEnEbuq4S-NvM-C9ngZDq5,C1a20-S01-0040r.jpg,1G03ls83EODWBKioX1zfVK20dB1s1JXrG,,,,,,,,,,,,,,,,,,,,pendiente,,
EFDA-F-S001-0041,S001,41,C1a20,"Viejo edificio de ""El Fogón de los Arrieros""",,C1a20-S01-0041.jpg,13ARBYN71fSJsWyNUu5-aRrs1SVqpdg7h,C1a20-S01-0041r.jpg,1R2qS1yem-z6XF1MiAUmHXXB_ofJ0hjAm,,,,,,,,,,,,,,,,,,,,pendiente,,
EFDA-F-S001-0042,S001,42,C1a20,"Viejo edificio de ""El Fogón de los Arrieros""",,C1a20-S01-0042.jpg,1UTw8PasmP1Qx5H6bBgbWWPxPuKhS5eI7,C1a20-S01-0042r.jpg,15tCvZ7gaAhyZMudrKY_4FNjFoWRgcUSn,,,,,,,,,,,,,,,,,,,,pendiente,,
EFDA-F-S001-0043,S001,43,C1a20,"Viejo edificio de ""El Fogón de los Arrieros""",,C1a20-S01-0043.jpg,1MybzGfaQCf0nhrRo7eYzFcUsTZ44EAR5,C1a20-S01-0043r.jpg,1FsgpOvzN5-7oyOyLfvhJ6wK0F51D8A8r,,,,,,,,,,,,,,,,,,,,pendiente,,
EFDA-F-S001-0044,S001,44,C1a20,"Viejo edificio de ""El Fogón de los Arrieros""",,C1a20-S01-0044.jpg,16Xifoe9ZSXAVfkLliI8gHijDSI8eBgjR,C1a20-S01-0044r.jpg,1zAxu7qvy4GoFtdHW0EhtuZXSVUMz9jsm,,,,,,,,,,,,,,,,,,,,pendiente,,
EFDA-F-S002-0001,S002,1,C1a20,Juan de Dios Mena – Sus obras,,C1a20-S02-0001.jpg,1liSjXp_5UQ6n2KfTGxZdse3g4zFOZNhp,,,,,,,,,,,,,,,,,,,,,,pendiente,,
EFDA-F-S002-0002,S002,2,C1a20,Juan de Dios Mena – Sus obras,,C1a20-S02-0002.jpg,1Q17fczI7LzOrk745_hj4JckJS2OlKtaK,,,,,,,,,,,,,,,,,,,,,,pendiente,,
EFDA-F-S002-0003,S002,3,C1a20,Juan de Dios Mena – Sus obras,,C1a20-S02-0003.jpg,1ETc8hmqahXNp4EXbs10wbMxMuvPbszOD,C1a20-S02-0003r.jpg,1njO0CKqjQmQnDDcmzXmCxIDD90Um1nIq,,,,,,,,,,,,,,,,,,,,pendiente,,
EFDA-F-S002-0004,S002,4,C1a20,Juan de Dios Mena – Sus obras,,C1a20-S02-0004.jpg,1RCZbsxDNQTtpV2Kpfp6YYCWbYJ1KtXSx,C1a20-S02-0004r.jpg,1oSsskt2iemxiSUaTVrtAGkgtkhnr6jW6,,,,,,,,,,,,,,,,,,,,pendiente,,
EFDA-F-S002-0005,S002,5,C1a20,Juan de Dios Mena – Sus obras,,C1a20-S02-0005.jpg,1z11Ei5d5PVqVvA52FKG4-bQW5XKJn1Ne,C1a20-S02-0005r.jpg,16WfMTz22JQeu00mXz-zRm60dMhwSpekY,,,,,,,,,,,,,,,,,,,,pendiente,,
EFDA-F-S002-0006,S002,6,C1a20,Juan de Dios Mena – Sus obras,,C1a20-S02-0006.jpg,1sV-h_y88-LcZOpfkidG7oLiWQ4sPfhf9,C1a20-S02-0006r.jpg,1dF_-Tnyn4jYhjDgSPrOOy8v2gK7PFW42,,,,,,,,,,,,,,,,,,,,pendiente,,
EFDA-F-S002-0007,S002,7,C1a20,Juan de Dios Mena – Sus obras,,C1a20-S02-0007.jpg,1WMqRc1CUdlfl2DYeShjPOvW2Lsqmfavb,C1a20-S02-0007r.jpg,1MOo3vMIJv1g2J1HF2v838YI_kOvPPx26,,,,,,,,,,,,,,,,,,,,pendiente,,
EFDA-F-S002-0008,S002,8,C1a20,Juan de Dios Mena – Sus obras,,C1a20-S02-0008.jpg,18TeYF2NFr_gJJPU7ndPJNratx00ZJbRc,C1a20-S02-0008r.jpg,1JVdhkbg5KL_rVA0TSJy2YKBmt8WwO0sL,,,,,,,,,,,,,,,,,,,,pendiente,,
EFDA-F-S002-0009,S002,9,C1a20,Juan de Dios Mena – Sus obras,,C1a20-S02-0009.jpg,1-YUWuthrfUoiY78ZOlLTu0uGyXfII3ox,C1a20-S02-0009r.jpg,17NMAHS1wpncFf-6NUEEDPbpsUWwFXVgN,,,,,,,,,,,,,,,,,,,,pendiente,,
EFDA-F-S003-0001,S003,1,C1a20,"En el viejo ""Fogón de los Arrieros""",,C1a20-S03-0001.jpg,1WnmEuNlJsVyWdZ-VCD5xOBb54b5d3Xso,,,,,,,,,,,,,,,,,,,,,,pendiente,,
EFDA-F-S003-0002,S003,2,C1a20,"En el viejo ""Fogón de los Arrieros""",,C1a20-S03-0002.jpg,1-tZDdOZA3KahfX9ad0eGyC0xRvVUsX8z,,,,,,,,,,,,,,,,,,,,,,pendiente,,
EFDA-F-S003-0003,S003,3,C1a20,"En el viejo ""Fogón de los Arrieros""",,C1a20-S03-0003.jpg,1J4ebZjyE5uJwB64BGolzSqHoY1ehU4G6,,,,,,,,,,,,,,,,,,,,,,pendiente,,
EFDA-F-S003-0004,S003,4,C1a20,"En el viejo ""Fogón de los Arrieros""",,C1a20-S03-0004.jpg,1jjQVqYPJmM_cIwjlrZfNTDzsob615CrE,,,,,,,,,,,,,,,,,,,,,,pendiente,,
EFDA-F-S003-0005,S003,5,C1a20,"En el viejo ""Fogón de los Arrieros""",,C1a20-S03-0005.jpg,1TQOn8eis60mu67WUVQ35i-V-ex0lVt9s,,,,,,,,,,,,,,,,,,,,,,pendiente,,
EFDA-F-S003-0006,S003,6,C1a20,"En el viejo ""Fogón de los Arrieros""",,C1a20-S03-0006.jpg,1HIS8S7X9LlZMn1IjPCXgjUs8vcvpIJu4,,,,,,,,,,,,,,,,,,,,,,pendiente,,
EFDA-F-S003-0007,S003,7,C1a20,"En el viejo ""Fogón de los Arrieros""",,C1a20-S03-0007.jpg,1t4n5XiKxAGt1H-gvYmOIGYqlKPRQ71TO,,,,,,,,,,,,,,,,,,,,,,pendiente,,
EFDA-F-S003-0008,S003,8,C1a20,"En el viejo ""Fogón de los Arrieros""",,C1a20-S03-0008.jpg,1T3-xXMvve88T6CdVuL2VNI5ELZhnKGZA,,,,,,,,,,,,,,,,,,,,,,pendiente,,
EFDA-F-S003-0009,S003,9,C1a20,"En el viejo ""Fogón de los Arrieros""",,C1a20-S03-0009.jpg,1OF2meROJ1Nz3Kzp37lUCbAJUkEpSMyyO,,,,,,,,,,,,,,,,,,,,,,pendiente,,
EFDA-F-S003-0010,S003,10,C1a20,"En el viejo ""Fogón de los Arrieros""",,C1a20-S03-0010.jpg,1T9Pu8y3nvmbsV1Q3sBJWMVOoSqCHqKeS,,,,,,,,,,,,,,,,,,,,,,pendiente,,
EFDA-F-S003-0011,S003,11,C1a20,"En el viejo ""Fogón de los Arrieros""",,C1a20-S03-0011.jpg,1TLzEduQEezfeyP3IlHmZY0IcREAGfQL0,,,,,,,,,,,,,,,,,,,,,,pendiente,,
EFDA-F-S003-0012,S003,12,C1a20,"En el viejo ""Fogón de los Arrieros""",,C1a20-S03-0012.jpg,1QZgDbZFKd1Q4eSYQr4jVDMgR_EIVXanN,,,,,,,,,,,,,,,,,,,,,,pendiente,,
EFDA-F-S003-0013,S003,13,C1a20,"En el viejo ""Fogón de los Arrieros""",,C1a20-S03-0013.jpg,1Kxc3LRN7nprEEIdwki2JikDP73A8TzUn,,,,,,,,,,,,,,,,,,,,,,pendiente,,
EFDA-F-S003-0014,S003,14,C1a20,"En el viejo ""Fogón de los Arrieros""",,C1a20-S03-0014.jpg,19iRMvCi62kw43wHimAYAyZf_FSI5DNwG,,,,,,,,,,,,,,,,,,,,,,pendiente,,
EFDA-F-S003-0015,S003,15,C1a20,"En el viejo ""Fogón de los Arrieros""",,C1a20-S03-0015.jpg,1oV6ZnAaqrXg3eEXzyqq8lqtbK6-ZO1zE,,,,,,,,,,,,,,,,,,,,,,pendiente,,
EFDA-F-S003-0016,S003,16,C1a20,"En el viejo ""Fogón de los Arrieros""",,C1a20-S03-0016.jpg,12SfKbHD3S9onP97rRmN3EQz2EOEU4scb,,,,,,,,,,,,,,,,,,,,,,pendiente,,
EFDA-F-S003-0017,S003,17,C1a20,"En el viejo ""Fogón de los Arrieros""",,C1a20-S03-0017.jpg,1fUlcuXLUxn8HhJEtuUGoIB_f_FupTeH7,,,,,,,,,,,,,,,,,,,,,,pendiente,,
EFDA-F-S003-0018,S003,18,C1a20,"En el viejo ""Fogón de los Arrieros""",,C1a20-S03-0018.jpg,1eQ6ZDiElx9nxuQMHZMucDpg0unBWaG1Y,,,,,,,,,,,,,,,,,,,,,,pendiente,,
EFDA-F-S003-0019,S003,19,C1a20,"En el viejo ""Fogón de los Arrieros""",,C1a20-S03-0019.jpg,1vIiLZTjjV46krGSdFw9bpcmIDJHo4Bk6,,,,,,,,,,,,,,,,,,,,,,pendiente,,
EFDA-F-S003-0020,S003,20,C1a20,"En el viejo ""Fogón de los Arrieros""",,C1a20-S03-0020.jpg,1h3xb8z8b74EP0CvY95EzrJZu7o-IobjY,C1a20-S03-0020r.jpg,1Gver6pUrCs8jQcJQXZsYf7ZXAeH7dPwT,,,,,,,,,,,,,,,,,,,,pendiente,,
EFDA-F-S003-0021,S003,21,C1a20,"En el viejo ""Fogón de los Arrieros""",,C1a20-S03-0021.jpg,1oP7tq9zXSM0ID5rJdqKy6TkcJaE4gjER,C1a20-S03-0021r.jpg,1OowIkGcfKj3Sf5WolObZFW8d2wxfz55N,,,,,,,,,,,,,,,,,,,,pendiente,,
EFDA-F-S004-0001,S004,1,C1a20,"Conjunto ""Fray Mocho"" en el viejo ""Fogón""",,C1a20-S04-0001.jpg,1o4JuNygJG1lbTwy7f4J0WnJzBNFt2VH4,,,,,,,,,,,,,,,,,,,,,,pendiente,,
EFDA-F-S004-0002,S004,2,C1a20,"Conjunto ""Fray Mocho"" en el viejo ""Fogón""",,C1a20-S04-0002.jpg,1yMgq2hzuPdMp8lfUWgq8v_YvsalP-fEO,,,,,,,,,,,,,,,,,,,,,,pendiente,,
EFDA-F-S004-0003,S004,3,C1a20,"Conjunto ""Fray Mocho"" en el viejo ""Fogón""",,C1a20-S04-0003.jpg,10kmjFO79f7sVQ7YpH6CTQF36x9PvHmDn,,,,,,,,,,,,,,,,,,,,,,pendiente,,
EFDA-F-S004-0004,S004,4,C1a20,"Conjunto ""Fray Mocho"" en el viejo ""Fogón""",,C1a20-S04-0004.jpg,1hK8YSSFBuD7ZwtYfg5bW-O-ser8P9ypr,,,,,,,,,,,,,,,,,,,,,,pendiente,,
EFDA-F-S004-0005,S004,5,C1a20,"Conjunto ""Fray Mocho"" en el viejo ""Fogón""",,C1a20-S04-0005.jpg,1wXNKrjKUhyaIkY5VPS892Uh5rajbPz-v,,,,,,,,,,,,,,,,,,,,,,pendiente,,
EFDA-F-S004-0006,S004,6,C1a20,"Conjunto ""Fray Mocho"" en el viejo ""Fogón""",,C1a20-S04-0006.jpg,1kvdnNLbEV5UyxN3qiTW7Pg_6vvr4xNA2,C1a20-S04-0006r.jpg,1DtanHNAN2QBSoMYLNMyy36qo74A1HROY,,,,,,,,,,,,,,,,,,,,pendiente,,
EFDA-F-S004-0007,S004,7,C1a20,"Conjunto ""Fray Mocho"" en el viejo ""Fogón""",,C1a20-S04-0007.jpg,1HRcMC8BwQCsqxko9SIP7T91uuIel67je,C1a20-S04-0007r.jpg,11WNx-3HpdYvtO2BgRn2KJtY4lg7-a7tE,,,,,,,,,,,,,,,,,,,,pendiente,,
EFDA-F-S005-0001,S005,1,C1a20,Estela Quatrocchio,si,C1a20-S05-0001.jpg,14l9JE6-2WajZK_ARbF4I-sLy-Pvdkgsi,,,,,,,,,,,,,,,,,,,,,,pendiente,,
EFDA-F-S006-0001,S006,1,C1a20,Visita del hijo del Gral. Montgomery,,C1a20-S06-0001.jpg,1HTb3hYKNrBQSSMYzfz8QnWHXWnAxhlIz,,,,,,,,,,,,,,,,,,,,,,pendiente,,
EFDA-F-S006-0002,S006,2,C1a20,Visita del hijo del Gral. Montgomery,,C1a20-S06-0002.jpg,1oOLS12YG1KS3E9rCtGRPSZ4m6M6NbtH_,,,,,,,,,,,,,,,,,,,,,,pendiente,,
EFDA-F-S006-0003,S006,3,C1a20,Visita del hijo del Gral. Montgomery,,C1a20-S06-0003.jpg,185gZwlQ8oBkH0qF8KImAsn66D-4YYVS4,,,,,,,,,,,,,,,,,,,,,,pendiente,,
EFDA-F-S006-0004,S006,4,C1a20,Visita del hijo del Gral. Montgomery,,C1a20-S06-0004.jpg,1SqHounsbf_J9sOW81laA3u343qFZYLJ8,,,,,,,,,,,,,,,,,,,,,,pendiente,,
EFDA-F-S006-0005,S006,5,C1a20,Visita del hijo del Gral. Montgomery,,C1a20-S06-0005.jpg,1cACWYGb8_V59wK5k6VqeYslpuGCnx48B,,,,,,,,,,,,,,,,,,,,,,pendiente,,
EFDA-F-S006-0006,S006,6,C1a20,Visita del hijo del Gral. Montgomery,,C1a20-S06-0006.jpg,1cXbC9MV_x4NDCpAHaudhVBuDZdNalgUa,,,,,,,,,,,,,,,,,,,,,,pendiente,,
EFDA-F-S006-0007,S006,7,C1a20,Visita del hijo del Gral. Montgomery,,C1a20-S06-0007.jpg,1tOA7kJ9su7U9KY-eD2ktaPJescypY2r7,,,,,,,,,,,,,,,,,,,,,,pendiente,,
EFDA-F-S007-0001,S007,1,C1a20,Mauro Núñez y conjunto folklórico,,C1a20-S07-0001.jpg,16PxUcGWgllw9jmVQWvwaT2ExIW7df677,,,,,,,,,,,,,,,,,,,,,,pendiente,,
EFDA-F-S007-0002,S007,2,C1a20,Mauro Núñez y conjunto folklórico,,C1a20-S07-0002.jpg,1ARp-GGjUxd-iZKHD8vGQfYvnqw9Sxeo2,,,,,,,,,,,,,,,,,,,,,,pendiente,,
EFDA-F-S007-0003,S007,3,C1a20,Mauro Núñez y conjunto folklórico,,C1a20-S07-0003.jpg,1IJsvjjatZEMTQhfWSLapmErWBiNsy7b6,,,,,,,,,,,,,,,,,,,,,,pendiente,,
EFDA-F-S007-0004,S007,4,C1a20,Mauro Núñez y conjunto folklórico,,C1a20-S07-0004.jpg,1CRcE1Yah4LPgN9pmdGSYQQ8G_9RhNZcQ,,,,,,,,,,,,,,,,,,,,,,pendiente,,
EFDA-F-S007-0005,S007,5,C1a20,Mauro Núñez y conjunto folklórico,,C1a20-S07-0005.jpg,1P-5ttj7RLk5E3HcIoxNtJAj13nyBqOxP,,,,,,,,,,,,,,,,,,,,,,pendiente,,
EFDA-F-S007-0006,S007,6,C1a20,Mauro Núñez y conjunto folklórico,,C1a20-S07-0006.jpg,1NCh36Hpm5pbMDbbvmqiyvxLoeVhlxwL3,,,,,,,,,,,,,,,,,,,,,,pendiente,,
EFDA-F-S007-0007,S007,7,C1a20,Mauro Núñez y conjunto folklórico,,C1a20-S07-0007.jpg,1r-0u4Yj2S0OgqNQgC1_tK48SYCql1unv,,,,,,,,,,,,,,,,,,,,,,pendiente,,
EFDA-F-S007-0008,S007,8,C1a20,Mauro Núñez y conjunto folklórico,,C1a20-S07-0008.jpg,1a_Sit-Ntgb_wSPj6ms1rmsuCRz0OTAJc,,,,,,,,,,,,,,,,,,,,,,pendiente,,
EFDA-F-S007-0009,S007,9,C1a20,Mauro Núñez y conjunto folklórico,,C1a20-S07-0009.jpg,1UTDvaJePqJJXyw39D4wNXfMPkM0MuJtL,,,,,,,,,,,,,,,,,,,,,,pendiente,,
EFDA-F-S007-0010,S007,10,C1a20,Mauro Núñez y conjunto folklórico,,C1a20-S07-0010.jpg,1L0DhH3Ncj9pxd4vGW7XB-bUJIOLPuII9,,,,,,,,,,,,,,,,,,,,,,pendiente,,
EFDA-F-S007-0011,S007,11,C1a20,Mauro Núñez y conjunto folklórico,,C1a20-S07-0011.jpg,1qAmtmD05-4BUpBVlBhio-v4ZWrIg6dMz,,,,,,,,,,,,,,,,,,,,,,pendiente,,
EFDA-F-S007-0012,S007,12,C1a20,Mauro Núñez y conjunto folklórico,,C1a20-S07-0012.jpg,1i6uLz7PyEQetna_goRyRAe_0kfxEXec-,,,,,,,,,,,,,,,,,,,,,,pendiente,,
EFDA-F-S007-0013,S007,13,C1a20,Mauro Núñez y conjunto folklórico,,C1a20-S07-0013.jpg,1hXA2Nh0246_7Pk9SkqJEhagFAwRmR4Lv,,,,,,,,,,,,,,,,,,,,,,pendiente,,
EFDA-F-S008-0001,S008,1,C1a20,René Brusau,,C1a20-S08-0001.jpg,1F2cvzcVjL7rj8WNiUYeUSlOiZH_5veEu,,,,,,,,,,,,,,,,,,,,,,pendiente,,
EFDA-F-S008-0002,S008,2,C1a20,René Brusau,,C1a20-S08-0002.jpg,1vLYdNRj2qgjWmbwMWcXLdcmXFh2YAM4p,,,,,,,,,,,,,,,,,,,,,,pendiente,,
EFDA-F-S008-0003,S008,3,C1a20,René Brusau,,C1a20-S08-0003.jpg,1fURQ7FgcVn188DwKAWOqv8uxFOqYj_py,,,,,,,,,,,,,,,,,,,,,,pendiente,,
EFDA-F-S008-0004,S008,4,C1a20,René Brusau,,C1a20-S08-0004.jpg,1zOCpYUt8lJbA2xA9QN1fQutl0wE9ag5y,,,,,,,,,,,,,,,,,,,,,,pendiente,,
EFDA-F-S008-0005,S008,5,C1a20,René Brusau,,C1a20-S08-0005.jpg,1deNzGZimP_3u1pJ_yERLsqsv8OVM80Eu,,,,,,,,,,,,,,,,,,,,,,pendiente,,
EFDA-F-S008-0006,S008,6,C1a20,René Brusau,,C1a20-S08-0006.jpg,12qdG3rBJuAyvOsRrrkRtNg1Hyq-S2e6t,,,,,,,,,,,,,,,,,,,,,,pendiente,,
EFDA-F-S008-0007,S008,7,C1a20,René Brusau,,C1a20-S08-0007.jpg,1ZqREzQuNZQIN75VkLz7M8J0MLwfFVcgi,C1a20-S08-0007r.jpg,1ZnyDUEysU2-Vgp6KYi5RWh_d5N2rGL1i,,,,,,,,,,,,,,,,,,,,pendiente,,
EFDA-F-S008-0008,S008,8,C1a20,René Brusau,,C1a20-S08-0008.jpg,1Y6xCNERH8-XQVyf70ffdjJGI5XiAhsPm,C1a20-S08-0008r.jpg,1oUzEE6SkJUb-P2ru-Y2bl70f31mGtiZ2,,,,,,,,,,,,,,,,,,,,pendiente,,
EFDA-F-S008-0009,S008,9,C1a20,René Brusau,,C1a20-S08-0009.jpg,1_Yes6DMuvo-js4N33Z-WgP3DK3WMHzlz,,,,,,,,,,,,,,,,,,,,,,pendiente,,
EFDA-F-S008-0010,S008,10,C1a20,René Brusau,,C1a20-S08-0010.jpg,1zogj0zUcqUvYr8shnQzxa7fKRoCN1gz9,,,,,,,,,,,,,,,,,,,,,,pendiente,,
EFDA-F-S009-0001,S009,1,C1a20,Pedro López Lagar,,C1a20-S09-0001.jpg,1AW0Uov-BZt5Vya6ZfHtdxaduY9CwF22q,,,,,,,,,,,,,,,,,,,,,,pendiente,,
EFDA-F-S009-0002,S009,2,C1a20,Pedro López Lagar,,C1a20-S09-0002.jpg,1C_m-sysbCgFkXvKkZ6QerAM2RZAtIrYr,,,,,,,,,,,,,,,,,,,,,,pendiente,,
EFDA-F-S009-0003,S009,3,C1a20,Pedro López Lagar,,C1a20-S09-0003.jpg,1C71XMLWQUHqero9ji8Hjh-xjUFLUdKy2,,,,,,,,,,,,,,,,,,,,,,pendiente,,
EFDA-F-S009-0004,S009,4,C1a20,Pedro López Lagar,,C1a20-S09-0004.jpg,1COsBpyRTG9c4VJvUeVUuZeCKSvkkZbP0,,,,,,,,,,,,,,,,,,,,,,pendiente,,
EFDA-F-S009-0005,S009,5,C1a20,Pedro López Lagar,,C1a20-S09-0005.jpg,13XzU0PS1-mONSGe1H1cQNRaGZHvKQb3U,,,,,,,,,,,,,,,,,,,,,,pendiente,,
EFDA-F-S009-0006,S009,6,C1a20,Pedro López Lagar,,C1a20-S09-0006.jpg,1Fp35Ti7-FK6UtEE7HntdmF2c5Ffu7Qu7,,,,,,,,,,,,,,,,,,,,,,pendiente,,
EFDA-F-S009-0007,S009,7,C1a20,Pedro López Lagar,,C1a20-S09-0007.jpg,1kHStBbU1PRMLKfhI-eWKiJ1nM4uBXM6W,,,,,,,,,,,,,,,,,,,,,,pendiente,,
EFDA-F-S009-0008,S009,8,C1a20,Pedro López Lagar,,C1a20-S09-0008.jpg,1PKM3WI3FP4VDL0dn7Y_vv0Wc2h0sPPBV,,,,,,,,,,,,,,,,,,,,,,pendiente,,
EFDA-F-S009-0009,S009,9,C1a20,Pedro López Lagar,,C1a20-S09-0009.jpg,1jRfMS_zz12d0EK8GD36N7Pj9Zbc917Pe,,,,,,,,,,,,,,,,,,,,,,pendiente,,
EFDA-F-S009-0010,S009,10,C1a20,Pedro López Lagar,,C1a20-S09-0010.jpg,10JCxWdx5NSQcta478K6unKjw0_j5UwS6,,,,,,,,,,,,,,,,,,,,,,pendiente,,
EFDA-F-S009-0011,S009,11,C1a20,Pedro López Lagar,,C1a20-S09-0011.jpg,1bxZSqyXoWYkviKqY2Pf2cXbEghzR44ZU,,,,,,,,,,,,,,,,,,,,,,pendiente,,
EFDA-F-S009-0012,S009,12,C1a20,Pedro López Lagar,,C1a20-S09-0012.jpg,1uGkycyvV3fAaash3bA0pAs1BjeAzUNFZ,,,,,,,,,,,,,,,,,,,,,,pendiente,,
EFDA-F-S009-0013,S009,13,C1a20,Pedro López Lagar,,C1a20-S09-0013.jpg,1ZYCyPU09o98buMALDDmW4I1TOYtGD5Ck,C1a20-S09-0013r.jpg,1IW63e8Kfg_JSvKD8GKgtqhcmNlZEPe42,,,,,,,,,,,,,,,,,,,,pendiente,,
EFDA-F-S009-0014,S009,14,C1a20,Pedro López Lagar,,C1a20-S09-0014.jpg,1lBcxZmUQcM4UeqY5m0qiVQz53VF54g1Z,C1a20-S09-0014r.jpg,1Y2RuwIMeGYPesGuOrrFAGVoZhTIv5hfC,,,,,,,,,,,,,,,,,,,,pendiente,,
EFDA-F-S009-0015,S009,15,C1a20,Pedro López Lagar,,C1a20-S09-0015.jpg,1WDKTJJ0yw7EHkHvUX5MXha2Y_88hckrK,C1a20-S09-0015r.jpg,1sbEQa3-4PzLNxtrRtzzcEz0FV_6q4vUX,,,,,,,,,,,,,,,,,,,,pendiente,,
EFDA-F-S009-0016,S009,16,C1a20,Pedro López Lagar,,C1a20-S09-0016.jpg,18cTBOIdcoOFOXrGdE4GMcC5ovXYasDDO,C1a20-S09-0016r.jpg,1O6JiFbYQO41-W2dUjFq_fDvxKuwzC8IE,,,,,,,,,,,,,,,,,,,,pendiente,,
EFDA-F-S010-0001,S010,1,C1a20,Hermanos Carrillo,si,C1a20-S10-0001.jpg,1ULbrTRKmz3FgkJIcxjVVpObvjSByL5Gc,,,,,,,,,,,,,,,,,,,,,,pendiente,,
EFDA-F-S010-0002,S010,2,C1a20,Hermanos Carrillo,si,C1a20-S10-0002.jpg,1ATksaWztjaU8da0VLFfisyAWg8cg1zQN,,,,,,,,,,,,,,,,,,,,,,pendiente,,
EFDA-F-S010-0003,S010,3,C1a20,Hermanos Carrillo,si,C1a20-S10-0003.jpg,1GMSUiRpsiqnNstnSW9JnbIlEhuJxyBa1,,,,,,,,,,,,,,,,,,,,,,pendiente,,
EFDA-F-S010-0004,S010,4,C1a20,Hermanos Carrillo,si,C1a20-S10-0004.jpg,1ixFXeGv5u46LMGo0zVnh2K3FIRGmParX,,,,,,,,,,,,,,,,,,,,,,pendiente,,
EFDA-F-S010-0005,S010,5,C1a20,Hermanos Carrillo,si,C1a20-S10-0005.jpg,1-J3BEC2oAsjjEI64wnK3AiopOligVVtz,,,,,,,,,,,,,,,,,,,,,,pendiente,,
EFDA-F-S010-0006,S010,6,C1a20,Hermanos Carrillo,si,C1a20-S10-0006.jpg,1MMc7RsMPdFKMVOFICiqR6-3h-kaP55cX,,,,,,,,,,,,,,,,,,,,,,pendiente,,duplicado en Drive: C1a20-S10-0006(1).jpg
EFDA-F-S010-0007,S010,7,C1a20,Hermanos Carrillo,si,C1a20-S10-0007.jpg,1R_kvfzzOiNRvoIK1kBvyLbntPpwyLjs-,,,,,,,,,,,,,,,,,,,,,,pendiente,,
EFDA-F-S011-0001,S011,1,C1a20,Moisés Chilese,si,C1a20-S11-0001.jpg,1Csj27qjJlJwFh2zJrp1YRjpgRYfxTQrB,,,,,,,,,,,,,,,,,,,,,,pendiente,,
EFDA-F-S011-0002,S011,2,C1a20,Moisés Chilese,si,C1a20-S11-0002.jpg,1qbcHg0oHIjUs4MR7hprjmcA9Y0nhyB_F,,,,,,,,,,,,,,,,,,,,,,pendiente,,
EFDA-F-S011-0003,S011,3,C1a20,Moisés Chilese,si,C1a20-S11-0003.jpg,1ObDLrH7Z4EO726JoUP-TD7kZMKY901ci,,,,,,,,,,,,,,,,,,,,,,pendiente,,
EFDA-F-S011-0004,S011,4,C1a20,Moisés Chilese,si,C1a20-S11-0004.jpg,1RYDDxVHjy298EJoTtfPVVCv2JZ0C1oYw,,,,,,,,,,,,,,,,,,,,,,pendiente,,
EFDA-F-S011-0005,S011,5,C1a20,Moisés Chilese,si,C1a20-S11-0005.jpg,1zWLuucsDPr54yrIi-5IBqsfpURyTXPx9,,,,,,,,,,,,,,,,,,,,,,pendiente,,
EFDA-F-S011-0006,S011,6,C1a20,Moisés Chilese,si,C1a20-S11-0006.jpg,1wLulcjUwD8kRF0DZDulQZUzvVEqWQZaI,,,,,,,,,,,,,,,,,,,,,,pendiente,,
EFDA-F-S011-0007,S011,7,C1a20,Moisés Chilese,si,C1a20-S11-0007.jpg,1kghNeQs2dJEHW4bDy21e5KygTkLfb7a8,,,,,,,,,,,,,,,,,,,,,,pendiente,,
EFDA-F-S011-0008,S011,8,C1a20,Moisés Chilese,si,C1a20-S11-0008.jpg,1GZBO4ir9eiM2KmlMK6eYLHMu6j7eBpA5,C1a20-S11-0008r.jpg,14OH1P5L1dVkhzwPgp25lkUulWa6q_42_,,,,,,,,,,,,,,,,,,,,pendiente,,
EFDA-F-S011-0009,S011,9,C1a20,Moisés Chilese,si,C1a20-S11-0009.jpg,1pp1JeTUzkuov8xke4pXfKKSN5Zi17Cb-,C1a20-S11-0009r.jpg,1k3pIasY2mSqlwkJ33-Kof4pQeYm9BGAS,,,,,,,,,,,,,,,,,,,,pendiente,,
EFDA-F-S011-0010,S011,10,C1a20,Moisés Chilese,si,C1a20-S11-0010.jpg,1jUAdSmJzr9aAmg2my5gaJOFwXNbmHiB4,C1a20-S11-0010r.jpg,145aTvbU42uzSqRI4LnjGf8XS1hfHJVZG,,,,,,,,,,,,,,,,,,,,pendiente,,
EFDA-F-S012-0001,S012,1,C1a20,"Jorge Rigaud, Santiago Gómez Cou, Carlos Ginés",,C1a20-S12-0001.jpg,14W3ZwI9byPJguMZepaP3vPlqlln_efIW,,,,,,,,,,,,,,,,,,,,,,pendiente,,
EFDA-F-S012-0002,S012,2,C1a20,"Jorge Rigaud, Santiago Gómez Cou, Carlos Ginés",,C1a20-S12-0002.jpg,1a8iQ2SgPuVgFbYIEKVKl2x3mZIl1D0J9,,,,,,,,,,,,,,,,,,,,,,pendiente,,
EFDA-F-S012-0003,S012,3,C1a20,"Jorge Rigaud, Santiago Gómez Cou, Carlos Ginés",,C1a20-S12-0003.jpg,1sf7jG-NTYrkZ4bic3jVxBG-MDu52E6Hw,,,,,,,,,,,,,,,,,,,,,,pendiente,,
EFDA-F-S012-0004,S012,4,C1a20,"Jorge Rigaud, Santiago Gómez Cou, Carlos Ginés",,C1a20-S12-0004.jpg,1-hvETd-1WRJnTRnkY7cm-GyxQybyGJL8,,,,,,,,,,,,,,,,,,,,,,pendiente,,
EFDA-F-S012-0005,S012,5,C1a20,"Jorge Rigaud, Santiago Gómez Cou, Carlos Ginés",,C1a20-S12-0005.jpg,1cdAuO66D74IDXj0ABkoANGProwLdKWal,,,,,,,,,,,,,,,,,,,,,,pendiente,,
EFDA-F-S012-0006,S012,6,C1a20,"Jorge Rigaud, Santiago Gómez Cou, Carlos Ginés",,C1a20-S12-0006.jpg,12A5n4FjC5OHeKEK6a1T42xctqTAPi_nU,,,,,,,,,,,,,,,,,,,,,,pendiente,,
EFDA-F-S012-0007,S012,7,C1a20,"Jorge Rigaud, Santiago Gómez Cou, Carlos Ginés",,C1a20-S12-0007.jpg,1yuGveCF3-wxOum1r0RjIbWj6rGvhW6He,,,,,,,,,,,,,,,,,,,,,,pendiente,,
EFDA-F-S012-0008,S012,8,C1a20,"Jorge Rigaud, Santiago Gómez Cou, Carlos Ginés",,C1a20-S12-0008.jpg,1I4rYY6wShWFbkCkVZ-kEPdj_dMkBbGDt,,,,,,,,,,,,,,,,,,,,,,pendiente,,
EFDA-F-S012-0009,S012,9,C1a20,"Jorge Rigaud, Santiago Gómez Cou, Carlos Ginés",,C1a20-S12-0009.jpg,1yjzHYQIebxdM_6OBB8a-oEgeg-9eJHLH,,,,,,,,,,,,,,,,,,,,,,pendiente,,
EFDA-F-S012-0010,S012,10,C1a20,"Jorge Rigaud, Santiago Gómez Cou, Carlos Ginés",,C1a20-S12-0010.jpg,18Bu7ts3hfRdtiDvwfAMqwH_C-1ZjgG3Q,,,,,,,,,,,,,,,,,,,,,,pendiente,,
EFDA-F-S012-0011,S012,11,C1a20,"Jorge Rigaud, Santiago Gómez Cou, Carlos Ginés",,C1a20-S12-0011.jpg,19xspmq-S-2Zy91mXBXt-Zo5slb7bpeFW,,,,,,,,,,,,,,,,,,,,,,pendiente,,
EFDA-F-S012-0012,S012,12,C1a20,"Jorge Rigaud, Santiago Gómez Cou, Carlos Ginés",,C1a20-S12-0012.jpg,1lqTFqJg_6UfIv5mnk8J719Bsmq-DlOhT,,,,,,,,,,,,,,,,,,,,,,pendiente,,
EFDA-F-S012-0013,S012,13,C1a20,"Jorge Rigaud, Santiago Gómez Cou, Carlos Ginés",,C1a20-S12-0013.jpg,1yTGBZJF4W7Dg1x3IJ865wXBak3hDBos8,,,,,,,,,,,,,,,,,,,,,,pendiente,,
EFDA-F-S012-0014,S012,14,C1a20,"Jorge Rigaud, Santiago Gómez Cou, Carlos Ginés",,C1a20-S12-0014.jpg,1jpruH2MK1jQUwBLWVXemIheYZyISTlFj,,,,,,,,,,,,,,,,,,,,,,pendiente,,
EFDA-F-S012-0015,S012,15,C1a20,"Jorge Rigaud, Santiago Gómez Cou, Carlos Ginés",,C1a20-S12-0015.jpg,1fo4p-U2_agquWBoKLYEGCch9jHR1HFL_,,,,,,,,,,,,,,,,,,,,,,pendiente,,
EFDA-F-S012-0016,S012,16,C1a20,"Jorge Rigaud, Santiago Gómez Cou, Carlos Ginés",,C1a20-S12-0016.jpg,1yhsCblVkYILA7scap6D97jfMDiVkUwOq,,,,,,,,,,,,,,,,,,,,,,pendiente,,
EFDA-F-S012-0017,S012,17,C1a20,"Jorge Rigaud, Santiago Gómez Cou, Carlos Ginés",,C1a20-S12-0017.jpg,1OufVuAHRIEoyHKpMockSimbXUugPj48L,,,,,,,,,,,,,,,,,,,,,,pendiente,,
EFDA-F-S012-0018,S012,18,C1a20,"Jorge Rigaud, Santiago Gómez Cou, Carlos Ginés",,C1a20-S12-0018.jpg,1q1NsmMwgP3W36ov_nIClqsd_0DGOrejy,,,,,,,,,,,,,,,,,,,,,,pendiente,,
EFDA-F-S012-0019,S012,19,C1a20,"Jorge Rigaud, Santiago Gómez Cou, Carlos Ginés",,C1a20-S12-0019.jpg,1FcuyLNmrGbq3anTpC8hvJNpnlrsUyckA,,,,,,,,,,,,,,,,,,,,,,pendiente,,
EFDA-F-S012-0020,S012,20,C1a20,"Jorge Rigaud, Santiago Gómez Cou, Carlos Ginés",,C1a20-S12-0020.jpg,1KBUlAHSjipabab4O4Ztct02cFcc7bqAH,,,,,,,,,,,,,,,,,,,,,,pendiente,,
EFDA-F-S012-0021,S012,21,C1a20,"Jorge Rigaud, Santiago Gómez Cou, Carlos Ginés",,C1a20-S12-0021.jpg,112TmPUAEE3IScCW7BgOmvp9cBI4F4EJL,,,,,,,,,,,,,,,,,,,,,,pendiente,,
EFDA-F-S012-0022,S012,22,C1a20,"Jorge Rigaud, Santiago Gómez Cou, Carlos Ginés",,C1a20-S12-0022.jpg,1bFEC3S0MVNpsFEsI-WtlydQypQX5QuLz,,,,,,,,,,,,,,,,,,,,,,pendiente,,
EFDA-F-S012-0023,S012,23,C1a20,"Jorge Rigaud, Santiago Gómez Cou, Carlos Ginés",,C1a20-S12-0023.jpg,1G5eZqtwsoiopsmj-wPpC0VePfc18J_7-,,,,,,,,,,,,,,,,,,,,,,pendiente,,
EFDA-F-S012-0024,S012,24,C1a20,"Jorge Rigaud, Santiago Gómez Cou, Carlos Ginés",,C1a20-S12-0024.jpg,1LOVsivlgTU6WXUBq3vIGSlSFLWmph_RA,,,,,,,,,,,,,,,,,,,,,,pendiente,,
EFDA-F-S012-0025,S012,25,C1a20,"Jorge Rigaud, Santiago Gómez Cou, Carlos Ginés",,C1a20-S12-0025.jpg,16y1MfHrkzf7EEj4JAsV9pxwHBme2mxEW,,,,,,,,,,,,,,,,,,,,,,pendiente,,
EFDA-F-S012-0026,S012,26,C1a20,"Jorge Rigaud, Santiago Gómez Cou, Carlos Ginés",,C1a20-S12-0026.jpg,1qQlv53OkDGov1_Jz1tylpWCdBFpMND81,C1a20-S12-0026r.jpg,1eQXhiuSG3z4DBTuvU-ekoWMXhbafoMrR,,,,,,,,,,,,,,,,,,,,pendiente,,
EFDA-F-S013-0001,S013,1,C1a20,Fernando Birri,,C1a20-S13-0001.jpg,1A6bzp4OIWrn1o5BdrdP6xfJYllnDR14X,,,,,,,,,,,,,,,,,,,,,,pendiente,,
EFDA-F-S013-0002,S013,2,C1a20,Fernando Birri,,C1a20-S13-0002.jpg,1BFCI6ZxSaUJHcvHKflSVe-2quNqwGMnb,,,,,,,,,,,,,,,,,,,,,,pendiente,,
EFDA-F-S014-0001,S014,1,C1a20,Jorge Luis Borges,,C1a20-S14-0001.jpg,1z2PUfuq7GTfLFRQLRFfy8q8pvSOHX8fk,,,,,,,,,,,,,,,,,,,,,,pendiente,,
EFDA-F-S014-0002,S014,2,C1a20,Jorge Luis Borges,,C1a20-S14-0002.jpg,1C8kUN26R9YLrIGfN1L603Q-W-k7HTopT,C1a20-S14-0002r.jpg,1pRpf3qxBSAtwGbWtd8yVKaVUnu4CsXM7,,,,,,,,,,,,,,,,,,,,pendiente,,
EFDA-F-S014-0003,S014,3,C1a20,Jorge Luis Borges,,C1a20-S14-0003.jpg,1BPUgkGMd2QmVCO9Exp1gcYmCxS0ux0-C,C1a20-S14-0003r.jpg,1tH9VJGZbbW6KtWRNm6wG3evEzgfDeagr,,,,,,,,,,,,,,,,,,,,pendiente,,
EFDA-F-S015-0001,S015,1,C1a20,Antonio de Raco – Elizabeth Westerkamp,,C1a20-S15-0001.jpg,1qQfdbXvvlqTKoajw2Z2tLh98ZtGYJpEv,,,,,,,,,,,,,,,,,,,,,,pendiente,,
EFDA-F-S015-0002,S015,2,C1a20,Antonio de Raco – Elizabeth Westerkamp,,C1a20-S15-0002.jpg,1QiYs5B_b5mESK8m2Gg1oRcRqPX9mjd2G,,,,,,,,,,,,,,,,,,,,,,pendiente,,
EFDA-F-S015-0003,S015,3,C1a20,Antonio de Raco – Elizabeth Westerkamp,,C1a20-S15-0003.jpg,1aZDo_VXQQnd4Dz-Tcpz-enabWf_SYXn_,,,,,,,,,,,,,,,,,,,,,,pendiente,,
EFDA-F-S015-0004,S015,4,C1a20,Antonio de Raco – Elizabeth Westerkamp,,C1a20-S15-0004.jpg,1JDmY7ft6BtAmyci8lmXqCjHRBZAMwCnU,,,,,,,,,,,,,,,,,,,,,,pendiente,,
EFDA-F-S015-0005,S015,5,C1a20,Antonio de Raco – Elizabeth Westerkamp,,C1a20-S15-0005.jpg,1pEqxvdz_T6BozhEh5K5XWH8UyaY7awW5,,,,,,,,,,,,,,,,,,,,,,pendiente,,
EFDA-F-S015-0006,S015,6,C1a20,Antonio de Raco – Elizabeth Westerkamp,,C1a20-S15-0006.jpg,1xdvlgfWYPul9OU2CrxCXnzEQNq8EfrZr,,,,,,,,,,,,,,,,,,,,,,pendiente,,
EFDA-F-S015-0007,S015,7,C1a20,Antonio de Raco – Elizabeth Westerkamp,,C1a20-S15-0007.jpg,1w1ShR-jcbqFi2538ecMA8TzPJ7WjCuvz,,,,,,,,,,,,,,,,,,,,,,pendiente,,
EFDA-F-S015-0008,S015,8,C1a20,Antonio de Raco – Elizabeth Westerkamp,,C1a20-S15-0008.jpg,17jfRvyNEFZ-lGjjOieaB5rcCJG9-Vbbm,,,,,,,,,,,,,,,,,,,,,,pendiente,,
EFDA-F-S015-0009,S015,9,C1a20,Antonio de Raco – Elizabeth Westerkamp,,C1a20-S15-0009.jpg,1hjH0tQdoG1vxWUXyKe9KBkeVfPed0S7d,,,,,,,,,,,,,,,,,,,,,,pendiente,,
EFDA-F-S015-0010,S015,10,C1a20,Antonio de Raco – Elizabeth Westerkamp,,C1a20-S15-0010.jpg,1zr-gBXXFkXSL0QcRcl1GoTEUHUr1TsDN,,,,,,,,,,,,,,,,,,,,,,pendiente,,
EFDA-F-S015-0011,S015,11,C1a20,Antonio de Raco – Elizabeth Westerkamp,,C1a20-S15-0011.jpg,1jKhqWklPZUIIzNzpDP9iClMREXqj3PRm,,,,,,,,,,,,,,,,,,,,,,pendiente,,
EFDA-F-S015-0012,S015,12,C1a20,Antonio de Raco – Elizabeth Westerkamp,,C1a20-S15-0012.jpg,1a4v2oV0FFiPb-y7_Qt0bhePYXfhMAbk0,,,,,,,,,,,,,,,,,,,,,,pendiente,,
EFDA-F-S015-0013,S015,13,C1a20,Antonio de Raco – Elizabeth Westerkamp,,C1a20-S15-0013.jpg,1IdiWxsyNohw2b_vMao55EXyYYX_fUG-v,,,,,,,,,,,,,,,,,,,,,,pendiente,,
EFDA-F-S015-0014,S015,14,C1a20,Antonio de Raco – Elizabeth Westerkamp,,C1a20-S15-0014.jpg,12Qvj_j-wVXPyJWDARTbP8kN4fwoxgbDI,C1a20-S15-0014r.jpg,1KDQM6Y7TqqRZiLjxrMWOP3d-yDk2b02W,,,,,,,,,,,,,,,,,,,,pendiente,,
EFDA-F-S015-0015,S015,15,C1a20,Antonio de Raco – Elizabeth Westerkamp,,C1a20-S15-0015.jpg,1GefaNItZnn105E-LcxpXAJyQxQ-y1-nO,C1a20-S15-0015r.jpg,1YRc8xtOmUIT6gIUob1K8zo3qHZ18wFe3,,,,,,,,,,,,,,,,,,,,pendiente,,
EFDA-F-S016-0001,S016,1,C1a20,Dr. Roberto Guidión,si,C1a20-S16-0001.jpg,1NuYDurDAfaLNQRV7mEuNh9ZNyKgoePBX,,,,,,,,,,,,,,,,,,,,,,pendiente,,
EFDA-F-S016-0002,S016,2,C1a20,Dr. Roberto Guidión,si,C1a20-S16-0002.jpg,18-h4fj8tJLuXcI4UrT3B8mX_JUj56TZd,,,,,,,,,,,,,,,,,,,,,,pendiente,,
EFDA-F-S016-0003,S016,3,C1a20,Dr. Roberto Guidión,si,C1a20-S16-0003.jpg,1doODlFhFf0rAo-8qhytYAiDVGewMiFME,,,,,,,,,,,,,,,,,,,,,,pendiente,,
EFDA-F-S016-0004,S016,4,C1a20,Dr. Roberto Guidión,si,C1a20-S16-0004.jpg,1I46E9iWN13iyMjInhg2YEELI0FZ-HAGB,C1a20-S16-0004r.jpg,1SSMoturj43aJ39cUVljuRqWYQ1Sq3wLm,,,,,,,,,,,,,,,,,,,,pendiente,,
EFDA-F-S016-0005,S016,5,C1a20,Dr. Roberto Guidión,si,C1a20-S16-0005.jpg,1t4LRQGuFf-4cZgRBcy8_7CUHlOdAgyN7,C1a20-S16-0005r.jpg,1J1isom7P4-SWi9E4jvS0kq1rmwu3gdMf,,,,,,,,,,,,,,,,,,,,pendiente,,
EFDA-F-S017-0001,S017,1,C1a20,Witold Malcuzynski,,C1a20-S17-0001.jpg,1_B3xoYaMR9b-dwA5TC3SRusArKX90lD-,,,,,,,,,,,,,,,,,,,,,,pendiente,,
EFDA-F-S017-0002,S017,2,C1a20,Witold Malcuzynski,,C1a20-S17-0002.jpg,1B6oQS0cjoD46JhmQuVRWLJXFyVxAAoLC,,,,,,,,,,,,,,,,,,,,,,pendiente,,
EFDA-F-S017-0003,S017,3,C1a20,Witold Malcuzynski,,C1a20-S17-0003.jpg,12FIW7T0XTfXhfQQuuVwZ2QUrv6O9RdRB,,,,,,,,,,,,,,,,,,,,,,pendiente,,
EFDA-F-S018-0001,S018,1,C1a20,Entregas de llaves,,C1a20-S18-0001.jpg,1ntai2Bs8KKKW7c1PSjhPQEz0nmVPkaav,,,,,,,,,,,,,,,,,,,,,,pendiente,,
EFDA-F-S018-0002,S018,2,C1a20,Entregas de llaves,,C1a20-S18-0002.jpg,1-KlRfCbTED43-nVdV4wLm47oq6Plnsr_,,,,,,,,,,,,,,,,,,,,,,pendiente,,
EFDA-F-S018-0003,S018,3,C1a20,Entregas de llaves,,C1a20-S18-0003.jpg,1BbpEI2GjotCr3J55Amm8xZX6_50R5I5z,,,,,,,,,,,,,,,,,,,,,,pendiente,,
EFDA-F-S018-0004,S018,4,C1a20,Entregas de llaves,,C1a20-S18-0004.jpg,1BOc6zV20Q9l4ADddUrSD4bEfEjCsYRlp,,,,,,,,,,,,,,,,,,,,,,pendiente,,
EFDA-F-S018-0005,S018,5,C1a20,Entregas de llaves,,C1a20-S18-0005.jpg,1vRle4sMXpxUUD6-zMbhwPAVerzC-KrjR,,,,,,,,,,,,,,,,,,,,,,pendiente,,
EFDA-F-S018-0006,S018,6,C1a20,Entregas de llaves,,C1a20-S18-0006.jpg,1IntkreaQqwobvysXggxZ-eCaqf9kT-fm,,,,,,,,,,,,,,,,,,,,,,pendiente,,
EFDA-F-S018-0007,S018,7,C1a20,Entregas de llaves,,C1a20-S18-0007.jpg,1jk_EO_6lzeeW9a9n5u_LxTFRZL-qmzSw,,,,,,,,,,,,,,,,,,,,,,pendiente,,
EFDA-F-S018-0008,S018,8,C1a20,Entregas de llaves,,C1a20-S18-0008.jpg,1y6f25DtC-ylDh7wI3l5u8Lo5dk1KXwGj,,,,,,,,,,,,,,,,,,,,,,pendiente,,
EFDA-F-S018-0009,S018,9,C1a20,Entregas de llaves,,C1a20-S18-0009.jpg,1LnVAtJM6DJxKLz-bfCzI0nmV22O_e6sO,,,,,,,,,,,,,,,,,,,,,,pendiente,,
EFDA-F-S018-0010,S018,10,C1a20,Entregas de llaves,,C1a20-S18-0010.jpg,1fpimvKdY1UCr4D-QhXTLjUqAhVGB6tCB,,,,,,,,,,,,,,,,,,,,,,pendiente,,
EFDA-F-S018-0011,S018,11,C1a20,Entregas de llaves,,C1a20-S18-0011.jpg,12nu7EnMji2WfYrV3uXw4bWcuj0e7lJ5M,,,,,,,,,,,,,,,,,,,,,,pendiente,,
EFDA-F-S018-0012,S018,12,C1a20,Entregas de llaves,,C1a20-S18-0012.jpg,1RJRPcrWuacbAxlXI83J8DWQ-_23MD_WN,,,,,,,,,,,,,,,,,,,,,,pendiente,,
EFDA-F-S018-0013,S018,13,C1a20,Entregas de llaves,,C1a20-S18-0013.jpg,1jmJEyb2NReOhZuPg5yY3sNMbvkHOy1ou,,,,,,,,,,,,,,,,,,,,,,pendiente,,
EFDA-F-S018-0014,S018,14,C1a20,Entregas de llaves,,C1a20-S18-0014.jpg,1zK7VvgPyA7-ayZMhdSEzc0859Ux7BFn4,,,,,,,,,,,,,,,,,,,,,,pendiente,,
EFDA-F-S018-0015,S018,15,C1a20,Entregas de llaves,,C1a20-S18-0015.jpg,1lKB5jlnHUSZRxGx9hp0rt4W_pkdLlHoQ,,,,,,,,,,,,,,,,,,,,,,pendiente,,
EFDA-F-S018-0016,S018,16,C1a20,Entregas de llaves,,C1a20-S18-0016.jpg,1uYd0saiu43b1f_2nkTB4xAKhfFXU05PF,,,,,,,,,,,,,,,,,,,,,,pendiente,,
EFDA-F-S018-0017,S018,17,C1a20,Entregas de llaves,,C1a20-S18-0017.jpg,19zNhRQMX6DvNvAH_DK5UF63txs63IQPe,,,,,,,,,,,,,,,,,,,,,,pendiente,,
EFDA-F-S018-0018,S018,18,C1a20,Entregas de llaves,,C1a20-S18-0018.jpg,1xgIC2U38rSygkLHoulfkLlMUl_5bi9ct,,,,,,,,,,,,,,,,,,,,,,pendiente,,
EFDA-F-S018-0019,S018,19,C1a20,Entregas de llaves,,C1a20-S18-0019.jpg,1_RgUHowxqs_poWmm8L5bviGGmAhbBRlO,,,,,,,,,,,,,,,,,,,,,,pendiente,,
EFDA-F-S018-0020,S018,20,C1a20,Entregas de llaves,,C1a20-S18-0020.jpg,1WtO0tyKHNvq1lVklUXJulbDDSWyYAfNK,,,,,,,,,,,,,,,,,,,,,,pendiente,,
EFDA-F-S018-0021,S018,21,C1a20,Entregas de llaves,,C1a20-S18-0021.jpg,1FGEzawh5-26mG-uningkkJyI1bU1j611,,,,,,,,,,,,,,,,,,,,,,pendiente,,
EFDA-F-S019-0001,S019,1,C1a20,Arturo Barea,,C1a20-S19-0001.jpg,1-oZIn_Qk4x8qqyg4QCburZ1atvX_KqKR,,,,,,,,,,,,,,,,,,,,,,pendiente,,
EFDA-F-S019-0002,S019,2,C1a20,Arturo Barea,,C1a20-S19-0002.jpg,1SrZ8Kq2Ewf_NdX3PkDxMh_o_zCicTvbr,,,,,,,,,,,,,,,,,,,,,,pendiente,,
EFDA-F-S019-0003,S019,3,C1a20,Arturo Barea,,C1a20-S19-0003.jpg,1u05JDLsnR3GgZLrfcG3IsRsB1OX3KpCn,,,,,,,,,,,,,,,,,,,,,,pendiente,,
EFDA-F-S019-0004,S019,4,C1a20,Arturo Barea,,C1a20-S19-0004.jpg,1cPeB2wBQer7m5daiLL6Pmd1pnDbnZ60-,,,,,,,,,,,,,,,,,,,,,,pendiente,,
EFDA-F-S019-0005,S019,5,C1a20,Arturo Barea,,C1a20-S19-0005.jpg,1em70zwmxpwBETA_V7gPt2yPLNiO-dxwj,,,,,,,,,,,,,,,,,,,,,,pendiente,,
EFDA-F-S019-0006,S019,6,C1a20,Arturo Barea,,C1a20-S19-0006.jpg,13TP4uJvbX6iNOksxhdrO3MH062uO2Mbl,,,,,,,,,,,,,,,,,,,,,,pendiente,,
EFDA-F-S019-0007,S019,7,C1a20,Arturo Barea,,C1a20-S19-0007.jpg,1Mif_LM4xhQENCryv7qIgIVhF8ndmRZLw,,,,,,,,,,,,,,,,,,,,,,pendiente,,
EFDA-F-S019-0008,S019,8,C1a20,Arturo Barea,,C1a20-S19-0008.jpg,1DoKfKjaiidh6cKpOIji2EgdRTUMpAcb5,,,,,,,,,,,,,,,,,,,,,,pendiente,,
EFDA-F-S019-0009,S019,9,C1a20,Arturo Barea,,C1a20-S19-0009.jpg,14KzMbED4UV4LHuiUclkqpatBjoJIkJRn,,,,,,,,,,,,,,,,,,,,,,pendiente,,
EFDA-F-S019-0010,S019,10,C1a20,Arturo Barea,,C1a20-S19-0010.jpg,1TlrI63f0L1vOxWvUep1XLKLlEWFLCpoc,,,,,,,,,,,,,,,,,,,,,,pendiente,,
EFDA-F-S019-0011,S019,11,C1a20,Arturo Barea,,C1a20-S19-0011.jpg,1GnShs3KEY-gCfyCKz4VaTfr7ajmb2Uyi,,,,,,,,,,,,,,,,,,,,,,pendiente,,
EFDA-F-S019-0012,S019,12,C1a20,Arturo Barea,,C1a20-S19-0012.jpg,18mgVEhV5u7uyLYRB_6vUjh6DOpSDxmHa,,,,,,,,,,,,,,,,,,,,,,pendiente,,
EFDA-F-S019-0013,S019,13,C1a20,Arturo Barea,,C1a20-S19-0013.jpg,1PPkpXTONyEFkLCg3jpY5wEArnQp0KufH,,,,,,,,,,,,,,,,,,,,,,pendiente,,
EFDA-F-S019-0014,S019,14,C1a20,Arturo Barea,,C1a20-S19-0014.jpg,1qQul7mno_8Q_aJLhPTijTeq51mahu5fo,,,,,,,,,,,,,,,,,,,,,,pendiente,,
EFDA-F-S019-0015,S019,15,C1a20,Arturo Barea,,C1a20-S19-0015.jpg,1LSGyqSk6M46EvtHfEugRwq7cEyjd_Wvk,,,,,,,,,,,,,,,,,,,,,,pendiente,,
EFDA-F-S019-0016,S019,16,C1a20,Arturo Barea,,C1a20-S19-0016.jpg,1cdiAs94ZEUQ7ZoS3pOraSJftkHSf5Zxq,,,,,,,,,,,,,,,,,,,,,,pendiente,,
EFDA-F-S019-0017,S019,17,C1a20,Arturo Barea,,C1a20-S19-0017.jpg,1Q3kmRUV0bbIBPcN-HcP659OLs0ALWd3t,,,,,,,,,,,,,,,,,,,,,,pendiente,,
EFDA-F-S019-0018,S019,18,C1a20,Arturo Barea,,C1a20-S19-0018.jpg,1Un1egD4HET6qXbyNYM1Xr-HSLl2G2Fjs,,,,,,,,,,,,,,,,,,,,,,pendiente,,
EFDA-F-S019-0019,S019,19,C1a20,Arturo Barea,,C1a20-S19-0019.jpg,1LqR-pj2fKa9uZ0Nd44qdA_sKX-WMIfZq,,,,,,,,,,,,,,,,,,,,,,pendiente,,
EFDA-F-S019-0020,S019,20,C1a20,Arturo Barea,,C1a20-S19-0020.jpg,1i4FVUtK0Pe04e--HlxN0nT86-XWpCK8e,,,,,,,,,,,,,,,,,,,,,,pendiente,,
EFDA-F-S019-0021,S019,21,C1a20,Arturo Barea,,C1a20-S19-0021.jpg,1hrw6olAnUZBpz4xEjFm2dl4LKBTIPkgO,,,,,,,,,,,,,,,,,,,,,,pendiente,,
EFDA-F-S019-0022,S019,22,C1a20,Arturo Barea,,C1a20-S19-0022.jpg,1_8NRS_83ur5lTfgfuviwlU6fo_E7j3Pv,,,,,,,,,,,,,,,,,,,,,,pendiente,,
EFDA-F-S019-0023,S019,23,C1a20,Arturo Barea,,C1a20-S19-0023.jpg,1eKYs35LkpFKkYWQo8Xci3DW9jfCD5aBl,,,,,,,,,,,,,,,,,,,,,,pendiente,,
EFDA-F-S019-0024,S019,24,C1a20,Arturo Barea,,C1a20-S19-0024.jpg,1S_el6tRC8RtO2T2-6HAIqZO_8A35AboA,,,,,,,,,,,,,,,,,,,,,,pendiente,,
EFDA-F-S019-0025,S019,25,C1a20,Arturo Barea,,C1a20-S19-0025.jpg,1UjAg04Abec9t3VYp1GxsurMfjalvdP66,,,,,,,,,,,,,,,,,,,,,,pendiente,,
EFDA-F-S019-0026,S019,26,C1a20,Arturo Barea,,C1a20-S19-0026.jpg,1_QUwvfnfcT5vn5ihsSY8SjXVvjWWrqGf,,,,,,,,,,,,,,,,,,,,,,pendiente,,
EFDA-F-S019-0027,S019,27,C1a20,Arturo Barea,,C1a20-S19-0027.jpg,11iQGzaHMtOoQsx9C050Aa838uwSCg22x,,,,,,,,,,,,,,,,,,,,,,pendiente,,
EFDA-F-S019-0028,S019,28,C1a20,Arturo Barea,,C1a20-S19-0028.jpg,1kpsoCrhzvtbuI0yXVhtBVMKZdwdJ-eWO,,,,,,,,,,,,,,,,,,,,,,pendiente,,
EFDA-F-S019-0029,S019,29,C1a20,Arturo Barea,,C1a20-S19-0029.jpg,1cuNGm0rrDisPhFIWBUEVf-QbQd-Xy7xy,,,,,,,,,,,,,,,,,,,,,,pendiente,,
EFDA-F-S019-0030,S019,30,C1a20,Arturo Barea,,C1a20-S19-0030.jpg,1nGfH4EFbNRoyYwzsT9dPEdbnsCJB0Hc0,,,,,,,,,,,,,,,,,,,,,,pendiente,,
EFDA-F-S019-0031,S019,31,C1a20,Arturo Barea,,C1a20-S19-0031.jpg,1MjPdwLCIGKHJm86gfLoyHDJhNS17HaD-,,,,,,,,,,,,,,,,,,,,,,pendiente,,
EFDA-F-S019-0032,S019,32,C1a20,Arturo Barea,,C1a20-S19-0032.jpg,1bFA8dAZMRIm6LV2NmV8k4ueLcM6E97gW,,,,,,,,,,,,,,,,,,,,,,pendiente,,
EFDA-F-S019-0033,S019,33,C1a20,Arturo Barea,,C1a20-S19-0033.jpg,1W9up2Ho6at_IzIJjD2F0HZeL-6HxZNQW,,,,,,,,,,,,,,,,,,,,,,pendiente,,
EFDA-F-S019-0034,S019,34,C1a20,Arturo Barea,,C1a20-S19-0034.jpg,1ImC_xjvehQ1jeeyvwTBQbBJ1pL424IwJ,,,,,,,,,,,,,,,,,,,,,,pendiente,,
EFDA-F-S019-0035,S019,35,C1a20,Arturo Barea,,C1a20-S19-0035.jpg,1bOU2NdqhFRoZXIN7FJkmnDTXlrzWQijT,,,,,,,,,,,,,,,,,,,,,,pendiente,,
EFDA-F-S019-0036,S019,36,C1a20,Arturo Barea,,C1a20-S19-0036.jpg,180XYqY53InuvtVVbb-aMRDp35HkscaE3,,,,,,,,,,,,,,,,,,,,,,pendiente,,
EFDA-F-S019-0037,S019,37,C1a20,Arturo Barea,,C1a20-S19-0037.jpg,1m5t9UAKNrv53AAsXOM3z4vvlHY-Dir9R,,,,,,,,,,,,,,,,,,,,,,pendiente,,
EFDA-F-S019-0038,S019,38,C1a20,Arturo Barea,,C1a20-S19-0038.jpg,1a36TreTWPTM0JVtcXUXn0Kdusgt-vrff,,,,,,,,,,,,,,,,,,,,,,pendiente,,
EFDA-F-S019-0039,S019,39,C1a20,Arturo Barea,,C1a20-S19-0039.jpg,1BdrEfSbcCnpkp1b4GEubMqEhbncApUND,,,,,,,,,,,,,,,,,,,,,,pendiente,,
EFDA-F-S019-0040,S019,40,C1a20,Arturo Barea,,C1a20-S19-0040.jpg,1TEx8RwuOYYgP2M-DcyyFZWw31OHEQr5W,,,,,,,,,,,,,,,,,,,,,,pendiente,,
EFDA-F-S019-0041,S019,41,C1a20,Arturo Barea,,C1a20-S19-0041.jpg,1-kcbl6p45U-EUbN9Jjn6FVpRcXzCvhHo,,,,,,,,,,,,,,,,,,,,,,pendiente,,
EFDA-F-S019-0042,S019,42,C1a20,Arturo Barea,,C1a20-S19-0042.jpg,1d2zUSGgub4ZZKWRGAD6rilib26m8caKk,,,,,,,,,,,,,,,,,,,,,,pendiente,,
EFDA-F-S019-0043,S019,43,C1a20,Arturo Barea,,C1a20-S19-0043.jpg,1duynWqzNPmF2tb4sH2MfqzbdguK_7S6Q,,,,,,,,,,,,,,,,,,,,,,pendiente,,
EFDA-F-S019-0044,S019,44,C1a20,Arturo Barea,,C1a20-S19-0044.jpg,1bs30pPdUQVoNO9BCYSVWr1ezyPEfAGfL,,,,,,,,,,,,,,,,,,,,,,pendiente,,
EFDA-F-S019-0045,S019,45,C1a20,Arturo Barea,,C1a20-S19-0045.jpg,1NHl4ZhcSJjElkeCsq3idKjKHS23kX5L5,,,,,,,,,,,,,,,,,,,,,,pendiente,,
EFDA-F-S019-0046,S019,46,C1a20,Arturo Barea,,C1a20-S19-0046.jpg,11yNsbc2YRE3WF3u1PxUICTyL5oC4BPRv,,,,,,,,,,,,,,,,,,,,,,pendiente,,
EFDA-F-S019-0047,S019,47,C1a20,Arturo Barea,,C1a20-S19-0047.jpg,1dbcHZ30sW3Cse0TUvvme3Ta3zt6oTh93,,,,,,,,,,,,,,,,,,,,,,pendiente,,
EFDA-F-S019-0048,S019,48,C1a20,Arturo Barea,,C1a20-S19-0048.jpg,11pTli2RDD1XyEkIAhdSfjLvZDovOR7Nq,,,,,,,,,,,,,,,,,,,,,,pendiente,,
EFDA-F-S019-0049,S019,49,C1a20,Arturo Barea,,C1a20-S19-0049.jpg,1OuuEwhlmA-zZVIjS_yejAiKxaaIMwh12,,,,,,,,,,,,,,,,,,,,,,pendiente,,
EFDA-F-S019-0050,S019,50,C1a20,Arturo Barea,,C1a20-S19-0050.jpg,1v4WIFXJ3oXYJoGqDMvpDhdldp4ms-8UR,,,,,,,,,,,,,,,,,,,,,,pendiente,,
EFDA-F-S019-0051,S019,51,C1a20,Arturo Barea,,C1a20-S19-0051.jpg,1hZMeoLQRpb7NE-jSbmzktSPRZQrttOVg,,,,,,,,,,,,,,,,,,,,,,pendiente,,
EFDA-F-S019-0052,S019,52,C1a20,Arturo Barea,,C1a20-S19-0052.jpg,1_QWqWfThhjsxfmyi9KUyZcKjKdPMWlDN,,,,,,,,,,,,,,,,,,,,,,pendiente,,
EFDA-F-S019-0053,S019,53,C1a20,Arturo Barea,,C1a20-S19-0053.jpg,1ZhSdi-PcnkPNpoU3gPo0WRVNFbbyQndV,,,,,,,,,,,,,,,,,,,,,,pendiente,,
EFDA-F-S019-0054,S019,54,C1a20,Arturo Barea,,C1a20-S19-0054.jpg,1LXOCrZ9F7vcNHT2lBBekxOjyNtrL_m_d,,,,,,,,,,,,,,,,,,,,,,pendiente,,
EFDA-F-S019-0055,S019,55,C1a20,Arturo Barea,,C1a20-S19-0055.jpg,1P9fR2SmVAUJV1PSLy_5AC5d9mnBnPPci,,,,,,,,,,,,,,,,,,,,,,pendiente,,
EFDA-F-S019-0056,S019,56,C1a20,Arturo Barea,,C1a20-S19-0056.jpg,1P666qknDMbhS_RW_aUYv5TPu-6IgdKd-,,,,,,,,,,,,,,,,,,,,,,pendiente,,
EFDA-F-S019-0057,S019,57,C1a20,Arturo Barea,,C1a20-S19-0057.jpg,1EL_O9TT-6mOyC1FZqy9hUUF0TGnpYpl0,,,,,,,,,,,,,,,,,,,,,,pendiente,,
EFDA-F-S019-0058,S019,58,C1a20,Arturo Barea,,C1a20-S19-0058.jpg,1PG2YMV799cUaFx_nO3tf74ZGlkKy1Brl,,,,,,,,,,,,,,,,,,,,,,pendiente,,
EFDA-F-S019-0059,S019,59,C1a20,Arturo Barea,,C1a20-S19-0059.jpg,1Qo-P9PEMbEKyu968gZvcaS9DYleFQJI8,C1a20-S19-0059r.jpg,1j2ks5KdvbPmEveGn46wjfpx1hB2UB1zD,,,,,,,,,,,,,,,,,,,,pendiente,,
EFDA-F-S019-0060,S019,60,C1a20,Arturo Barea,,C1a20-S19-0060.jpg,1QGKZ3GkuKI-NJn2Z2x3MPH50b3T8kdQD,C1a20-S19-0060r.jpg,1-mQ888lFZKqIfj3pMwdl71hybTj_Un3l,,,,,,,,,,,,,,,,,,,,pendiente,,
EFDA-F-S020-0001,S020,1,C1a20,Dr. Alberto Torres,,C1a20-S20-0001.jpg,1n7yDiFNpLzoOCT_AId-KfzILUxCszC_x,,,,,,,,,,,,,,,,,,,,,,pendiente,,
EFDA-F-S020-0002,S020,2,C1a20,Dr. Alberto Torres,,C1a20-S20-0002.jpg,14mYA9Cr2ChiavkqB9aiY57ipz5TWBSc6,,,,,,,,,,,,,,,,,,,,,,pendiente,,
EFDA-F-S020-0003,S020,3,C1a20,Dr. Alberto Torres,,C1a20-S20-0003.jpg,1sVtRc_2XnVR15rMVUv6nIekKzWWdwih5,,,,,,,,,,,,,,,,,,,,,,pendiente,,
EFDA-F-S020-0004,S020,4,C1a20,Dr. Alberto Torres,,C1a20-S20-0004.jpg,1DQeqLvWe_Rlsu-QtyOqWfX0L4W-Dy_8V,,,,,,,,,,,,,,,,,,,,,,pendiente,,
EFDA-F-S020-0005,S020,5,C1a20,Dr. Alberto Torres,,C1a20-S20-0005.jpg,1f_1ZsulRmNR7-DDCCdYz9DSUqsp3z7Co,,,,,,,,,,,,,,,,,,,,,,pendiente,,
EFDA-F-S020-0006,S020,6,C1a20,Dr. Alberto Torres,,C1a20-S20-0006.jpg,1t_1gHYIRe6VspiflSmE7oBPgMcWRXoNU,,,,,,,,,,,,,,,,,,,,,,pendiente,,
EFDA-F-S020-0007,S020,7,C1a20,Dr. Alberto Torres,,C1a20-S20-0007.jpg,1pZxcS-PT8DsI5RyOFKChPVWwoITp0t-e,,,,,,,,,,,,,,,,,,,,,,pendiente,,
EFDA-F-S020-0008,S020,8,C1a20,Dr. Alberto Torres,,C1a20-S20-0008.jpg,1bogoyR5L4u1nY_FLwTGS6wn6SoraYN45,C1a20-S20-0008r.jpg,1G09cOepyaM8kBeELeE27yzb5jd0ek6PA,,,,,,,,,,,,,,,,,,,,pendiente,,
EFDA-F-S021-0001,S021,1,C21a40,Juan L. Ortiz,,C21a40-S21-0001.jpg,1i1I4sjFbebq60eggVTNx-ClIv9ff920c,,,,,,,,,,,,,,,,,,,,,,pendiente,,
EFDA-F-S021-0002,S021,2,C21a40,Juan L. Ortiz,,C21a40-S21-0002.jpg,1i2CLux68MjppP6KQh0s5olF3dIxaRA4P,,,,,,,,,,,,,,,,,,,,,,pendiente,,
EFDA-F-S021-0003,S021,3,C21a40,Juan L. Ortiz,,C21a40-S21-0003.jpg,1wdld8iA0rPSK-99gPKjgYBKsdpeeA8m7,,,,,,,,,,,,,,,,,,,,,,pendiente,,
EFDA-F-S021-0004,S021,4,C21a40,Juan L. Ortiz,,C21a40-S21-0004.jpg,1ZOKqit3SqH_bjsTpT7BpkMHTTbb73X7F,C21a40-S21-0004r.jpg,14Y6xvb7YI7WsPSoS6Bfh38eH35UqoYMr,,,,,,,,,,,,,,,,,,,,pendiente,,
EFDA-F-S022-0001,S022,1,C21a40,Luis Ángel Firpo,,C21a40-S22-0001.jpg,1f4kRd3mlVNGaqXXape7nv00R7LOAbxO1,,,,,,,,,,,,,,,,,,,,,,pendiente,,
EFDA-F-S022-0002,S022,2,C21a40,Luis Ángel Firpo,,C21a40-S22-0002.jpg,1qQRg8UJVWzMCkYGDKjSjJbZFm2hbj8lN,,,,,,,,,,,,,,,,,,,,,,pendiente,,
EFDA-F-S022-0003,S022,3,C21a40,Luis Ángel Firpo,,C21a40-S22-0003.jpg,1JEGE0j17UIU2zLMjOY1e09ZGGG-wf27f,,,,,,,,,,,,,,,,,,,,,,pendiente,,
EFDA-F-S022-0004,S022,4,C21a40,Luis Ángel Firpo,,C21a40-S22-0004.jpg,1L_wwcitUItwnOirNa_RQKrFXwfguODtu,,,,,,,,,,,,,,,,,,,,,,pendiente,,
EFDA-F-S022-0005,S022,5,C21a40,Luis Ángel Firpo,,C21a40-S22-0005.jpg,1iJ5oOl9qdjwOTqkm5ClymItGgYxcmAzj,C21a40-S22-0005r.jpg,1mwo6JTc8by4dNNZZsYKpMDMH7AiCWlGe,,,,,,,,,,,,,,,,,,,,pendiente,,
EFDA-F-S023-0001,S023,1,C21a40,Haydée Helguera,,C21a40-S23-0001.jpg,1D73HnWH4YrArsOXC4rzXX07UN3V8Qxy8,,,,,,,,,,,,,,,,,,,,,,pendiente,,
EFDA-F-S023-0002,S023,2,C21a40,Haydée Helguera,,C21a40-S23-0002.jpg,1TTbRbNckuOOphqK00iAGbYvJKnKb8-nN,C21a40-S23-0002r.jpg,1305_L00vcj4OXr2R1p-v6wR-VqpJqSz0,,,,,,,,,,,,,,,,,,,,pendiente,,
EFDA-F-S024-0001,S024,1,C21a40,"Teatro: ""El café de Pomona""",si,C21a40-S24-0001.jpg,15cKxlKpQWYDarXnSaSztl7qZ-HsdDEjp,,,,,,,,,,,,,,,,,,,,,,pendiente,,
EFDA-F-S024-0002,S024,2,C21a40,"Teatro: ""El café de Pomona""",si,C21a40-S24-0002.jpg,1Q1ZbRbJmUfyL7cFUVOpL9CzpYghnA0Wt,,,,,,,,,,,,,,,,,,,,,,pendiente,,
EFDA-F-S024-0003,S024,3,C21a40,"Teatro: ""El café de Pomona""",si,C21a40-S24-0003.jpg,1LgyaCHmY6OJCFEitr9NwsWRmLh3pjctr,,,,,,,,,,,,,,,,,,,,,,pendiente,,
EFDA-F-S024-0004,S024,4,C21a40,"Teatro: ""El café de Pomona""",si,C21a40-S24-0004.jpg,1MCeG8bNkXsv9m8QV9j2TNdeYqt_fVtNQ,,,,,,,,,,,,,,,,,,,,,,pendiente,,
EFDA-F-S024-0005,S024,5,C21a40,"Teatro: ""El café de Pomona""",si,C21a40-S24-0005.jpg,1zjBEldq67IRSAOdEy0EYn00DDqIs6si8,,,,,,,,,,,,,,,,,,,,,,pendiente,,
EFDA-F-S024-0006,S024,6,C21a40,"Teatro: ""El café de Pomona""",si,C21a40-S24-0006.jpg,1Eb4Or4Nk0565AHgS3v6lklLyDiRItlKn,,,,,,,,,,,,,,,,,,,,,,pendiente,,
EFDA-F-S024-0007,S024,7,C21a40,"Teatro: ""El café de Pomona""",si,C21a40-S24-0007.jpg,1mMmlzqL0vTd_troQWlv8tP3emwRU8U5b,,,,,,,,,,,,,,,,,,,,,,pendiente,,
EFDA-F-S024-0008,S024,8,C21a40,"Teatro: ""El café de Pomona""",si,C21a40-S24-0008.jpg,1nt-XJ4_gWCcVIRNFmC7dZhb_klkc09II,,,,,,,,,,,,,,,,,,,,,,pendiente,,
EFDA-F-S024-0009,S024,9,C21a40,"Teatro: ""El café de Pomona""",si,C21a40-S24-0009.jpg,1RC6Qcmz3ihE3F5EPP6LmTGWqgCbIJqLl,,,,,,,,,,,,,,,,,,,,,,pendiente,,
EFDA-F-S024-0010,S024,10,C21a40,"Teatro: ""El café de Pomona""",si,C21a40-S24-0010.jpg,13L_UYL7PcUXbivTp9vevMcC385s-GPmL,,,,,,,,,,,,,,,,,,,,,,pendiente,,
EFDA-F-S024-0011,S024,11,C21a40,"Teatro: ""El café de Pomona""",si,C21a40-S24-0011.jpg,1AdrNSz5y-8kxb-Y2_6xG2UjGLOzTR34l,,,,,,,,,,,,,,,,,,,,,,pendiente,,
EFDA-F-S024-0012,S024,12,C21a40,"Teatro: ""El café de Pomona""",si,C21a40-S24-0012.jpg,1OySGI4cSIlu4PZGtKXRpkLSVLzQnc973,,,,,,,,,,,,,,,,,,,,,,pendiente,,
EFDA-F-S024-0013,S024,13,C21a40,"Teatro: ""El café de Pomona""",si,C21a40-S24-0013.jpg,1V02jfW1Jf6TKNLKFRxWWVC2a3xcrnXBP,,,,,,,,,,,,,,,,,,,,,,pendiente,,
EFDA-F-S024-0014,S024,14,C21a40,"Teatro: ""El café de Pomona""",si,C21a40-S24-0014.jpg,1K_g8x5PzqQovJRqFsp_rYE7-fst29jeR,,,,,,,,,,,,,,,,,,,,,,pendiente,,
EFDA-F-S024-0015,S024,15,C21a40,"Teatro: ""El café de Pomona""",si,C21a40-S24-0015.jpg,1w7iqmac90OxyfX5OupuUw8ziVqLCxS0m,,,,,,,,,,,,,,,,,,,,,,pendiente,,
EFDA-F-S024-0016,S024,16,C21a40,"Teatro: ""El café de Pomona""",si,C21a40-S24-0016.jpg,1_p7PhIJBU6jQrA39iwDDSlnGXTRGyQk0,,,,,,,,,,,,,,,,,,,,,,pendiente,,
EFDA-F-S024-0017,S024,17,C21a40,"Teatro: ""El café de Pomona""",si,C21a40-S24-0017.jpg,14aAvYe0sP0l6d0FyE2qn5gfou9D6EpUN,,,,,,,,,,,,,,,,,,,,,,pendiente,,
EFDA-F-S024-0018,S024,18,C21a40,"Teatro: ""El café de Pomona""",si,C21a40-S24-0018.jpg,1PgVj7GF0jgy0ycCCWXT1QS4QdfQDztLr,,,,,,,,,,,,,,,,,,,,,,pendiente,,
EFDA-F-S024-0019,S024,19,C21a40,"Teatro: ""El café de Pomona""",si,C21a40-S24-0019.jpg,15FsI0JA1vD_YYSefjTrIn34n64PyLYUc,,,,,,,,,,,,,,,,,,,,,,pendiente,,
EFDA-F-S024-0020,S024,20,C21a40,"Teatro: ""El café de Pomona""",si,C21a40-S24-0020.jpg,1HBEwc_yC3wsQooVxFSKtCGjiIfiNAkF1,,,,,,,,,,,,,,,,,,,,,,pendiente,,
EFDA-F-S024-0021,S024,21,C21a40,"Teatro: ""El café de Pomona""",si,C21a40-S24-0021.jpg,1ncJeLY052r2sdwQWFckhnIKFpIPegK6Q,,,,,,,,,,,,,,,,,,,,,,pendiente,,
EFDA-F-S024-0022,S024,22,C21a40,"Teatro: ""El café de Pomona""",si,C21a40-S24-0022.jpg,161METCmEAC-8EwhJUofnvXgwmBoG8CiQ,,,,,,,,,,,,,,,,,,,,,,pendiente,,
EFDA-F-S024-0023,S024,23,C21a40,"Teatro: ""El café de Pomona""",si,C21a40-S24-0023.jpg,1WfC5s_M7AmVvl_vvkRdpzuCsD6J6TvuW,,,,,,,,,,,,,,,,,,,,,,pendiente,,
EFDA-F-S024-0024,S024,24,C21a40,"Teatro: ""El café de Pomona""",si,C21a40-S24-0024.jpg,1wYVhoArp500EDPV0pH-lklXZmPiUubvC,,,,,,,,,,,,,,,,,,,,,,pendiente,,
EFDA-F-S024-0025,S024,25,C21a40,"Teatro: ""El café de Pomona""",si,C21a40-S24-0025.jpg,1osGOx8J7Le8cFGko0G5Fqz2DTH6wjiQw,,,,,,,,,,,,,,,,,,,,,,pendiente,,
EFDA-F-S024-0026,S024,26,C21a40,"Teatro: ""El café de Pomona""",si,C21a40-S24-0026.jpg,18EQVT_TnIYgCy083kJAcjOVqTcvGeC_W,,,,,,,,,,,,,,,,,,,,,,pendiente,,
EFDA-F-S024-0027,S024,27,C21a40,"Teatro: ""El café de Pomona""",si,C21a40-S24-0027.jpg,1-JmB_Gk82hewVtTCEawfLH9YjnwVbZdw,C21a40-S24-0027r.jpg,1wUMC01Wyzplvu1H47tBK7_gBf-CE7OQS,,,,,,,,,,,,,,,,,,,,pendiente,,
EFDA-F-S024-0028,S024,28,C21a40,"Teatro: ""El café de Pomona""",si,C21a40-S24-0028.jpg,1ncVySyobtWwi5x1sXZRfgYLOTHGbWGMo,C21a40-S24-0028r.jpg,1qXb6V_Em2ZljXo_qbA1hJh-R0XxUbYTs,,,,,,,,,,,,,,,,,,,,pendiente,,
EFDA-F-S025-0001,S025,1,C21a40,"Teatro: ""El jugador""",,C21a40-S25-0001.jpg,1FnvoK7RPruuYYXMq-xXQEh4Xj-vDAxRL,,,,,,,,,,,,,,,,,,,,,,pendiente,,
EFDA-F-S025-0002,S025,2,C21a40,"Teatro: ""El jugador""",,C21a40-S25-0002.jpg,1wB_jBbnkLuO6i7qVTKJYJIOG_dWJwoGg,,,,,,,,,,,,,,,,,,,,,,pendiente,,
EFDA-F-S025-0003,S025,3,C21a40,"Teatro: ""El jugador""",,C21a40-S25-0003.jpg,1pvfNrRC--Tuu4sAUuvfiOj89YwNmMOy4,,,,,,,,,,,,,,,,,,,,,,pendiente,,
EFDA-F-S025-0004,S025,4,C21a40,"Teatro: ""El jugador""",,C21a40-S25-0004.jpg,1OVe3GBQLbA0nJ7TN0Lw3SNTDC_G2HxkP,,,,,,,,,,,,,,,,,,,,,,pendiente,,
EFDA-F-S025-0005,S025,5,C21a40,"Teatro: ""El jugador""",,C21a40-S25-0005.jpg,1ATbF5L56eWXHlvumQq2tDkinXTXxfLhw,,,,,,,,,,,,,,,,,,,,,,pendiente,,
EFDA-F-S025-0006,S025,6,C21a40,"Teatro: ""El jugador""",,C21a40-S25-0006.jpg,17CAj9zl2To2CFc1mvIZyJALgrQfIOn7-,C21a40-S25-0006r.jpg,1nG6nD_iDrvSaim8NciBNq2RbBGx8Gpa7,,,,,,,,,,,,,,,,,,,,pendiente,,
EFDA-F-S025-0007,S025,7,C21a40,"Teatro: ""El jugador""",,C21a40-S25-0007.jpg,10Il4N-qvXMtCT4IplvCTijvSWxQxCzh8,C21a40-S25-0007r.jpg,1Hn-qiQG-NhuQ4dlH1E166EbtKxBmE0AP,,,,,,,,,,,,,,,,,,,,pendiente,,
EFDA-F-S026-0001,S026,1,C21a40,Cumpleaños de Aldo,,C21a40-S26-0001.jpg,1z3Tk1NSWPEFWr4RGkLqbJ9ENJQEx9c9i,,,,,,,,,,,,,,,,,,,,,,pendiente,,
EFDA-F-S026-0002,S026,2,C21a40,Cumpleaños de Aldo,,C21a40-S26-0002.jpg,1tcpPpCxq4Ba89ZNjAURENfLIp5riG6JE,,,,,,,,,,,,,,,,,,,,,,pendiente,,
EFDA-F-S026-0003,S026,3,C21a40,Cumpleaños de Aldo,,C21a40-S26-0003.jpg,170Wj2feeA8zanstJlhIoqfuxaXfyhJMz,,,,,,,,,,,,,,,,,,,,,,pendiente,,
EFDA-F-S026-0004,S026,4,C21a40,Cumpleaños de Aldo,,C21a40-S26-0004.jpg,10UvbdAHvXW81X6cHs8U9dYKOJvNTxqLu,,,,,,,,,,,,,,,,,,,,,,pendiente,,
EFDA-F-S026-0005,S026,5,C21a40,Cumpleaños de Aldo,,C21a40-S26-0005.jpg,1tdHmFqt58NQXiCEXloa6kjEKdhH7ReYv,,,,,,,,,,,,,,,,,,,,,,pendiente,,
EFDA-F-S026-0006,S026,6,C21a40,Cumpleaños de Aldo,,C21a40-S26-0006.jpg,1Kd2Me_7y7N53aBOS-g_B90nPiya8Yg-m,,,,,,,,,,,,,,,,,,,,,,pendiente,,
EFDA-F-S026-0007,S026,7,C21a40,Cumpleaños de Aldo,,C21a40-S26-0007.jpg,11I13hf4UuiAmeYJyjvrihaLf86ZLSYK9,,,,,,,,,,,,,,,,,,,,,,pendiente,,
EFDA-F-S026-0008,S026,8,C21a40,Cumpleaños de Aldo,,C21a40-S26-0008.jpg,1Hyoh-cf9WbqHWGWtN3IRpLwav3LzIrQX,,,,,,,,,,,,,,,,,,,,,,pendiente,,
EFDA-F-S026-0009,S026,9,C21a40,Cumpleaños de Aldo,,C21a40-S26-0009.jpg,1vFhpHjnAWTVZr5YlMq5CKyNiXDM9h6cG,,,,,,,,,,,,,,,,,,,,,,pendiente,,
EFDA-F-S026-0010,S026,10,C21a40,Cumpleaños de Aldo,,C21a40-S26-0010.jpg,1269binzy6UqKRIPv8g0yugIPKSRT0QWT,,,,,,,,,,,,,,,,,,,,,,pendiente,,
EFDA-F-S026-0011,S026,11,C21a40,Cumpleaños de Aldo,,C21a40-S26-0011.jpg,1SZZ1B-4waV29krcV4d-LzCK8B1DRsYoU,,,,,,,,,,,,,,,,,,,,,,pendiente,,
EFDA-F-S026-0012,S026,12,C21a40,Cumpleaños de Aldo,,C21a40-S26-0012.jpg,1ogO10I7VCEjrOFR24C49wPaa3ojnVMBE,,,,,,,,,,,,,,,,,,,,,,pendiente,,
EFDA-F-S026-0013,S026,13,C21a40,Cumpleaños de Aldo,,C21a40-S26-0013.jpg,1NGkxKDY0qHXBC5rGsHrU61CPJA42AxuU,,,,,,,,,,,,,,,,,,,,,,pendiente,,
EFDA-F-S026-0014,S026,14,C21a40,Cumpleaños de Aldo,,C21a40-S26-0014.jpg,1xdu9VLoZrjeXRpHjoOa2l-fnDh2IVgpg,,,,,,,,,,,,,,,,,,,,,,pendiente,,
EFDA-F-S026-0015,S026,15,C21a40,Cumpleaños de Aldo,,C21a40-S26-0015.jpg,1CPPsMUHZus0bk17lkUl3nd17l2um9Pw1,,,,,,,,,,,,,,,,,,,,,,pendiente,,
EFDA-F-S026-0016,S026,16,C21a40,Cumpleaños de Aldo,,C21a40-S26-0016.jpg,11P1PZn-pxDvhRR6Gw1HOA5C61AJj3i3p,,,,,,,,,,,,,,,,,,,,,,pendiente,,
EFDA-F-S026-0017,S026,17,C21a40,Cumpleaños de Aldo,,C21a40-S26-0017.jpg,1kE3FONgSs6GkRBIGHzJ8u7cRIIL1p09H,,,,,,,,,,,,,,,,,,,,,,pendiente,,
EFDA-F-S026-0018,S026,18,C21a40,Cumpleaños de Aldo,,C21a40-S26-0018.jpg,1c3Y6wfkWjhDZNSU2Mb8G2IQJKij-I1wb,,,,,,,,,,,,,,,,,,,,,,pendiente,,
EFDA-F-S026-0019,S026,19,C21a40,Cumpleaños de Aldo,,C21a40-S26-0019.jpg,1DtUnAzQXXTSD7yIFXTmAlMK8wIBBma7Z,,,,,,,,,,,,,,,,,,,,,,pendiente,,
EFDA-F-S026-0020,S026,20,C21a40,Cumpleaños de Aldo,,C21a40-S26-0020.jpg,10LVK89xh824T3ZkNEkU3nFWsxRojVrtO,,,,,,,,,,,,,,,,,,,,,,pendiente,,
EFDA-F-S026-0021,S026,21,C21a40,Cumpleaños de Aldo,,C21a40-S26-0021.jpg,1m0nOyt-7tKhQDm17ZsV42W23iPxSyaP6,,,,,,,,,,,,,,,,,,,,,,pendiente,,
EFDA-F-S026-0022,S026,22,C21a40,Cumpleaños de Aldo,,C21a40-S26-0022.jpg,1F13d8ZwdD4Bw3H8cO4Ml8qhBztuhkbqI,,,,,,,,,,,,,,,,,,,,,,pendiente,,
EFDA-F-S026-0023,S026,23,C21a40,Cumpleaños de Aldo,,C21a40-S26-0023.jpg,1frUCpiqpT5brFct7dY-ME9OKp3OCZrId,,,,,,,,,,,,,,,,,,,,,,pendiente,,
EFDA-F-S026-0024,S026,24,C21a40,Cumpleaños de Aldo,,C21a40-S26-0024.jpg,14kvD3bTiyoz5acQDYpp9fDCyjiyLP6WC,,,,,,,,,,,,,,,,,,,,,,pendiente,,
EFDA-F-S026-0025,S026,25,C21a40,Cumpleaños de Aldo,,C21a40-S26-0025.jpg,1Mo6ssC1RkL4YGTGKuf1OcjGuF7uj6myI,,,,,,,,,,,,,,,,,,,,,,pendiente,,
EFDA-F-S026-0026,S026,26,C21a40,Cumpleaños de Aldo,,C21a40-S26-0026.jpg,1IdG784vs2KHO8IyinAyBIDwjeAzifnap,,,,,,,,,,,,,,,,,,,,,,pendiente,,
EFDA-F-S026-0027,S026,27,C21a40,Cumpleaños de Aldo,,C21a40-S26-0027.jpg,1NS1UWEjlqXlPnms3UksyKdQBo9nzugWp,,,,,,,,,,,,,,,,,,,,,,pendiente,,
EFDA-F-S026-0028,S026,28,C21a40,Cumpleaños de Aldo,,C21a40-S26-0028.jpg,1JEK12BtATfHZ2W1dYKj6cVzKo-rT1XqT,,,,,,,,,,,,,,,,,,,,,,pendiente,,
EFDA-F-S026-0029,S026,29,C21a40,Cumpleaños de Aldo,,C21a40-S26-0029.jpg,1sYw_iw697ScX88No6y23dJymEXy08YKi,,,,,,,,,,,,,,,,,,,,,,pendiente,,
EFDA-F-S026-0030,S026,30,C21a40,Cumpleaños de Aldo,,C21a40-S26-0030.jpg,1CHfqdXuXNpoo8OTXZ_zU-NCJRtaKuUdx,,,,,,,,,,,,,,,,,,,,,,pendiente,,
EFDA-F-S026-0031,S026,31,C21a40,Cumpleaños de Aldo,,C21a40-S26-0031.jpg,1Uvs9pIRJ0f1n8TvgLiE-J20WYKaQ5k6R,,,,,,,,,,,,,,,,,,,,,,pendiente,,
EFDA-F-S026-0032,S026,32,C21a40,Cumpleaños de Aldo,,C21a40-S26-0032.jpg,17_xd04ZQgZuDyoMvCt-28vkQOQpi6e_i,,,,,,,,,,,,,,,,,,,,,,pendiente,,
EFDA-F-S026-0033,S026,33,C21a40,Cumpleaños de Aldo,,C21a40-S26-0033.jpg,1HTStY8pEBQJMxD1IfyOekXkrnJQAEIBo,,,,,,,,,,,,,,,,,,,,,,pendiente,,
EFDA-F-S026-0034,S026,34,C21a40,Cumpleaños de Aldo,,C21a40-S26-0034.jpg,14QfGLa49zMiys5EWM4JyNczr8727sxHw,,,,,,,,,,,,,,,,,,,,,,pendiente,,
EFDA-F-S026-0035,S026,35,C21a40,Cumpleaños de Aldo,,C21a40-S26-0035.jpg,1gOflhLzvxsuUEser0o0n7a3umXW12gu4,,,,,,,,,,,,,,,,,,,,,,pendiente,,
EFDA-F-S026-0036,S026,36,C21a40,Cumpleaños de Aldo,,C21a40-S26-0036.jpg,1oD3RNm7kMV3aOKt5x2NSc8DVNL6DH_G1,,,,,,,,,,,,,,,,,,,,,,pendiente,,
EFDA-F-S026-0037,S026,37,C21a40,Cumpleaños de Aldo,,C21a40-S26-0037.jpg,1gMM5s5csE-_eVB3LjXK9PSRz10HDkOiE,,,,,,,,,,,,,,,,,,,,,,pendiente,,
EFDA-F-S026-0038,S026,38,C21a40,Cumpleaños de Aldo,,C21a40-S26-0038.jpg,1MrW0LuBzi_OBhfWRZoy9JXtnkO4EBN7z,,,,,,,,,,,,,,,,,,,,,,pendiente,,
EFDA-F-S026-0039,S026,39,C21a40,Cumpleaños de Aldo,,C21a40-S26-0039.jpg,1hYYeTuw-KMAQ4RxwStjntCNoLk6gTt1u,,,,,,,,,,,,,,,,,,,,,,pendiente,,
EFDA-F-S026-0040,S026,40,C21a40,Cumpleaños de Aldo,,C21a40-S26-0040.jpg,1l0cSaTBPy2GyY41_yHVXEzc-oRC0jiBS,,,,,,,,,,,,,,,,,,,,,,pendiente,,
EFDA-F-S026-0041,S026,41,C21a40,Cumpleaños de Aldo,,C21a40-S26-0041.jpg,1T6s1Y1merF3iTjFzxS2wwMY6d3IVVy43,,,,,,,,,,,,,,,,,,,,,,pendiente,,
EFDA-F-S026-0042,S026,42,C21a40,Cumpleaños de Aldo,,C21a40-S26-0042.jpg,1OiDsdNnMiAhSrAcjM2o1K_bJoZgZ3A25,,,,,,,,,,,,,,,,,,,,,,pendiente,,
EFDA-F-S026-0043,S026,43,C21a40,Cumpleaños de Aldo,,C21a40-S26-0043.jpg,1oNFbI1kP_m2awHXHhlHpeMXyPrX7ESKE,,,,,,,,,,,,,,,,,,,,,,pendiente,,
EFDA-F-S026-0044,S026,44,C21a40,Cumpleaños de Aldo,,C21a40-S26-0044.jpg,1NRsm880WEl1L89QYAk78rT7FVw-onKWC,,,,,,,,,,,,,,,,,,,,,,pendiente,,
EFDA-F-S026-0045,S026,45,C21a40,Cumpleaños de Aldo,,C21a40-S26-0045.jpg,1ierAq5nWnZriOuLdf3q6yZiHfljvnOcj,,,,,,,,,,,,,,,,,,,,,,pendiente,,
EFDA-F-S026-0046,S026,46,C21a40,Cumpleaños de Aldo,,C21a40-S26-0046.jpg,1X_UpZ72bBsOUYya6VvhJopa_7vMaOLLs,,,,,,,,,,,,,,,,,,,,,,pendiente,,
EFDA-F-S026-0047,S026,47,C21a40,Cumpleaños de Aldo,,C21a40-S26-0047.jpg,1ZQd7e4VZfuV-q5x2AImWdtam8HVzdERf,,,,,,,,,,,,,,,,,,,,,,pendiente,,
EFDA-F-S026-0048,S026,48,C21a40,Cumpleaños de Aldo,,C21a40-S26-0048.jpg,1Znpa2yTMRUEpr7X_XjY25XThSO2eJ01G,,,,,,,,,,,,,,,,,,,,,,pendiente,,
EFDA-F-S026-0049,S026,49,C21a40,Cumpleaños de Aldo,,C21a40-S26-0049.jpg,1Q9kPXySwhpF1drPWJ8QTsr2XKDKH0ILo,C21a40-S26-0049r.jpg,1jucJzfyKPojZiQxgr1z5KbkFJ7j1JC3V,,,,,,,,,,,,,,,,,,,,pendiente,,
EFDA-F-S026-0050,S026,50,C21a40,Cumpleaños de Aldo,,C21a40-S26-0050.jpg,1oQZG9TOxYmRvCPpv7NgYlxWAU9oDtv10,C21a40-S26-0050r.jpg,10iF-YotZW0rXDngHG_0GPerrSgJrJAH2,,,,,,,,,,,,,,,,,,,,pendiente,,
EFDA-F-S026-0051,S026,51,C21a40,Cumpleaños de Aldo,,C21a40-S26-0051.jpg,1eXz_98L8BAwY75qo7dd9BS4ytOvmoJM_,C21a40-S26-0051r.jpg,1z-9kEDnhiiMAHY6wASnlscB8u9shZ6xv,,,,,,,,,,,,,,,,,,,,pendiente,,
EFDA-F-S026-0052,S026,52,C21a40,Cumpleaños de Aldo,,C21a40-S26-0052.jpg,1s0CUm5OMQ2E7MXsAcPLKPelnm01BLD46,C21a40-S26-0052r.jpg,1neoJpghR2Q7eEru0uqHiLdLAfU4u4PtY,,,,,,,,,,,,,,,,,,,,pendiente,,
EFDA-F-S027-0001,S027,1,C21a40,Víctor Marchese,,C21a40-S27-0001.jpg,1T0pL66skhN81tpXq0et0_v1zKUm9mP6R,,,,,,,,,,,,,,,,,,,,,,pendiente,,
EFDA-F-S027-0002,S027,2,C21a40,Víctor Marchese,,C21a40-S27-0002.jpg,190sRMog3K0TgQZuHNCCabAEU_0SQKQ0F,,,,,,,,,,,,,,,,,,,,,,pendiente,,
EFDA-F-S027-0003,S027,3,C21a40,Víctor Marchese,,C21a40-S27-0003.jpg,12fu1mrAvt5akB13QJrR6orSWFRqMKdlf,,,,,,,,,,,,,,,,,,,,,,pendiente,,
EFDA-F-S027-0004,S027,4,C21a40,Víctor Marchese,,C21a40-S27-0004.jpg,1pIfiOMfrMmaV7AFQ87UAJecMzYjyL7Mn,,,,,,,,,,,,,,,,,,,,,,pendiente,,
EFDA-F-S027-0005,S027,5,C21a40,Víctor Marchese,,C21a40-S27-0005.jpg,1eSbHNuzhN9IG8C7KjZ7cgB4QGe2Zaxpw,,,,,,,,,,,,,,,,,,,,,,pendiente,,
EFDA-F-S029-0001,S029,1,C21a40,Coronel (R) Miguel Ángel Mascaró,,C21a40-S29-0001.jpg,1qL6psA4JEPnL5mEFLxeJsglBP4qLR7cd,,,,,,,,,,,,,,,,,,,,,,pendiente,,
EFDA-F-S029-0002,S029,2,C21a40,Coronel (R) Miguel Ángel Mascaró,,C21a40-S29-0002.jpg,1kxmc45qkBQEMzN81HhzPk6MSO0Y_bqos,,,,,,,,,,,,,,,,,,,,,,pendiente,,
EFDA-F-S029-0003,S029,3,C21a40,Coronel (R) Miguel Ángel Mascaró,,C21a40-S29-0003.jpg,1-TGydWOtO0PeIvjp0nnvhuDDGvexRAty,,,,,,,,,,,,,,,,,,,,,,pendiente,,
EFDA-F-S029-0004,S029,4,C21a40,Coronel (R) Miguel Ángel Mascaró,,C21a40-S29-0004.jpg,12iqCW4FgrlXhrM3z1KH_8fDEMPCnkAT1,,,,,,,,,,,,,,,,,,,,,,pendiente,,
EFDA-F-S029-0005,S029,5,C21a40,Coronel (R) Miguel Ángel Mascaró,,C21a40-S29-0005.jpg,1-Pj11S8wNj_ckyIhMJO1IG1Z-wgHuxJP,,,,,,,,,,,,,,,,,,,,,,pendiente,,
EFDA-F-S029-0006,S029,6,C21a40,Coronel (R) Miguel Ángel Mascaró,,C21a40-S29-0006.jpg,1o7F3AOtxbMjHwZbQ1DUnxZCyi7jMnx75,,,,,,,,,,,,,,,,,,,,,,pendiente,,
EFDA-F-S029-0007,S029,7,C21a40,Coronel (R) Miguel Ángel Mascaró,,C21a40-S29-0007.jpg,1hCTTdhjTVGOYTrGGrFHbPfVWdOccILm4,,,,,,,,,,,,,,,,,,,,,,pendiente,,
EFDA-F-S029-0008,S029,8,C21a40,Coronel (R) Miguel Ángel Mascaró,,C21a40-S29-0008.jpg,1FkBFq8vaLZcUykveAZEkD02OUTHVIQK6,,,,,,,,,,,,,,,,,,,,,,pendiente,,
EFDA-F-S029-0009,S029,9,C21a40,Coronel (R) Miguel Ángel Mascaró,,C21a40-S29-0009.jpg,1Y3VtJa69ejz6hZFUkAVa7A0Wym7FtJ7k,,,,,,,,,,,,,,,,,,,,,,pendiente,,
EFDA-F-S029-0010,S029,10,C21a40,Coronel (R) Miguel Ángel Mascaró,,C21a40-S29-0010.jpg,19JS3ZP9SVTGLD8dvOxFphvtrcMzhJIwI,,,,,,,,,,,,,,,,,,,,,,pendiente,,
EFDA-F-S029-0011,S029,11,C21a40,Coronel (R) Miguel Ángel Mascaró,,C21a40-S29-0011.jpg,1xubStwbwTL7AVoYBNNpWsPZWY75YeNPm,,,,,,,,,,,,,,,,,,,,,,pendiente,,
EFDA-F-S030-0001,S030,1,C21a40,Homenaje a Mena – Abril de 1956,,C21a40-S30-0001.jpg,1_2gChk6BUkwoEnLNNak03jxThTQi6aog,,,,,,,,,,,,,,,,,,,,,,pendiente,,
EFDA-F-S030-0002,S030,2,C21a40,Homenaje a Mena – Abril de 1956,,C21a40-S30-0002.jpg,1LtpLY3CWmdFDSS0y31jgK9INDsAF4Vmy,,,,,,,,,,,,,,,,,,,,,,pendiente,,
EFDA-F-S030-0003,S030,3,C21a40,Homenaje a Mena – Abril de 1956,,C21a40-S30-0003.jpg,1_Wvp80htcQM8z8waywI5ud0jbPxvH_hz,,,,,,,,,,,,,,,,,,,,,,pendiente,,
EFDA-F-S030-0004,S030,4,C21a40,Homenaje a Mena – Abril de 1956,,C21a40-S30-0004.jpg,1OGvI35nJDVUJGH3WtwMhSPp2cu5xMfgk,,,,,,,,,,,,,,,,,,,,,,pendiente,,
EFDA-F-S030-0005,S030,5,C21a40,Homenaje a Mena – Abril de 1956,,C21a40-S30-0005.jpg,1ay-GEfvgU9TGUsMhKJh0TJ9RGyRlrRN6,,,,,,,,,,,,,,,,,,,,,,pendiente,,
EFDA-F-S030-0006,S030,6,C21a40,Homenaje a Mena – Abril de 1956,,C21a40-S30-0006.jpg,1AwMdDN2f_H23cjLEuPB86Wb__qEHf7G_,,,,,,,,,,,,,,,,,,,,,,pendiente,,
EFDA-F-S030-0007,S030,7,C21a40,Homenaje a Mena – Abril de 1956,,C21a40-S30-0007.jpg,12NEyatiIuMR6yNX3DPPLNSwRgcOCm5i0,,,,,,,,,,,,,,,,,,,,,,pendiente,,
EFDA-F-S030-0008,S030,8,C21a40,Homenaje a Mena – Abril de 1956,,C21a40-S30-0008.jpg,1jgEYB_4XbcqDCM-GTKwWv1s-6mYYtg4T,,,,,,,,,,,,,,,,,,,,,,pendiente,,
EFDA-F-S030-0009,S030,9,C21a40,Homenaje a Mena – Abril de 1956,,C21a40-S30-0009.jpg,1Vvmkj8wiDJI1WvJu-MEzi22VQXzFs6Ii,,,,,,,,,,,,,,,,,,,,,,pendiente,,
EFDA-F-S030-0010,S030,10,C21a40,Homenaje a Mena – Abril de 1956,,C21a40-S30-0010.jpg,18bhfXqLIDSBdr8NWHpO9srvM4dvmjm3O,,,,,,,,,,,,,,,,,,,,,,pendiente,,
EFDA-F-S030-0011,S030,11,C21a40,Homenaje a Mena – Abril de 1956,,C21a40-S30-0011.jpg,1IaffKeBXnc-auUocUwRvhWz8ZW3lk0HG,,,,,,,,,,,,,,,,,,,,,,pendiente,,
EFDA-F-S030-0012,S030,12,C21a40,Homenaje a Mena – Abril de 1956,,C21a40-S30-0012.jpg,18dqpWHg7sA7b6UUAzcqb-86TlEXDTz4z,,,,,,,,,,,,,,,,,,,,,,pendiente,,
EFDA-F-S030-0013,S030,13,C21a40,Homenaje a Mena – Abril de 1956,,C21a40-S30-0013.jpg,1SyvQ-cbtowYaMXogsQeQ0lj4B4liTr9G,,,,,,,,,,,,,,,,,,,,,,pendiente,,
EFDA-F-S030-0014,S030,14,C21a40,Homenaje a Mena – Abril de 1956,,C21a40-S30-0014.jpg,1mh6UvbH8klpNTrTBOvSh7RkyxP3xb4Y3,C21a40-S30-0014r.jpg,17qtIMyF8_5RE5AIpcXfQu9QERIuySTZn,,,,,,,,,,,,,,,,,,,,pendiente,,
EFDA-F-S030-0015,S030,15,C21a40,Homenaje a Mena – Abril de 1956,,C21a40-S30-0015.jpg,1eCH2Hf1EJ_AI62xHXxTgWp37Pxw05hwh,C21a40-S30-0015r.jpg,1QSAB2XANyXOzO2YMamWx33aRtLY6KBMy,,,,,,,,,,,,,,,,,,,,pendiente,,
EFDA-F-S030-0016,S030,16,C21a40,Homenaje a Mena – Abril de 1956,,C21a40-S30-0016.jpg,1_dTDB-uYniEtkx_2GdZ2Tzl-pE3Y4gcK,C21a40-S30-0016r.jpg,1CsE_iHK48jXyGOfnWFf9IcUtdwTukZ5X,,,,,,,,,,,,,,,,,,,,pendiente,,
EFDA-F-S031-0001,S031,1,C21a40,José Battini,si,C21a40-S31-0001.jpg,1r3yyfPTPq1mD8U4usvMwF4EQV8nMdFf1,,,,,,,,,,,,,,,,,,,,,,pendiente,,
EFDA-F-S031-0002,S031,2,C21a40,José Battini,si,C21a40-S31-0002.jpg,1bksKaF0NA1BQgHHw-sbtBnCc3pgdB_KD,,,,,,,,,,,,,,,,,,,,,,pendiente,,
EFDA-F-S031-0003,S031,3,C21a40,José Battini,si,C21a40-S31-0003.jpg,10AylQsQYEZnKt71XoZbPjv4JDT-LjVN9,,,,,,,,,,,,,,,,,,,,,,pendiente,,
EFDA-F-S031-0004,S031,4,C21a40,José Battini,si,C21a40-S31-0004.jpg,12N6hV2WU7HleYFkJ_JCLn0ckAbXcJcBt,,,,,,,,,,,,,,,,,,,,,,pendiente,,
EFDA-F-S031-0005,S031,5,C21a40,José Battini,si,C21a40-S31-0005.jpg,1DLzgqn83YMsvInAgCtnCOcnxErIqOm-s,,,,,,,,,,,,,,,,,,,,,,pendiente,,
EFDA-F-S031-0006,S031,6,C21a40,José Battini,si,C21a40-S31-0006.jpg,1v3861wEwHqXqY153hvmHFfcsdTkUrj_T,,,,,,,,,,,,,,,,,,,,,,pendiente,,
EFDA-F-S031-0007,S031,7,C21a40,José Battini,si,C21a40-S31-0007.jpg,1joJA-QIFKUi10ZsbJtKsBTPtSb1KYfod,,,,,,,,,,,,,,,,,,,,,,pendiente,,
EFDA-F-S031-0008,S031,8,C21a40,José Battini,si,C21a40-S31-0008.jpg,1Rhc8ULtcjZ9f-AVVkOq2RDnJsDiOV0xO,,,,,,,,,,,,,,,,,,,,,,pendiente,,
EFDA-F-S031-0009,S031,9,C21a40,José Battini,si,C21a40-S31-0009.jpg,1BAyXwNvPIwXDV3YytwYLPQYgfb2zuk5p,,,,,,,,,,,,,,,,,,,,,,pendiente,,
EFDA-F-S031-0010,S031,10,C21a40,José Battini,si,C21a40-S31-0010.jpg,1JgrHTe3qvhD0TWM8S9vBDiaC_uNlnwYC,,,,,,,,,,,,,,,,,,,,,,pendiente,,
EFDA-F-S031-0011,S031,11,C21a40,José Battini,si,C21a40-S31-0011.jpg,1VVoE3uNpyueMI0fToUu9Ql1Pisz8aK01,C21a40-S31-0011r.jpg,18GO5wAc5lZ63alH-z2fRqv4xARNHhOpA,,,,,,,,,,,,,,,,,,,,pendiente,,
EFDA-F-S031-0012,S031,12,C21a40,José Battini,si,C21a40-S31-0012.jpg,166aSMq3YTjRWe4AC-a3pfFdg_xVXqy3w,C21a40-S31-0012r.jpg,15ymbOZ0Vkvcni4F4mEG6DVuAzqgQaK2E,,,,,,,,,,,,,,,,,,,,pendiente,,
EFDA-F-S032-0001,S032,1,C21a40,Teatro: Obra de Hochwälder – Conferencia de Aldo,,C21a40-S32-0001.jpg,1zaFcT_deZ24NK3SO5CGWElxy15eKPecS,,,,,,,,,,,,,,,,,,,,,,pendiente,,
EFDA-F-S032-0002,S032,2,C21a40,Teatro: Obra de Hochwälder – Conferencia de Aldo,,C21a40-S32-0002.jpg,1owOYT0yNcNPTJd67aJd65YKqLF1xB1yj,,,,,,,,,,,,,,,,,,,,,,pendiente,,
EFDA-F-S032-0003,S032,3,C21a40,Teatro: Obra de Hochwälder – Conferencia de Aldo,,C21a40-S32-0003.jpg,1hnDVfdh2TaEQr6G6evknvvFqw3zSk4o9,,,,,,,,,,,,,,,,,,,,,,pendiente,,
EFDA-F-S032-0004,S032,4,C21a40,Teatro: Obra de Hochwälder – Conferencia de Aldo,,C21a40-S32-0004.jpg,1NO-nA2RzNpIY59f2-1lFzYtiOAZEDSgE,,,,,,,,,,,,,,,,,,,,,,pendiente,,
EFDA-F-S032-0005,S032,5,C21a40,Teatro: Obra de Hochwälder – Conferencia de Aldo,,C21a40-S32-0005.jpg,1MZeahoKdA-kMZiyfTGv5O95nXDCfw7_c,,,,,,,,,,,,,,,,,,,,,,pendiente,,
EFDA-F-S032-0006,S032,6,C21a40,Teatro: Obra de Hochwälder – Conferencia de Aldo,,C21a40-S32-0006.jpg,1slVbpFfYNUMdg44LFJOrRLQHY6ULLgmP,C21a40-S32-0006r.jpg,1jtq5-666zyhzYmc0SPZWYYXRQyIjKzSd,,,,,,,,,,,,,,,,,,,,pendiente,,
EFDA-F-S032-0007,S032,7,C21a40,Teatro: Obra de Hochwälder – Conferencia de Aldo,,C21a40-S32-0007.jpg,1o4FfsAZ9mz-71zn491NWmcerCRMq6Ruq,C21a40-S32-0007r.jpg,1samUguftYqHZXl43Gkq4XsqZxjl_7-aK,,,,,,,,,,,,,,,,,,,,pendiente,,
EFDA-F-S033-0001,S033,1,C21a40,Dr. José R. Bergallo,,C21a40-S33-0001.jpg,1u1jxaGmn50MQEQI0E08qnk8J0bmTnLUA,,,,,,,,,,,,,,,,,,,,,,pendiente,,
EFDA-F-S033-0002,S033,2,C21a40,Dr. José R. Bergallo,,C21a40-S33-0002.jpg,162dZZbjb09OiAcsNSRX805UH08TuZrHf,C21a40-S33-0002r.jpg,1bdHr6owosapgKsqkkNjcvvB8C5DMb87P,,,,,,,,,,,,,,,,,,,,pendiente,,
EFDA-F-S033-0003,S033,3,C21a40,Dr. José R. Bergallo,,C21a40-S33-0003.jpg,11l5mI6MNBpZjamo21hGX-3zg4QzBqoqK,C21a40-S33-0003r.jpg,1OyIkoQQPUUVE0RcuP2hdXWHYBxwet_yT,,,,,,,,,,,,,,,,,,,,pendiente,,
EFDA-F-S034-0001,S034,1,C21a40,"Visita de poetas correntinos y Ballet del ""Fogón""",,C21a40-S34-0001.jpg,119CUz7n8umbE7g9jYmftN2IBM7LJyfGl,,,,,,,,,,,,,,,,,,,,,,pendiente,,
EFDA-F-S034-0002,S034,2,C21a40,"Visita de poetas correntinos y Ballet del ""Fogón""",,C21a40-S34-0002.jpg,165HHMi4KqjNUdoYOaRUq-Se5SgpKGYSV,,,,,,,,,,,,,,,,,,,,,,pendiente,,
EFDA-F-S034-0003,S034,3,C21a40,"Visita de poetas correntinos y Ballet del ""Fogón""",,C21a40-S34-0003.jpg,1IGy_3vzrCvTEcrMznmyZ7w8RcG6I5p5O,,,,,,,,,,,,,,,,,,,,,,pendiente,,
EFDA-F-S034-0004,S034,4,C21a40,"Visita de poetas correntinos y Ballet del ""Fogón""",,C21a40-S34-0004.jpg,1qamUtD17gTeTbB35aMr2GXd6VEsZUIO1,,,,,,,,,,,,,,,,,,,,,,pendiente,,
EFDA-F-S034-0005,S034,5,C21a40,"Visita de poetas correntinos y Ballet del ""Fogón""",,C21a40-S34-0005.jpg,1KrNThpUdV_4r_k-UDadMr6unv43j5cFd,,,,,,,,,,,,,,,,,,,,,,pendiente,,
EFDA-F-S034-0006,S034,6,C21a40,"Visita de poetas correntinos y Ballet del ""Fogón""",,C21a40-S34-0006.jpg,1yX3-Nr6ZuE9IMUs7XZub55tiZP59TJ6E,,,,,,,,,,,,,,,,,,,,,,pendiente,,
EFDA-F-S034-0007,S034,7,C21a40,"Visita de poetas correntinos y Ballet del ""Fogón""",,C21a40-S34-0007.jpg,1ilm0B2Nn4T-JlQUryHhyPpXC5CNBl8QM,,,,,,,,,,,,,,,,,,,,,,pendiente,,
EFDA-F-S034-0008,S034,8,C21a40,"Visita de poetas correntinos y Ballet del ""Fogón""",,C21a40-S34-0008.jpg,1UXYj3gVRmFsY7a6D6V05ySzkSF3o7qvW,,,,,,,,,,,,,,,,,,,,,,pendiente,,
EFDA-F-S034-0009,S034,9,C21a40,"Visita de poetas correntinos y Ballet del ""Fogón""",,C21a40-S34-0009.jpg,1yQM0I_e2bsLw3YZOFbo41X5RMIWS4wyK,,,,,,,,,,,,,,,,,,,,,,pendiente,,
EFDA-F-S034-0010,S034,10,C21a40,"Visita de poetas correntinos y Ballet del ""Fogón""",,C21a40-S34-0010.jpg,1i2Rv42wjaw5ks9ZeyWo1wXFA7fYa74Dd,,,,,,,,,,,,,,,,,,,,,,pendiente,,
EFDA-F-S034-0011,S034,11,C21a40,"Visita de poetas correntinos y Ballet del ""Fogón""",,C21a40-S34-0011.jpg,1VpjklDktodSjFEyoJND4XqkM4BjAVXZI,,,,,,,,,,,,,,,,,,,,,,pendiente,,
EFDA-F-S034-0012,S034,12,C21a40,"Visita de poetas correntinos y Ballet del ""Fogón""",,C21a40-S34-0012.jpg,1L9sH9W6LWZvmtEdIzKvelym_tSUoVonJ,,,,,,,,,,,,,,,,,,,,,,pendiente,,
EFDA-F-S034-0013,S034,13,C21a40,"Visita de poetas correntinos y Ballet del ""Fogón""",,C21a40-S34-0013.jpg,1MnyJtuLU4YqV9fHyjqSsJgn1L-qROtW8,,,,,,,,,,,,,,,,,,,,,,pendiente,,
EFDA-F-S034-0014,S034,14,C21a40,"Visita de poetas correntinos y Ballet del ""Fogón""",,C21a40-S34-0014.jpg,1nZ-kD4PEEYrpIQb6BMH9IhF9pDRHouyw,,,,,,,,,,,,,,,,,,,,,,pendiente,,
EFDA-F-S034-0015,S034,15,C21a40,"Visita de poetas correntinos y Ballet del ""Fogón""",,C21a40-S34-0015.jpg,1Mh2XaJruVPNKP3i8sBRWBa_gB7LbGfSq,,,,,,,,,,,,,,,,,,,,,,pendiente,,
EFDA-F-S034-0016,S034,16,C21a40,"Visita de poetas correntinos y Ballet del ""Fogón""",,C21a40-S34-0016.jpg,1eyjzh4rFECiRZJdYmKNnp3X9PC8Si7_u,,,,,,,,,,,,,,,,,,,,,,pendiente,,
EFDA-F-S035-0001,S035,1,C21a40,"Vistas de la construcción del edificio del ""Fogón""",,C21a40-S35-0001.jpg,1F6WCmE2zJcP0MYR_xcbxWaXFGYE-GjdN,,,,,,,,,,,,,,,,,,,,,,pendiente,,
EFDA-F-S035-0002,S035,2,C21a40,"Vistas de la construcción del edificio del ""Fogón""",,C21a40-S35-0002.jpg,1TYziYlisHZf26jcAlL6ulp8tSJv2fQPw,C21a40-S35-0002r.jpg,1PwjWWiZgewBoE1KB97MHkIG-sojwrat1,,,,,,,,,,,,,,,,,,,,pendiente,,
EFDA-F-S035-0003,S035,3,C21a40,"Vistas de la construcción del edificio del ""Fogón""",,C21a40-S35-0003.jpg,1ynW1QZB9s7lvn36xxKbzcJkU7wxO2rCg,C21a40-S35-0003r.jpg,126Qns77kX7g0jv_tCVcBtg7oKE6yz9io,,,,,,,,,,,,,,,,,,,,pendiente,,
EFDA-F-S035-0004,S035,4,C21a40,"Vistas de la construcción del edificio del ""Fogón""",,C21a40-S35-0004.jpg,1JUT7ucwoFppoOIRNa2deF5lja21wLWg0,C21a40-S35-0004r.jpg,1ATgEFBVxz7TRsFw7JZVTSAT5cNV7ukvJ,,,,,,,,,,,,,,,,,,,,pendiente,,
EFDA-F-S035-0005,S035,5,C21a40,"Vistas de la construcción del edificio del ""Fogón""",,C21a40-S35-0005.jpg,1-xHDY2aOLdv7WTbUiCgVmD8vrr3Jl_vT,C21a40-S35-0005r.jpg,1SKuzsVKGxy4icbs6C5YpJJEJLlz6PImp,,,,,,,,,,,,,,,,,,,,pendiente,,
EFDA-F-S035-0006,S035,6,C21a40,"Vistas de la construcción del edificio del ""Fogón""",,C21a40-S35-0006.jpg,1P6MX86swBB1DbTrWuh-j1Dos5QjvbTYe,,,,,,,,,,,,,,,,,,,,,,pendiente,,
EFDA-F-S035-0007,S035,7,C21a40,"Vistas de la construcción del edificio del ""Fogón""",,C21a40-S35-0007.jpg,1WanDqw-ztVQV0GCNNEdR_oABZdIhKb3H,,,,,,,,,,,,,,,,,,,,,,pendiente,,
EFDA-F-S035-0008,S035,8,C21a40,"Vistas de la construcción del edificio del ""Fogón""",,C21a40-S35-0008.jpg,1b1y5XtFSmN7sVamDVFCOv0mJktf-5j23,,,,,,,,,,,,,,,,,,,,,,pendiente,,
EFDA-F-S035-0009,S035,9,C21a40,"Vistas de la construcción del edificio del ""Fogón""",,C21a40-S35-0009.jpg,1xRw51hA4m36eW9V0kb9_YU7GBu1c6O1F,,,,,,,,,,,,,,,,,,,,,,pendiente,,
EFDA-F-S035-0010,S035,10,C21a40,"Vistas de la construcción del edificio del ""Fogón""",,C21a40-S35-0010.jpg,1vjdj2FbUGcCTlb-OtfE0l44I_SEp7DXZ,,,,,,,,,,,,,,,,,,,,,,pendiente,,
EFDA-F-S035-0011,S035,11,C21a40,"Vistas de la construcción del edificio del ""Fogón""",,C21a40-S35-0011.jpg,1sFy-dZH61osANpiskDy2ieIf2aUaCGQM,C21a40-S35-0011r.jpg,1JX6D92-8rV9iq7cYw0snOpXbdZEnZ1em,,,,,,,,,,,,,,,,,,,,pendiente,,
EFDA-F-S035-0012,S035,12,C21a40,"Vistas de la construcción del edificio del ""Fogón""",,C21a40-S35-0012.jpg,1YwC6ATHegN4_ZkhAdoZLnAH6pw1GqkrY,,,,,,,,,,,,,,,,,,,,,,pendiente,,
EFDA-F-S035-0013,S035,13,C21a40,"Vistas de la construcción del edificio del ""Fogón""",,C21a40-S35-0013.jpg,1W1RmEem9bwwvvtiPAulZGyAUw9ucLZ7y,,,,,,,,,,,,,,,,,,,,,,pendiente,,
EFDA-F-S035-0014,S035,14,C21a40,"Vistas de la construcción del edificio del ""Fogón""",,C21a40-S35-0014.jpg,1gu0Sn6olQoSCw_u8SKoWLA5lFU6couas,,,,,,,,,,,,,,,,,,,,,,pendiente,,
EFDA-F-S035-0015,S035,15,C21a40,"Vistas de la construcción del edificio del ""Fogón""",,C21a40-S35-0015.jpg,1e_iHzFF1joLDkDOGjiSTEzQn5IG0VayO,,,,,,,,,,,,,,,,,,,,,,pendiente,,
EFDA-F-S035-0016,S035,16,C21a40,"Vistas de la construcción del edificio del ""Fogón""",,C21a40-S35-0016.jpg,1gU6XhEAsYE6ZurGXD4NWfnpSClwenfdI,,,,,,,,,,,,,,,,,,,,,,pendiente,,
EFDA-F-S035-0017,S035,17,C21a40,"Vistas de la construcción del edificio del ""Fogón""",,C21a40-S35-0017.jpg,11uYBEJEj3-TvrTTG7SxhCm5Ec_UXTE0w,,,,,,,,,,,,,,,,,,,,,,pendiente,,
EFDA-F-S035-0018,S035,18,C21a40,"Vistas de la construcción del edificio del ""Fogón""",,C21a40-S35-0018.jpg,1L-bgcSuzgUq_b6ym8hItrMWDQld4EzJh,,,,,,,,,,,,,,,,,,,,,,pendiente,,
EFDA-F-S035-0019,S035,19,C21a40,"Vistas de la construcción del edificio del ""Fogón""",,C21a40-S35-0019.jpg,1d2E4WqblMP2BDJ_P0WCnhIfwJHOPAtTm,,,,,,,,,,,,,,,,,,,,,,pendiente,,
EFDA-F-S035-0020,S035,20,C21a40,"Vistas de la construcción del edificio del ""Fogón""",,C21a40-S35-0020.jpg,1POBA_b5d7vorNPZKSb05TrvNNLVPjI3Q,,,,,,,,,,,,,,,,,,,,,,pendiente,,
EFDA-F-S035-0021,S035,21,C21a40,"Vistas de la construcción del edificio del ""Fogón""",,C21a40-S35-0021.jpg,1rU23NSoqXLCHZrWTMlUO1VCFFvm6IdYR,,,,,,,,,,,,,,,,,,,,,,pendiente,,
EFDA-F-S035-0022,S035,22,C21a40,"Vistas de la construcción del edificio del ""Fogón""",,C21a40-S35-0022.jpg,15uYax-Yb-H9p4VgkfJgpwY_axyXjbNxU,,,,,,,,,,,,,,,,,,,,,,pendiente,,
EFDA-F-S035-0023,S035,23,C21a40,"Vistas de la construcción del edificio del ""Fogón""",,C21a40-S35-0023.jpg,1nZ805y-JzLBu1Pep6Vt6TfufpNC-YMaI,,,,,,,,,,,,,,,,,,,,,,pendiente,,
EFDA-F-S035-0024,S035,24,C21a40,"Vistas de la construcción del edificio del ""Fogón""",,C21a40-S35-0024.jpg,1W7C3Vs-mDLcV_wagQq13oE2iNUuUOeIZ,C21a40-S35-0024r.jpg,1yYHJNzPvIRetGhBZEQf3jVAhr-kZelN7,,,,,,,,,,,,,,,,,,,,pendiente,,
EFDA-F-S035-0025,S035,25,C21a40,"Vistas de la construcción del edificio del ""Fogón""",,C21a40-S35-0025.jpg,1qvCnQRiZgHVFM1UjEkP1n4WL30fjvIQZ,,,,,,,,,,,,,,,,,,,,,,pendiente,,
EFDA-F-S035-0026,S035,26,C21a40,"Vistas de la construcción del edificio del ""Fogón""",,C21a40-S35-0026.jpg,17cwX3IrwTV0maMDBTYXm0HGO0uYOOrRG,,,,,,,,,,,,,,,,,,,,,,pendiente,,
EFDA-F-S036-0001,S036,1,C21a40,Ezequiel Martínez Estrada,,C21a40-S36-0001.jpg,1EGrpOHyG2lXthTBYapio4_2Xjq8xm0xI,,,,,,,,,,,,,,,,,,,,,,pendiente,,
EFDA-F-S036-0002,S036,2,C21a40,Ezequiel Martínez Estrada,,C21a40-S36-0002.jpg,1qoqFr8et0enz-VbygaNrMHadTMfNY3x9,,,,,,,,,,,,,,,,,,,,,,pendiente,,
EFDA-F-S036-0003,S036,3,C21a40,Ezequiel Martínez Estrada,,C21a40-S36-0003.jpg,1DE8IF96-BujoJ55kqjeBPHm5hhJNycJr,,,,,,,,,,,,,,,,,,,,,,pendiente,,
EFDA-F-S036-0004,S036,4,C21a40,Ezequiel Martínez Estrada,,C21a40-S36-0004.jpg,1-mT-waUCMKscx_kF8JpS9BNeaUSUHBFj,,,,,,,,,,,,,,,,,,,,,,pendiente,,
EFDA-F-S036-0005,S036,5,C21a40,Ezequiel Martínez Estrada,,C21a40-S36-0005.jpg,1FCRffiSFBIsA-x5feLhCRDbY5eaaOsMn,,,,,,,,,,,,,,,,,,,,,,pendiente,,
EFDA-F-S036-0006,S036,6,C21a40,Ezequiel Martínez Estrada,,C21a40-S36-0006.jpg,12yRDha4_slH-YnrcIMbfsf-26uriit-5,,,,,,,,,,,,,,,,,,,,,,pendiente,,
EFDA-F-S036-0007,S036,7,C21a40,Ezequiel Martínez Estrada,,C21a40-S36-0007.jpg,1SYW5r6yZSVaVEVyt3ur3gLeAOWh9TJm-,,,,,,,,,,,,,,,,,,,,,,pendiente,,
EFDA-F-S036-0008,S036,8,C21a40,Ezequiel Martínez Estrada,,C21a40-S36-0008.jpg,1b8e2y26pU9o2yZ98yBHciLvjb9-ovEvi,,,,,,,,,,,,,,,,,,,,,,pendiente,,
EFDA-F-S036-0009,S036,9,C21a40,Ezequiel Martínez Estrada,,C21a40-S36-0009.jpg,1EVoIU4w79KBwIP3ieemsA3tHU1rt_hiw,,,,,,,,,,,,,,,,,,,,,,pendiente,,
EFDA-F-S037-0001,S037,1,C21a40,Medina Ortiz,si,C21a40-S37-0001.jpg,1Uz-NtEpd9_WswDtpO6NwB05QDOThzVzF,,,,,,,,,,,,,,,,,,,,,,pendiente,,
EFDA-F-S037-0002,S037,2,C21a40,Medina Ortiz,si,C21a40-S37-0002.jpg,1HJGaolSWm1cRSu9DbIe6-mBTJDWOXkzH,,,,,,,,,,,,,,,,,,,,,,pendiente,,
EFDA-F-S037-0003,S037,3,C21a40,Medina Ortiz,si,C21a40-S37-0003.jpg,1eKemQXsFna4cL-DPMcGYLoPwwNd0L5gS,,,,,,,,,,,,,,,,,,,,,,pendiente,,
EFDA-F-S037-0004,S037,4,C21a40,Medina Ortiz,si,C21a40-S37-0004.jpg,1HdTxUzZEPxeT-xH0RfU_MwPXCsp_l276,,,,,,,,,,,,,,,,,,,,,,pendiente,,
EFDA-F-S037-0005,S037,5,C21a40,Medina Ortiz,si,C21a40-S37-0005.jpg,139LWRhmyepOmzXVCcjLYUMcVgz2bCJi_,,,,,,,,,,,,,,,,,,,,,,pendiente,,
EFDA-F-S037-0006,S037,6,C21a40,Medina Ortiz,si,C21a40-S37-0006.jpg,1-NTP5faXnkFyTpxyfzFZXck8ZpaPlTbw,,,,,,,,,,,,,,,,,,,,,,pendiente,,
EFDA-F-S037-0007,S037,7,C21a40,Medina Ortiz,si,C21a40-S37-0007.jpg,1ebY19OLbtf6arkYPvtVbfhukTWoc10F4,,,,,,,,,,,,,,,,,,,,,,pendiente,,
EFDA-F-S038-0001,S038,1,C21a40,"Teatro: ""Cita en Senlis""",,C21a40-S38-0001.jpg,1jolbJsc5dB48VDVyHMa3C6_IC1cWhzsA,,,,,,,,,,,,,,,,,,,,,,pendiente,,
EFDA-F-S038-0002,S038,2,C21a40,"Teatro: ""Cita en Senlis""",,C21a40-S38-0002.jpg,1O155Tli7bgfPs0qJkJcPs7fYyC_BRaQZ,,,,,,,,,,,,,,,,,,,,,,pendiente,,
EFDA-F-S038-0003,S038,3,C21a40,"Teatro: ""Cita en Senlis""",,C21a40-S38-0003.jpg,1IYXIMmXz8iBBvSIHyeXplQ8axOUIcBAC,,,,,,,,,,,,,,,,,,,,,,pendiente,,
EFDA-F-S038-0004,S038,4,C21a40,"Teatro: ""Cita en Senlis""",,C21a40-S38-0004.jpg,1XTAn-mmFtgIRK4iMYvu2VN9UtaHkx4fO,,,,,,,,,,,,,,,,,,,,,,pendiente,,
EFDA-F-S038-0005,S038,5,C21a40,"Teatro: ""Cita en Senlis""",,C21a40-S38-0005.jpg,1k9KL-FySn2MFTBOv-Y8if__Y_sIP2g51,,,,,,,,,,,,,,,,,,,,,,pendiente,,
EFDA-F-S038-0006,S038,6,C21a40,"Teatro: ""Cita en Senlis""",,C21a40-S38-0006.jpg,1SuH-rTpaCVVyiy81k0PI5M5dZCB2Ff82,,,,,,,,,,,,,,,,,,,,,,pendiente,,
EFDA-F-S038-0007,S038,7,C21a40,"Teatro: ""Cita en Senlis""",,C21a40-S38-0007.jpg,15xxBo7H7idWwtQ8vEUVDFNh73BBqJDIF,,,,,,,,,,,,,,,,,,,,,,pendiente,,
EFDA-F-S038-0008,S038,8,C21a40,"Teatro: ""Cita en Senlis""",,C21a40-S38-0008.jpg,11VDlWL2Vu2kyP_ScmgVwK6EXwPzl8sMe,,,,,,,,,,,,,,,,,,,,,,pendiente,,
EFDA-F-S038-0009,S038,9,C21a40,"Teatro: ""Cita en Senlis""",,C21a40-S38-0009.jpg,1F2hWXn-uvGnIqX2VmAGE9rbr3pqI7Y9M,,,,,,,,,,,,,,,,,,,,,,pendiente,,
EFDA-F-S038-0010,S038,10,C21a40,"Teatro: ""Cita en Senlis""",,C21a40-S38-0010.jpg,1rj9Y2ojCQJNtKCqVS8HI6RWUKh2cnVu4,,,,,,,,,,,,,,,,,,,,,,pendiente,,
EFDA-F-S038-0011,S038,11,C21a40,"Teatro: ""Cita en Senlis""",,C21a40-S38-0011.jpg,15RuERpm0-UpwXaVDWDF4etkjdilre2F0,,,,,,,,,,,,,,,,,,,,,,pendiente,,
EFDA-F-S038-0012,S038,12,C21a40,"Teatro: ""Cita en Senlis""",,C21a40-S38-0012.jpg,1VQfnNHF8vjzhdAG8YZaTzxEmroZlHSBb,,,,,,,,,,,,,,,,,,,,,,pendiente,,
EFDA-F-S038-0013,S038,13,C21a40,"Teatro: ""Cita en Senlis""",,C21a40-S38-0013.jpg,1WzCYS6I3GPEIbf5ZsaK10mwK3jLQmX0n,,,,,,,,,,,,,,,,,,,,,,pendiente,,
EFDA-F-S038-0014,S038,14,C21a40,"Teatro: ""Cita en Senlis""",,C21a40-S38-0014.jpg,177mEc5_O8j4OW_hTS64mhXpZJKGxJyNl,,,,,,,,,,,,,,,,,,,,,,pendiente,,
EFDA-F-S038-0015,S038,15,C21a40,"Teatro: ""Cita en Senlis""",,C21a40-S38-0015.jpg,1QLjRpWw4sH8JbW5xhd3wHjiKhz8-3zCa,,,,,,,,,,,,,,,,,,,,,,pendiente,,
EFDA-F-S038-0016,S038,16,C21a40,"Teatro: ""Cita en Senlis""",,C21a40-S38-0016.jpg,1GC7FjP-NIXYxAbLO1onWLxmTDkgnnYMe,,,,,,,,,,,,,,,,,,,,,,pendiente,,
EFDA-F-S038-0017,S038,17,C21a40,"Teatro: ""Cita en Senlis""",,C21a40-S38-0017.jpg,1JgUYv39aDHV6UfzDPzq6VZNoJ1B9zzBZ,,,,,,,,,,,,,,,,,,,,,,pendiente,,
EFDA-F-S038-0018,S038,18,C21a40,"Teatro: ""Cita en Senlis""",,C21a40-S38-0018.jpg,1EgRLj_KDXd5u15yh5HSf5AtDIjg3xtZz,C21a40-S38-0018r.jpg,1_ql1OhdxmHrGhnlBjQ0drnbzknZNveLb,,,,,,,,,,,,,,,,,,,,pendiente,,
EFDA-F-S038-0019,S038,19,C21a40,"Teatro: ""Cita en Senlis""",,C21a40-S38-0019.jpg,1eL2tc23UeSZavq40ssFaXwNwy5i-dgIJ,C21a40-S38-0019r.jpg,1nn7E8iWO7CkBbm-o8_7IbNexKDBlc9u5,,,,,,,,,,,,,,,,,,,,pendiente,,
EFDA-F-S038-0020,S038,20,C21a40,"Teatro: ""Cita en Senlis""",,C21a40-S38-0020.jpg,1qwLrO-FjgP93kvNOniMkMHagM9i_3VlM,,,,,,,,,,,,,,,,,,,,,,pendiente,,
EFDA-F-S039-0001,S039,1,C21a40,"Teatro: ""El profesor Taranne""",,C21a40-S39-0001.jpg,1EsqllnggpNRqXvqOaxWH0bWlzBEvT-cg,,,,,,,,,,,,,,,,,,,,,,pendiente,,
EFDA-F-S039-0002,S039,2,C21a40,"Teatro: ""El profesor Taranne""",,C21a40-S39-0002.jpg,1pf0mv7yBlT9Z8fEvmlbfLmYmwlnKbD4l,,,,,,,,,,,,,,,,,,,,,,pendiente,,
EFDA-F-S039-0003,S039,3,C21a40,"Teatro: ""El profesor Taranne""",,C21a40-S39-0003.jpg,1ZlVLcXlDlc2vDuPj4u9dL8f4u8iJEmUL,,,,,,,,,,,,,,,,,,,,,,pendiente,,
EFDA-F-S039-0004,S039,4,C21a40,"Teatro: ""El profesor Taranne""",,C21a40-S39-0004.jpg,19SSJBsimKw87lUVASmqm_xNy1ryM5UhE,,,,,,,,,,,,,,,,,,,,,,pendiente,,
EFDA-F-S039-0005,S039,5,C21a40,"Teatro: ""El profesor Taranne""",,C21a40-S39-0005.jpg,1ujQPzADa8OS-fxsRjhGMMF7dVAZl7mBH,,,,,,,,,,,,,,,,,,,,,,pendiente,,
EFDA-F-S039-0006,S039,6,C21a40,"Teatro: ""El profesor Taranne""",,C21a40-S39-0006.jpg,1ozwNGxVo6heUezgDtyUQF3tWmqCD06mg,,,,,,,,,,,,,,,,,,,,,,pendiente,,
EFDA-F-S039-0007,S039,7,C21a40,"Teatro: ""El profesor Taranne""",,C21a40-S39-0007.jpg,1TnoMS2Q-8fQPbaHtU4xp0JbJM-e0dV9j,,,,,,,,,,,,,,,,,,,,,,pendiente,,
EFDA-F-S039-0008,S039,8,C21a40,"Teatro: ""El profesor Taranne""",,C21a40-S39-0008.jpg,15LgPLaY847Nhj3-xfUwDXxJzG9H0aL33,,,,,,,,,,,,,,,,,,,,,,pendiente,,
EFDA-F-S039-0009,S039,9,C21a40,"Teatro: ""El profesor Taranne""",,C21a40-S39-0009.jpg,1PXi1nnT68-u_NbzTE3joromLZESzJvOZ,,,,,,,,,,,,,,,,,,,,,,pendiente,,
EFDA-F-S039-0010,S039,10,C21a40,"Teatro: ""El profesor Taranne""",,C21a40-S39-0010.jpg,1vWZaTgKxFFpEQ9Ltq9fOBfNLYIIwq8zM,,,,,,,,,,,,,,,,,,,,,,pendiente,,
EFDA-F-S039-0011,S039,11,C21a40,"Teatro: ""El profesor Taranne""",,C21a40-S39-0011.jpg,1HUQ16ThaSa6Z_c6jljG5dbkbXJVL-zH-,,,,,,,,,,,,,,,,,,,,,,pendiente,,
EFDA-F-S039-0012,S039,12,C21a40,"Teatro: ""El profesor Taranne""",,C21a40-S39-0012.jpg,1-SAbOnwYg1X44nLOXdGZ1wiLuwEN7rD0,C21a40-S39-0012r.jpg,1ekPm1zps8STVmIsm6OAPqXZQG515EQPq,,,,,,,,,,,,,,,,,,,,pendiente,,
EFDA-F-S040-0001,S040,1,C21a40,Emilio Novas,si,C21a40-S40-0001.jpg,10Ak81KE-oZp1vEcymHm2N2SRliKlIOIe,,,,,,,,,,,,,,,,,,,,,,pendiente,,
EFDA-F-S040-0002,S040,2,C21a40,Emilio Novas,si,C21a40-S40-0002.jpg,1-T47biFhwMexbc6Qk_jxhSvxQz8iTrZP,,,,,,,,,,,,,,,,,,,,,,pendiente,,
EFDA-F-S040-0003,S040,3,C21a40,Emilio Novas,si,C21a40-S40-0003.jpg,16jXpeoS0TA23BaEwkMsaUHzzuOx5lAUI,,,,,,,,,,,,,,,,,,,,,,pendiente,,
EFDA-F-S040-0004,S040,4,C21a40,Emilio Novas,si,C21a40-S40-0004.jpg,1VWqACxaSW-UnLk1Rk41zC0o0NyyuQ1Xe,,,,,,,,,,,,,,,,,,,,,,pendiente,,
EFDA-F-S040-0005,S040,5,C21a40,Emilio Novas,si,C21a40-S40-0005.jpg,165fkfxLcUJk9skn6geVkrqaauSD0F6fH,,,,,,,,,,,,,,,,,,,,,,pendiente,,
EFDA-F-S041-0001,S041,1,C41a60,Arturo Frondizi,si,C41a60-S41-0001.jpg,17-lUfOT8neb4mHPjQjI8OOhiFeXjwzMJ,,,,,,,,,,,,,,,,,,,,,,pendiente,,
EFDA-F-S041-0002,S041,2,C41a60,Arturo Frondizi,si,C41a60-S41-0002.jpg,1WhZ69WcCiDWqbIU67lGK0nzEZ5KrOAGk,,,,,,,,,,,,,,,,,,,,,,pendiente,,
EFDA-F-S041-0003,S041,3,C41a60,Arturo Frondizi,si,C41a60-S41-0003.jpg,1TW-Qj4FW98DUg2I8zMItxuBzmh00IIxQ,,,,,,,,,,,,,,,,,,,,,,pendiente,,
EFDA-F-S041-0004,S041,4,C41a60,Arturo Frondizi,si,C41a60-S41-0004.jpg,17bepZNeEfB80k2u2jSjqHVI7aebG-pbR,,,,,,,,,,,,,,,,,,,,,,pendiente,,
EFDA-F-S041-0005,S041,5,C41a60,Arturo Frondizi,si,C41a60-S41-0005.jpg,1vLK3Qf4v5SQn-ysQNXHoPGB1MkHPRT2W,,,,,,,,,,,,,,,,,,,,,,pendiente,,
EFDA-F-S041-0006,S041,6,C41a60,Arturo Frondizi,si,C41a60-S41-0006.jpg,15OlewxzrDvzzG-GZUxim0rgdDn59jD6u,,,,,,,,,,,,,,,,,,,,,,pendiente,,
EFDA-F-S041-0007,S041,7,C41a60,Arturo Frondizi,si,C41a60-S41-0007.jpg,1H-psRh6vS6cptO0bNl3FwbNuEo3TDeNl,,,,,,,,,,,,,,,,,,,,,,pendiente,,
EFDA-F-S041-0008,S041,8,C41a60,Arturo Frondizi,si,C41a60-S41-0008.jpg,1UANAnRUFMfG5ZLMrZrZJhonbJ42UXeDz,,,,,,,,,,,,,,,,,,,,,,pendiente,,
EFDA-F-S041-0009,S041,9,C41a60,Arturo Frondizi,si,C41a60-S41-0009.jpg,1j8Y5IGoEHzsxFhoCiyDF4A5WlN59xWWG,,,,,,,,,,,,,,,,,,,,,,pendiente,,
EFDA-F-S041-0010,S041,10,C41a60,Arturo Frondizi,si,C41a60-S41-0010.jpg,1T3IMj2MBwBz6tL74YkKTIEcXSV3WAbU1,,,,,,,,,,,,,,,,,,,,,,pendiente,,
EFDA-F-S042-0001,S042,1,C41a60,Visita del Presidente del Rotary Club Internacional,si,C41a60-S42-0001.jpg,1SGy2dygLqmvKnEoUPXB5xCplgJNTVwzS,,,,,,,,,,,,,,,,,,,,,,pendiente,,
EFDA-F-S042-0002,S042,2,C41a60,Visita del Presidente del Rotary Club Internacional,si,C41a60-S42-0002.jpg,1A4bMuinFgAiYJuBiu_C1ZcBBFoPyzWIY,,,,,,,,,,,,,,,,,,,,,,pendiente,,
EFDA-F-S042-0003,S042,3,C41a60,Visita del Presidente del Rotary Club Internacional,si,C41a60-S42-0003.jpg,1RzuUUtlZrV0IkPdrZwLr5sv-NCLv-w4O,,,,,,,,,,,,,,,,,,,,,,pendiente,,
EFDA-F-S042-0004,S042,4,C41a60,Visita del Presidente del Rotary Club Internacional,si,C41a60-S42-0004.jpg,1wWMZEEjCl8aJpFBqoNqRYArShvlUh9wv,,,,,,,,,,,,,,,,,,,,,,pendiente,,
EFDA-F-S042-0005,S042,5,C41a60,Visita del Presidente del Rotary Club Internacional,si,C41a60-S42-0005.jpg,1GDuY5FOYAlx9EsITy9XhmyylpAscHVJK,,,,,,,,,,,,,,,,,,,,,,pendiente,,
EFDA-F-S042-0006,S042,6,C41a60,Visita del Presidente del Rotary Club Internacional,si,C41a60-S42-0006.jpg,1PxuRUkhf8d5-nI30vq-HE06yagSNWLlo,,,,,,,,,,,,,,,,,,,,,,pendiente,,
EFDA-F-S042-0007,S042,7,C41a60,Visita del Presidente del Rotary Club Internacional,si,C41a60-S42-0007.jpg,1dRMVzB88zv1evQxEcbI8PcbknOAxn0UB,,,,,,,,,,,,,,,,,,,,,,pendiente,,
EFDA-F-S042-0008,S042,8,C41a60,Visita del Presidente del Rotary Club Internacional,si,C41a60-S42-0008.jpg,12v0xzK0zrLwpriXQysV-li5nVurMhenO,,,,,,,,,,,,,,,,,,,,,,pendiente,,
EFDA-F-S042-0009,S042,9,C41a60,Visita del Presidente del Rotary Club Internacional,si,C41a60-S42-0009.jpg,1xYxwBoDRTYoeirJ2gaFeHSAeA_SIegHn,,,,,,,,,,,,,,,,,,,,,,pendiente,,
EFDA-F-S042-0010,S042,10,C41a60,Visita del Presidente del Rotary Club Internacional,si,C41a60-S42-0010.jpg,1olOdEfiW6ZuZ-O47TYPM5vGJNGssUzff,,,,,,,,,,,,,,,,,,,,,,pendiente,,
EFDA-F-S042-0011,S042,11,C41a60,Visita del Presidente del Rotary Club Internacional,si,C41a60-S42-0011.jpg,17t1FYW5Hgewvim0Ns_w1sPmYH56ea5Id,,,,,,,,,,,,,,,,,,,,,,pendiente,,
EFDA-F-S042-0012,S042,12,C41a60,Visita del Presidente del Rotary Club Internacional,si,C41a60-S42-0012.jpg,1pJ4d5tLTCjWILLzQKxI4grynKYR3EDz3,,,,,,,,,,,,,,,,,,,,,,pendiente,,
EFDA-F-S043-0001,S043,1,C41a60,Carlos Erro,,C41a60-S43-0001.jpg,10ngrVh_3NtQct2tbr6TCzO8J0VYlUaKl,,,,,,,,,,,,,,,,,,,,,,pendiente,,
EFDA-F-S043-0002,S043,2,C41a60,Carlos Erro,,C41a60-S43-0002.jpg,1tJMMKJcRUTNuOjuQEJJNnMe4firasGhQ,,,,,,,,,,,,,,,,,,,,,,pendiente,,
EFDA-F-S043-0003,S043,3,C41a60,Carlos Erro,,C41a60-S43-0003.jpg,1hglcX93UUuZUdopVq3Slt7v6qKsIWOOE,,,,,,,,,,,,,,,,,,,,,,pendiente,,
EFDA-F-S043-0004,S043,4,C41a60,Carlos Erro,,C41a60-S43-0004.jpg,16dfJUo2kg65cNeI9ES0NGBTIdxCKswOM,,,,,,,,,,,,,,,,,,,,,,pendiente,,
EFDA-F-S043-0005,S043,5,C41a60,Carlos Erro,,C41a60-S43-0005.jpg,1Ah-CiI01Ne5-rXw2YOAwNhnGQCRq6U-B,,,,,,,,,,,,,,,,,,,,,,pendiente,,
EFDA-F-S043-0006,S043,6,C41a60,Carlos Erro,,C41a60-S43-0006.jpg,1AlZl_xEBo3cyVIDfV_nEtQi38rWYbBv_,,,,,,,,,,,,,,,,,,,,,,pendiente,,
EFDA-F-S043-0007,S043,7,C41a60,Carlos Erro,,C41a60-S43-0007.jpg,1nAoQsmIrldmkl536H5OESqft0-d2_At_,,,,,,,,,,,,,,,,,,,,,,pendiente,,
EFDA-F-S044-0001,S044,1,C41a60,"Teatro: ""Antígona""",,C41a60-S44-0001.jpg,1CyYJQR3EFgI11osPTx6EL5bIdTZKH0Q_,,,,,,,,,,,,,,,,,,,,,,pendiente,,
EFDA-F-S044-0002,S044,2,C41a60,"Teatro: ""Antígona""",,C41a60-S44-0002.jpg,1UCLimiCFsuERy5Bm704ta7K6WbhvcptZ,,,,,,,,,,,,,,,,,,,,,,pendiente,,
EFDA-F-S044-0003,S044,3,C41a60,"Teatro: ""Antígona""",,C41a60-S44-0003.jpg,1J758EzAgfSUHSzIcv0d88yDs823Uo1aM,,,,,,,,,,,,,,,,,,,,,,pendiente,,
EFDA-F-S044-0004,S044,4,C41a60,"Teatro: ""Antígona""",,C41a60-S44-0004.jpg,1l7BLupgiE0zTPecQTuPwqOl8f-2nPUQ-,,,,,,,,,,,,,,,,,,,,,,pendiente,,
EFDA-F-S044-0005,S044,5,C41a60,"Teatro: ""Antígona""",,C41a60-S44-0005.jpg,1YvkwH5f_DmIchWseSlvK8MfarJ9UtIHI,,,,,,,,,,,,,,,,,,,,,,pendiente,,
EFDA-F-S044-0006,S044,6,C41a60,"Teatro: ""Antígona""",,C41a60-S44-0006.jpg,1dFZ73RVvofZXOgMUUQaY3pzKbowF_Kli,,,,,,,,,,,,,,,,,,,,,,pendiente,,
EFDA-F-S044-0007,S044,7,C41a60,"Teatro: ""Antígona""",,C41a60-S44-0007.jpg,1UW28aXaPXs0GNJ3f16_07AGt5KlhZ-Zi,,,,,,,,,,,,,,,,,,,,,,pendiente,,
EFDA-F-S044-0008,S044,8,C41a60,"Teatro: ""Antígona""",,C41a60-S44-0008.jpg,18RXQlUKbuw5gy4Z9n1k9-V7MAqZVrLww,,,,,,,,,,,,,,,,,,,,,,pendiente,,
EFDA-F-S044-0009,S044,9,C41a60,"Teatro: ""Antígona""",,C41a60-S44-0009.jpg,1skXFQrdXT1virjwdRa3jvoTv8r5HuOeq,,,,,,,,,,,,,,,,,,,,,,pendiente,,
EFDA-F-S044-0010,S044,10,C41a60,"Teatro: ""Antígona""",,C41a60-S44-0010.jpg,14ZqQ39RvSw80G9yo-gAnxVbFh1GS8gR1,,,,,,,,,,,,,,,,,,,,,,pendiente,,
EFDA-F-S044-0011,S044,11,C41a60,"Teatro: ""Antígona""",,C41a60-S44-0011.jpg,1H_wE54VkODsvt8sZM1yrmdZHI0jnTWnG,,,,,,,,,,,,,,,,,,,,,,pendiente,,
EFDA-F-S044-0012,S044,12,C41a60,"Teatro: ""Antígona""",,C41a60-S44-0012.jpg,1MgeIVDfY1LCawSHCvWgATDr3xgXRsxn2,,,,,,,,,,,,,,,,,,,,,,pendiente,,
EFDA-F-S044-0013,S044,13,C41a60,"Teatro: ""Antígona""",,C41a60-S44-0013.jpg,135MgG7_NlAveQkCAtjKe8HT6K4KmSimT,,,,,,,,,,,,,,,,,,,,,,pendiente,,
EFDA-F-S044-0014,S044,14,C41a60,"Teatro: ""Antígona""",,C41a60-S44-0014.jpg,1wyvcZFMpfw-wpI4dW1Ck-YTkymol7CjK,,,,,,,,,,,,,,,,,,,,,,pendiente,,
EFDA-F-S044-0015,S044,15,C41a60,"Teatro: ""Antígona""",,C41a60-S44-0015.jpg,1KElIeQaH64btpllWrARq4BL8XAuDV2Ia,,,,,,,,,,,,,,,,,,,,,,pendiente,,
EFDA-F-S044-0016,S044,16,C41a60,"Teatro: ""Antígona""",,C41a60-S44-0016.jpg,1DW0i3CJ2qkMHq4W3JlNamEidbEjfG1q2,,,,,,,,,,,,,,,,,,,,,,pendiente,,
EFDA-F-S044-0017,S044,17,C41a60,"Teatro: ""Antígona""",,C41a60-S44-0017.jpg,1JIHimTYhQqTVbux0zTTot5xFQsbqfWeC,C41a60-S44-0017r.jpg,1GOTSVpipXqQI59HH6itOXYdZLCx7sbTY,,,,,,,,,,,,,,,,,,,,pendiente,,
EFDA-F-S044-0018,S044,18,C41a60,"Teatro: ""Antígona""",,C41a60-S44-0018.jpg,1FNtS3OiPoGhHIF3ymb3e0yAwe1zuBmUy,C41a60-S44-0018r.jpg,1cJA-fxFGm9oRCvtPSPYNnvQ4C1nY6Rba,,,,,,,,,,,,,,,,,,,,pendiente,,
EFDA-F-S044-0019,S044,19,C41a60,"Teatro: ""Antígona""",,C41a60-S44-0019.jpg,1OegWCFCdXUFbHBVrCsLMK4pCilwtI2jx,C41a60-S44-0019r.jpg,1Dxw8C7pX7HG_fsjTV6GU1vxU4vsC2NCB,,,,,,,,,,,,,,,,,,,,pendiente,,
EFDA-F-S044-0020,S044,20,C41a60,"Teatro: ""Antígona""",,C41a60-S44-0020.jpg,1rnLgxYI9NLVeuWwjCnjYpQ5n00dDse9j,C41a60-S44-0020r.jpg,1zx00t2ixVcaZooLcE9au6TMOP2cRcngJ,,,,,,,,,,,,,,,,,,,,pendiente,,
EFDA-F-S045-0001,S045,1,C41a60,Revolución septiembre de 1955 – Aerolíneas,si,C41a60-S45-0001.jpg,1lwSqbWZRL4Yj-XGmVxAMLb3UflAEYxy5,,,,,,,,,,,,,,,,,,,,,,pendiente,,
EFDA-F-S045-0002,S045,2,C41a60,Revolución septiembre de 1955 – Aerolíneas,si,C41a60-S45-0002.jpg,1K8dmYPNc8W5vZhRCUP3MWJ8S89CPGhm5,,,,,,,,,,,,,,,,,,,,,,pendiente,,
EFDA-F-S045-0003,S045,3,C41a60,Revolución septiembre de 1955 – Aerolíneas,si,C41a60-S45-0003.jpg,12o0uHfha4PY-AXfBMZsQ842nkdzr8omG,,,,,,,,,,,,,,,,,,,,,,pendiente,,
EFDA-F-S045-0004,S045,4,C41a60,Revolución septiembre de 1955 – Aerolíneas,si,C41a60-S45-0004.jpg,1QuyUpojafZ9I2VurfG06VEopAUYZ53cL,,,,,,,,,,,,,,,,,,,,,,pendiente,,
EFDA-F-S045-0005,S045,5,C41a60,Revolución septiembre de 1955 – Aerolíneas,si,C41a60-S45-0005.jpg,1tWHidJfUjL7ihdPygRYCqmotuAscBdwr,,,,,,,,,,,,,,,,,,,,,,pendiente,,
EFDA-F-S045-0006,S045,6,C41a60,Revolución septiembre de 1955 – Aerolíneas,si,C41a60-S45-0006.jpg,1G_ICld-OBbCTHInwkLPQrBkFCZ7Jma_n,,,,,,,,,,,,,,,,,,,,,,pendiente,,
EFDA-F-S045-0007,S045,7,C41a60,Revolución septiembre de 1955 – Aerolíneas,si,C41a60-S45-0007.jpg,1mPvx4XchE3X9ZSYwjakt2xbD3i3QjfKz,,,,,,,,,,,,,,,,,,,,,,pendiente,,
EFDA-F-S045-0008,S045,8,C41a60,Revolución septiembre de 1955 – Aerolíneas,si,C41a60-S45-0008.jpg,1lSJHfOThhVg1U-KwCMLeN-sy3pFV-_Ov,,,,,,,,,,,,,,,,,,,,,,pendiente,,
EFDA-F-S045-0009,S045,9,C41a60,Revolución septiembre de 1955 – Aerolíneas,si,C41a60-S45-0009.jpg,1yR_aY7rGopXM5Z9lK5X_x3kencBWD86e,,,,,,,,,,,,,,,,,,,,,,pendiente,,
EFDA-F-S045-0010,S045,10,C41a60,Revolución septiembre de 1955 – Aerolíneas,si,C41a60-S45-0010.jpg,1NOYCheBc_z83ZBFGY38OmxuYVDUm7q9D,,,,,,,,,,,,,,,,,,,,,,pendiente,,
EFDA-F-S045-0011,S045,11,C41a60,Revolución septiembre de 1955 – Aerolíneas,si,C41a60-S45-0011.jpg,1-I845H9lifY6q5kZG0k6pBTzfRNrtEqU,,,,,,,,,,,,,,,,,,,,,,pendiente,,
EFDA-F-S045-0012,S045,12,C41a60,Revolución septiembre de 1955 – Aerolíneas,si,C41a60-S45-0012.jpg,1COZ5Fk6vqw6ZlKdngx-_70qdyklCxmK8,,,,,,,,,,,,,,,,,,,,,,pendiente,,
EFDA-F-S045-0013,S045,13,C41a60,Revolución septiembre de 1955 – Aerolíneas,si,C41a60-S45-0013.jpg,1g4_aw9ZYg0sXM3OCoSHqm4hDQ8fljQYS,,,,,,,,,,,,,,,,,,,,,,pendiente,,
EFDA-F-S045-0014,S045,14,C41a60,Revolución septiembre de 1955 – Aerolíneas,si,C41a60-S45-0014.jpg,1pJsZzyVQiXfmf3G9xqBP_r-urGRcqukq,,,,,,,,,,,,,,,,,,,,,,pendiente,,
EFDA-F-S045-0015,S045,15,C41a60,Revolución septiembre de 1955 – Aerolíneas,si,C41a60-S45-0015.jpg,1vnrf5vMTHBuW9LzzdEqtzEWSR_X_uLU_,,,,,,,,,,,,,,,,,,,,,,pendiente,,
EFDA-F-S045-0016,S045,16,C41a60,Revolución septiembre de 1955 – Aerolíneas,si,C41a60-S45-0016.jpg,1nU_GN5u8LMl7x10frDNXnFLF4JqRB70D,,,,,,,,,,,,,,,,,,,,,,pendiente,,
EFDA-F-S045-0017,S045,17,C41a60,Revolución septiembre de 1955 – Aerolíneas,si,C41a60-S45-0017.jpg,1jpvi8qUnAYgV2FlgDnBgowjgmK2ed_xQ,,,,,,,,,,,,,,,,,,,,,,pendiente,,
EFDA-F-S045-0018,S045,18,C41a60,Revolución septiembre de 1955 – Aerolíneas,si,C41a60-S45-0018.jpg,1_C9bLmyaTvJrK3UwmbLw62_V4Poky8T5,,,,,,,,,,,,,,,,,,,,,,pendiente,,
EFDA-F-S045-0019,S045,19,C41a60,Revolución septiembre de 1955 – Aerolíneas,si,C41a60-S45-0019.jpg,14ph4s7U-vO42mWuTaTwtlAP3oao2XMgi,,,,,,,,,,,,,,,,,,,,,,pendiente,,
EFDA-F-S045-0020,S045,20,C41a60,Revolución septiembre de 1955 – Aerolíneas,si,C41a60-S45-0020.jpg,1qN732_VJltyk2iYuMlIsOSO4Ogd6F7uO,,,,,,,,,,,,,,,,,,,,,,pendiente,,
EFDA-F-S045-0021,S045,21,C41a60,Revolución septiembre de 1955 – Aerolíneas,si,C41a60-S45-0021.jpg,1NAW9iSVvfK8fvZuRIkmtILmBYat_SXsv,,,,,,,,,,,,,,,,,,,,,,pendiente,,
EFDA-F-S045-0022,S045,22,C41a60,Revolución septiembre de 1955 – Aerolíneas,si,C41a60-S45-0022.jpg,1k787BB2tBP5nI-qt_tZ-Fw5s3ljdlTuA,,,,,,,,,,,,,,,,,,,,,,pendiente,,
EFDA-F-S045-0023,S045,23,C41a60,Revolución septiembre de 1955 – Aerolíneas,si,C41a60-S45-0023.jpg,1lyUN9XZ2ijZkomeueX6iUTrft-mHyxDe,,,,,,,,,,,,,,,,,,,,,,pendiente,,
EFDA-F-S045-0024,S045,24,C41a60,Revolución septiembre de 1955 – Aerolíneas,si,C41a60-S45-0024.jpg,1La2IJMq2jqb29MIvb-ESU9WBdGxrEys2,,,,,,,,,,,,,,,,,,,,,,pendiente,,
EFDA-F-S045-0025,S045,25,C41a60,Revolución septiembre de 1955 – Aerolíneas,si,C41a60-S45-0025.jpg,1bhwWpJpfgC1BObqHsYp1iJhg38ZeizGY,,,,,,,,,,,,,,,,,,,,,,pendiente,,
EFDA-F-S045-0026,S045,26,C41a60,Revolución septiembre de 1955 – Aerolíneas,si,C41a60-S45-0026.jpg,1ZqpqLJs8s_QbgYueNqdVBVBMalV8si09,,,,,,,,,,,,,,,,,,,,,,pendiente,,
EFDA-F-S045-0027,S045,27,C41a60,Revolución septiembre de 1955 – Aerolíneas,si,C41a60-S45-0027.jpg,1rLcG4xH0Jg9rwsXCgs4voW3HkKG24oNl,,,,,,,,,,,,,,,,,,,,,,pendiente,,
EFDA-F-S045-0028,S045,28,C41a60,Revolución septiembre de 1955 – Aerolíneas,si,C41a60-S45-0028.jpg,1oH3L-Y35NE2YWV7Dal12U-pQw8xi5ITG,,,,,,,,,,,,,,,,,,,,,,pendiente,,
EFDA-F-S045-0029,S045,29,C41a60,Revolución septiembre de 1955 – Aerolíneas,si,C41a60-S45-0029.jpg,1VVAJ-QojU_jvMwzbuZBci8YOS4nsqo5d,,,,,,,,,,,,,,,,,,,,,,pendiente,,
EFDA-F-S045-0030,S045,30,C41a60,Revolución septiembre de 1955 – Aerolíneas,si,C41a60-S45-0030.jpg,1-XINUl_7gCr29r3NYXFXZrtErB8b7OLY,,,,,,,,,,,,,,,,,,,,,,pendiente,,
EFDA-F-S045-0031,S045,31,C41a60,Revolución septiembre de 1955 – Aerolíneas,si,C41a60-S45-0031.jpg,1qOHxmyHNHPf0A9vAFwX6qhofWLGrnxUz,,,,,,,,,,,,,,,,,,,,,,pendiente,,
EFDA-F-S045-0032,S045,32,C41a60,Revolución septiembre de 1955 – Aerolíneas,si,C41a60-S45-0032.jpg,1wXpUqvnWkQGYjhOpHgcv4m1xvlfINEeI,,,,,,,,,,,,,,,,,,,,,,pendiente,,
EFDA-F-S045-0033,S045,33,C41a60,Revolución septiembre de 1955 – Aerolíneas,si,C41a60-S45-0033.jpg,1SST6TVPeDesUM0WjrNojFWhVyUA6Vy1_,,,,,,,,,,,,,,,,,,,,,,pendiente,,
EFDA-F-S045-0034,S045,34,C41a60,Revolución septiembre de 1955 – Aerolíneas,si,C41a60-S45-0034.jpg,1OsWRLBSVM7-ok_mhvuZx-gLE_SSIlEy9,,,,,,,,,,,,,,,,,,,,,,pendiente,,
EFDA-F-S045-0035,S045,35,C41a60,Revolución septiembre de 1955 – Aerolíneas,si,C41a60-S45-0035.jpg,1qhtjpll3eq7BT40Chr_Va7wwvdjRp8eZ,,,,,,,,,,,,,,,,,,,,,,pendiente,,
EFDA-F-S045-0036,S045,36,C41a60,Revolución septiembre de 1955 – Aerolíneas,si,C41a60-S45-0036.jpg,1675OEfXvyhroe19x70kBTETe9aoP2rVJ,,,,,,,,,,,,,,,,,,,,,,pendiente,,
EFDA-F-S045-0037,S045,37,C41a60,Revolución septiembre de 1955 – Aerolíneas,si,C41a60-S45-0037.jpg,1h-UB_diimZnd305uU1qy0GnJn8q898Rf,,,,,,,,,,,,,,,,,,,,,,pendiente,,
EFDA-F-S045-0038,S045,38,C41a60,Revolución septiembre de 1955 – Aerolíneas,si,C41a60-S45-0038.jpg,1fJDxc7UAZfTYTq3dnZBnNtvAE74Y9Rkr,,,,,,,,,,,,,,,,,,,,,,pendiente,,
EFDA-F-S045-0039,S045,39,C41a60,Revolución septiembre de 1955 – Aerolíneas,si,C41a60-S45-0039.jpg,1ALnLG0vGSvjcEe-PfzbATvBVQGYrWUoE,,,,,,,,,,,,,,,,,,,,,,pendiente,,
EFDA-F-S045-0040,S045,40,C41a60,Revolución septiembre de 1955 – Aerolíneas,si,C41a60-S45-0040.jpg,12lFYtIEQvYK45W0V1ZXKVUDT_JxnUenV,,,,,,,,,,,,,,,,,,,,,,pendiente,,
EFDA-F-S045-0041,S045,41,C41a60,Revolución septiembre de 1955 – Aerolíneas,si,C41a60-S45-0041.jpg,17HQrvdfEeAy8TTFXnwL2scSgWLX7h6q5,,,,,,,,,,,,,,,,,,,,,,pendiente,,
EFDA-F-S045-0042,S045,42,C41a60,Revolución septiembre de 1955 – Aerolíneas,si,C41a60-S45-0042.jpg,1Dii6grnBYXBq-Gzrbs_1uWwcRSvmkbEz,,,,,,,,,,,,,,,,,,,,,,pendiente,,
EFDA-F-S045-0043,S045,43,C41a60,Revolución septiembre de 1955 – Aerolíneas,si,C41a60-S45-0043.jpg,1H_0HwZbXJYAXZZ6LlC0vMHzs8iTfOxTu,,,,,,,,,,,,,,,,,,,,,,pendiente,,
EFDA-F-S045-0044,S045,44,C41a60,Revolución septiembre de 1955 – Aerolíneas,si,C41a60-S45-0044.jpg,1YcRw9z1gx0SqGnxG7zpCvo5fiw-VUqQL,,,,,,,,,,,,,,,,,,,,,,pendiente,,
EFDA-F-S045-0045,S045,45,C41a60,Revolución septiembre de 1955 – Aerolíneas,si,C41a60-S45-0045.jpg,1noSjct79AKF6t7EVOJRcMbLHLiVF62ve,,,,,,,,,,,,,,,,,,,,,,pendiente,,
EFDA-F-S045-0046,S045,46,C41a60,Revolución septiembre de 1955 – Aerolíneas,si,C41a60-S45-0046.jpg,1oPaRpAz08WZyARTzhceY_vRBcAUjTjed,,,,,,,,,,,,,,,,,,,,,,pendiente,,
EFDA-F-S045-0047,S045,47,C41a60,Revolución septiembre de 1955 – Aerolíneas,si,C41a60-S45-0047.jpg,1hOv1kibt-j9p4GDqH7ASDKxtSMEONdvL,,,,,,,,,,,,,,,,,,,,,,pendiente,,
EFDA-F-S045-0048,S045,48,C41a60,Revolución septiembre de 1955 – Aerolíneas,si,C41a60-S45-0048.jpg,1Goyp0tqsYjvxH92pmtOrlZwYEJI3gcbS,,,,,,,,,,,,,,,,,,,,,,pendiente,,
EFDA-F-S045-0049,S045,49,C41a60,Revolución septiembre de 1955 – Aerolíneas,si,C41a60-S45-0049.jpg,10mo2PDDBibiChLaW00r-wWn6UFh2EES4,,,,,,,,,,,,,,,,,,,,,,pendiente,,
EFDA-F-S045-0050,S045,50,C41a60,Revolución septiembre de 1955 – Aerolíneas,si,C41a60-S45-0050.jpg,104iM7Sgxzw3tW_A1HeZlBuY8orGyNKVt,,,,,,,,,,,,,,,,,,,,,,pendiente,,
EFDA-F-S046-0001,S046,1,C41a60,"Teatro: ""Fin de semana""",,C41a60-S46-0001.jpg,1pKcBRpm5pLz_eSs0ZGi6Zw20UpRmq3pE,,,,,,,,,,,,,,,,,,,,,,pendiente,,
EFDA-F-S046-0002,S046,2,C41a60,"Teatro: ""Fin de semana""",,C41a60-S46-0002.jpg,1-7G1dQVXvsgDKjnjxod0LpDI6eIHcKaK,,,,,,,,,,,,,,,,,,,,,,pendiente,,
EFDA-F-S046-0003,S046,3,C41a60,"Teatro: ""Fin de semana""",,C41a60-S46-0003.jpg,1n3QyO9bMFype-aOBK8qj-tQznfmeNcpA,,,,,,,,,,,,,,,,,,,,,,pendiente,,
EFDA-F-S046-0004,S046,4,C41a60,"Teatro: ""Fin de semana""",,C41a60-S46-0004.jpg,1JXltK2v_cesZb21GNjjNgX4wGlvc8RjZ,,,,,,,,,,,,,,,,,,,,,,pendiente,,
EFDA-F-S046-0005,S046,5,C41a60,"Teatro: ""Fin de semana""",,C41a60-S46-0005.jpg,18_6BeUpskKSgsR1HCbeX8MylsSjUilDe,,,,,,,,,,,,,,,,,,,,,,pendiente,,
EFDA-F-S046-0006,S046,6,C41a60,"Teatro: ""Fin de semana""",,C41a60-S46-0006.jpg,10CYYrKcvpTGxTX3uu_z3sEI8aWg4Xs33,,,,,,,,,,,,,,,,,,,,,,pendiente,,
EFDA-F-S046-0007,S046,7,C41a60,"Teatro: ""Fin de semana""",,C41a60-S46-0007.jpg,1G_lS81XTQI2jvznaBDnco98eR8J1KT4T,,,,,,,,,,,,,,,,,,,,,,pendiente,,
EFDA-F-S046-0008,S046,8,C41a60,"Teatro: ""Fin de semana""",,C41a60-S46-0008.jpg,1VBDl-PYC4X5naiE1T-LWnVPyA2B9191D,,,,,,,,,,,,,,,,,,,,,,pendiente,,
EFDA-F-S046-0009,S046,9,C41a60,"Teatro: ""Fin de semana""",,C41a60-S46-0009.jpg,1a1iBuYso4--rEXKv0CnSkfp4jzj7XCJs,,,,,,,,,,,,,,,,,,,,,,pendiente,,
EFDA-F-S046-0010,S046,10,C41a60,"Teatro: ""Fin de semana""",,C41a60-S46-0010.jpg,1c2Fd6tnfPHTI5wbkS3eOuIFaxcBYZSfR,,,,,,,,,,,,,,,,,,,,,,pendiente,,
EFDA-F-S046-0011,S046,11,C41a60,"Teatro: ""Fin de semana""",,C41a60-S46-0011.jpg,1P7kCjHgnUVNW9COKXqjSWFX6bDRuoall,,,,,,,,,,,,,,,,,,,,,,pendiente,,
EFDA-F-S046-0012,S046,12,C41a60,"Teatro: ""Fin de semana""",,C41a60-S46-0012.jpg,1zSQW43EDjf0nwTPntdIN1cQK5SmNjqD3,,,,,,,,,,,,,,,,,,,,,,pendiente,,
EFDA-F-S046-0013,S046,13,C41a60,"Teatro: ""Fin de semana""",,C41a60-S46-0013.jpg,1CCM6_OvDdE-46v6H2tE2fnuk5zOl7TId,,,,,,,,,,,,,,,,,,,,,,pendiente,,
EFDA-F-S046-0014,S046,14,C41a60,"Teatro: ""Fin de semana""",,C41a60-S46-0014.jpg,1UARFe_LxMdEaTuFDUlAPDUxfhLrlGtDX,,,,,,,,,,,,,,,,,,,,,,pendiente,,
EFDA-F-S046-0015,S046,15,C41a60,"Teatro: ""Fin de semana""",,C41a60-S46-0015.jpg,13zXVZICfvhhIbMW3VE0YU5Fg0y92gTAH,,,,,,,,,,,,,,,,,,,,,,pendiente,,
EFDA-F-S046-0016,S046,16,C41a60,"Teatro: ""Fin de semana""",,C41a60-S46-0016.jpg,1Pr3_9OwPyMnvqMQ96T4IipzNhcP3VAXg,,,,,,,,,,,,,,,,,,,,,,pendiente,,
EFDA-F-S046-0017,S046,17,C41a60,"Teatro: ""Fin de semana""",,C41a60-S46-0017.jpg,1M0W0CrIFf8nYuM7HEPhw6afgywGlU7aD,,,,,,,,,,,,,,,,,,,,,,pendiente,,
EFDA-F-S046-0018,S046,18,C41a60,"Teatro: ""Fin de semana""",,C41a60-S46-0018.jpg,1knJEcdQm4DKSZtKjOg62CGm2Ubsx31xG,,,,,,,,,,,,,,,,,,,,,,pendiente,,
EFDA-F-S046-0019,S046,19,C41a60,"Teatro: ""Fin de semana""",,C41a60-S46-0019.jpg,1gZI1y0rCii48I4wzT3PrfXIhafktfOPr,,,,,,,,,,,,,,,,,,,,,,pendiente,,
EFDA-F-S046-0020,S046,20,C41a60,"Teatro: ""Fin de semana""",,C41a60-S46-0020.jpg,1j7_ss_zK2sXfkNGzDlQYsMCx1CwvWEsP,,,,,,,,,,,,,,,,,,,,,,pendiente,,
EFDA-F-S046-0021,S046,21,C41a60,"Teatro: ""Fin de semana""",,C41a60-S46-0021.jpg,1Fq2E10ow33Is0zheDTZMJicsYSypokm6,,,,,,,,,,,,,,,,,,,,,,pendiente,,
EFDA-F-S046-0022,S046,22,C41a60,"Teatro: ""Fin de semana""",,C41a60-S46-0022.jpg,1iZDstHqkvbC0HnZ-UcrDp56Dyz9bu1yA,,,,,,,,,,,,,,,,,,,,,,pendiente,,
EFDA-F-S046-0023,S046,23,C41a60,"Teatro: ""Fin de semana""",,C41a60-S46-0023.jpg,1zpm7FILyn-H6C7BRyiK81KgKZP6f_IQt,,,,,,,,,,,,,,,,,,,,,,pendiente,,
EFDA-F-S046-0024,S046,24,C41a60,"Teatro: ""Fin de semana""",,C41a60-S46-0024.jpg,1-ZpM4JyOaddx0Wvovy47BR_eFhTreuD4,,,,,,,,,,,,,,,,,,,,,,pendiente,,
EFDA-F-S046-0025,S046,25,C41a60,"Teatro: ""Fin de semana""",,C41a60-S46-0025.jpg,1h-sFnioizTxyOV6fOk1S1axrQQb7Y_Gv,C41a60-S46-0025r.jpg,1uCFaOW-eWA5FlAYqWbWeMH0HIm7XyPXe,,,,,,,,,,,,,,,,,,,,pendiente,,
EFDA-F-S046-0026,S046,26,C41a60,"Teatro: ""Fin de semana""",,C41a60-S46-0026.jpg,107njmKuaNRbqkC_0mLU22eQ_KJ9DTFRK,C41a60-S46-0026r.jpg,1U00-xvWRsuvVAFWqD2ryql3WWXUA6WQF,,,,,,,,,,,,,,,,,,,,pendiente,,
EFDA-F-S046-0027,S046,27,C41a60,"Teatro: ""Fin de semana""",,C41a60-S46-0027.jpg,1mS4vwaJGn6etphVjPll3MueUmCJjdQcW,,,,,,,,,,,,,,,,,,,,,,pendiente,,
EFDA-F-S046-0028,S046,28,C41a60,"Teatro: ""Fin de semana""",,C41a60-S46-0028.jpg,1ZuRmx4VtlhRIkzjQ-neD6YKr0zF6F4g3,,,,,,,,,,,,,,,,,,,,,,pendiente,,
EFDA-F-S046-0029,S046,29,C41a60,"Teatro: ""Fin de semana""",,C41a60-S46-0029.jpg,18E19ZNDDZROYYg-YYxEiqiWKUdxE2Czr,,,,,,,,,,,,,,,,,,,,,,pendiente,,
EFDA-F-S046-0030,S046,30,C41a60,"Teatro: ""Fin de semana""",,C41a60-S46-0030.jpg,1YYXeSeJ6gKeHRwky13RK8-mZhwfxgggQ,,,,,,,,,,,,,,,,,,,,,,pendiente,,
EFDA-F-S047-0001,S047,1,C41a60,Dr. Abraham Jaroslavsky,,C41a60-S47-0001.jpg,1TPQr4XkO5U0koIGTssw1W7dK_qqreVq1,,,,,,,,,,,,,,,,,,,,,,pendiente,,
EFDA-F-S047-0002,S047,2,C41a60,Dr. Abraham Jaroslavsky,,C41a60-S47-0002.jpg,1jF8ZAWj5tZuWkjVSZKPCH2t0UkPMZnej,,,,,,,,,,,,,,,,,,,,,,pendiente,,
EFDA-F-S047-0003,S047,3,C41a60,Dr. Abraham Jaroslavsky,,C41a60-S47-0003.jpg,1DpLPugzfPrx0V-VNJiwQ-fjL2vR_8_t4,,,,,,,,,,,,,,,,,,,,,,pendiente,,
EFDA-F-S047-0004,S047,4,C41a60,Dr. Abraham Jaroslavsky,,C41a60-S47-0004.jpg,1DOsb4mNYTH8SnyFVHGslJvVSPm2QahnJ,,,,,,,,,,,,,,,,,,,,,,pendiente,,
EFDA-F-S047-0005,S047,5,C41a60,Dr. Abraham Jaroslavsky,,C41a60-S47-0005.jpg,1Cj82m5hINTx2TRcv3cUA7S-2ovwA4PHU,,,,,,,,,,,,,,,,,,,,,,pendiente,,
EFDA-F-S047-0006,S047,6,C41a60,Dr. Abraham Jaroslavsky,,C41a60-S47-0006.jpg,1eMFwFYqdbHVj6BK9EomE9HWdwBMCgcae,,,,,,,,,,,,,,,,,,,,,,pendiente,,
EFDA-F-S047-0007,S047,7,C41a60,Dr. Abraham Jaroslavsky,,C41a60-S47-0007.jpg,1da3Gb84UJ-I7kZK2OzT446i0c5JIRpdR,,,,,,,,,,,,,,,,,,,,,,pendiente,,
EFDA-F-S047-0008,S047,8,C41a60,Dr. Abraham Jaroslavsky,,C41a60-S47-0008.jpg,1vSq4XEHXrlBpGqGzH6B8yVJD4Gw_lrr5,,,,,,,,,,,,,,,,,,,,,,pendiente,,
EFDA-F-S047-0009,S047,9,C41a60,Dr. Abraham Jaroslavsky,,C41a60-S47-0009.jpg,1Tmct9nFQKlXoDmhS0pwbMw8M7mgEdsDO,,,,,,,,,,,,,,,,,,,,,,pendiente,,
EFDA-F-S047-0010,S047,10,C41a60,Dr. Abraham Jaroslavsky,,C41a60-S47-0010.jpg,10nrotvjmSvwGs22DuES3qJ0oiO7AweH9,C41a60-S47-0010r.jpg,1As5CZeXnGqWbPeOq9Kt130uJHm9Nshfw,,,,,,,,,,,,,,,,,,,,pendiente,,
EFDA-F-S048-0001,S048,1,C41a60,Euclides Ventura Cardoso y comitiva Caja Ahorro,si,C41a60-S48-0001.jpg,1jZ79FlA5Up-cuhPqGtbOIK6_L4Y06AlJ,,,,,,,,,,,,,,,,,,,,,,pendiente,,
EFDA-F-S048-0002,S048,2,C41a60,Euclides Ventura Cardoso y comitiva Caja Ahorro,si,C41a60-S48-0002.jpg,16em6VKipWnSw5JerG8ePhtolp_H7Gh94,C41a60-S48-0002r.jpg,1gkf0hR3rl5NGgfdwmW3B0XMi-J0IftRa,,,,,,,,,,,,,,,,,,,,pendiente,,
EFDA-F-S048-0003,S048,3,C41a60,Euclides Ventura Cardoso y comitiva Caja Ahorro,si,C41a60-S48-0003.jpg,19O2KGLKw-S7byKBWtSbFoiUhJF9786u3,C41a60-S48-0003r.jpg,1AUxqJ2vRtKPsse2I4a8xtnvmPddfruY9,,,,,,,,,,,,,,,,,,,,pendiente,,
EFDA-F-S048-0004,S048,4,C41a60,Euclides Ventura Cardoso y comitiva Caja Ahorro,si,C41a60-S48-0004.jpg,1d91mAR7SMM-cA1Cr7Q5sBM2m09wc5KVw,,,,,,,,,,,,,,,,,,,,,,pendiente,,
EFDA-F-S048-0005,S048,5,C41a60,Euclides Ventura Cardoso y comitiva Caja Ahorro,si,C41a60-S48-0005.jpg,1DZo6yB3-0nMprYBhUtdssQzMcu2Ydxti,,,,,,,,,,,,,,,,,,,,,,pendiente,,
EFDA-F-S048-0006,S048,6,C41a60,Euclides Ventura Cardoso y comitiva Caja Ahorro,si,C41a60-S48-0006.jpg,1iLWnB_ZDtlyF_ZSL9h1sQZb94His9w54,,,,,,,,,,,,,,,,,,,,,,pendiente,,
EFDA-F-S048-0007,S048,7,C41a60,Euclides Ventura Cardoso y comitiva Caja Ahorro,si,C41a60-S48-0007.jpg,1Ujsq88lRTKLG-GdKmCvGFxm8bNhpWsoM,,,,,,,,,,,,,,,,,,,,,,pendiente,,
EFDA-F-S048-0008,S048,8,C41a60,Euclides Ventura Cardoso y comitiva Caja Ahorro,si,C41a60-S48-0008.jpg,1AulTPRS07wXQG961ziy3U9WjAbVbybTu,,,,,,,,,,,,,,,,,,,,,,pendiente,,
EFDA-F-S048-0009,S048,9,C41a60,Euclides Ventura Cardoso y comitiva Caja Ahorro,si,C41a60-S48-0009.jpg,1a4klrLR_VAU9NygRpJMPrP2cRrrkckMP,,,,,,,,,,,,,,,,,,,,,,pendiente,,
EFDA-F-S048-0010,S048,10,C41a60,Euclides Ventura Cardoso y comitiva Caja Ahorro,si,C41a60-S48-0010.jpg,1B0ie-ic8HCoL9CAWictwbsXv0jwpn4ro,,,,,,,,,,,,,,,,,,,,,,pendiente,,
EFDA-F-S048-0011,S048,11,C41a60,Euclides Ventura Cardoso y comitiva Caja Ahorro,si,C41a60-S48-0011.jpg,1AkZF4-vkWkjdCdKpWd5rJlkLvU2_qpeC,,,,,,,,,,,,,,,,,,,,,,pendiente,,
EFDA-F-S048-0012,S048,12,C41a60,Euclides Ventura Cardoso y comitiva Caja Ahorro,si,C41a60-S48-0012.jpg,1y69CGvDfEXerB2JjgM5ryqzYbS04uopq,,,,,,,,,,,,,,,,,,,,,,pendiente,,
EFDA-F-S048-0013,S048,13,C41a60,Euclides Ventura Cardoso y comitiva Caja Ahorro,si,C41a60-S48-0013.jpg,1kSBxlNErK9J6WG6v0Qldwc3BNdgpPi6p,,,,,,,,,,,,,,,,,,,,,,pendiente,,
EFDA-F-S048-0014,S048,14,C41a60,Euclides Ventura Cardoso y comitiva Caja Ahorro,si,C41a60-S48-0014.jpg,1TUPEbpZ3I8U9c5moYedkhBOhLjgJqKwr,,,,,,,,,,,,,,,,,,,,,,pendiente,,
EFDA-F-S048-0015,S048,15,C41a60,Euclides Ventura Cardoso y comitiva Caja Ahorro,si,C41a60-S48-0015.jpg,1T3QXUpZNy8UjquiVV91LiGx5JzuDMooi,,,,,,,,,,,,,,,,,,,,,,pendiente,,
EFDA-F-S048-0016,S048,16,C41a60,Euclides Ventura Cardoso y comitiva Caja Ahorro,si,C41a60-S48-0016.jpg,1FwY-1ZIJPN0rwtxXpUC72Fs79OKQYUyY,,,,,,,,,,,,,,,,,,,,,,pendiente,,
EFDA-F-S048-0017,S048,17,C41a60,Euclides Ventura Cardoso y comitiva Caja Ahorro,si,C41a60-S48-0017.jpg,1PyfMC5M-50tQcJCopuGrn3UTl86elvqH,,,,,,,,,,,,,,,,,,,,,,pendiente,,
EFDA-F-S048-0018,S048,18,C41a60,Euclides Ventura Cardoso y comitiva Caja Ahorro,si,C41a60-S48-0018.jpg,1oSpQFcjrZHPu97Wy-jZ5lnWaCrfSSLOH,,,,,,,,,,,,,,,,,,,,,,pendiente,,
EFDA-F-S048-0019,S048,19,C41a60,Euclides Ventura Cardoso y comitiva Caja Ahorro,si,C41a60-S48-0019.jpg,1T_HoHnqRH738BsT5ozSyxtDmrPdOuHR-,,,,,,,,,,,,,,,,,,,,,,pendiente,,
EFDA-F-S048-0020,S048,20,C41a60,Euclides Ventura Cardoso y comitiva Caja Ahorro,si,C41a60-S48-0020.jpg,1heZNMbPFRXpmN6pyDVtmR8xDNyCK8X1z,,,,,,,,,,,,,,,,,,,,,,pendiente,,
EFDA-F-S048-0021,S048,21,C41a60,Euclides Ventura Cardoso y comitiva Caja Ahorro,si,C41a60-S48-0021.jpg,1LFIiG7wyV_TCHd-9j05SUHIl0W6b-LX5,,,,,,,,,,,,,,,,,,,,,,pendiente,,
EFDA-F-S048-0022,S048,22,C41a60,Euclides Ventura Cardoso y comitiva Caja Ahorro,si,C41a60-S48-0022.jpg,1mnjSgovdaCpZw0q6-H31VLipG1qZBnxu,,,,,,,,,,,,,,,,,,,,,,pendiente,,
EFDA-F-S049-0001,S049,1,C41a60,"Teatro: ""El zoo de cristal""",,C41a60-S49-0001.jpg,1vA8y9ogcTGYhoFrgMgxwQusfM_ByyWIX,,,,,,,,,,,,,,,,,,,,,,pendiente,,
EFDA-F-S049-0002,S049,2,C41a60,"Teatro: ""El zoo de cristal""",,C41a60-S49-0002.jpg,1NVILVkQxZJRwsxc9djw6D_ADecdLr9FU,C41a60-S49-0002r.jpg,1kXl57KKRt-nULRWozVx-7L9nYesgOaVH,,,,,,,,,,,,,,,,,,,,pendiente,,
EFDA-F-S049-0003,S049,3,C41a60,"Teatro: ""El zoo de cristal""",,C41a60-S49-0003.jpg,1dEb8eM5sB3TgbVXJP_RFCh6DoKxIkWlF,,,,,,,,,,,,,,,,,,,,,,pendiente,,
EFDA-F-S049-0004,S049,4,C41a60,"Teatro: ""El zoo de cristal""",,C41a60-S49-0004.jpg,1nuQuduzpjrp65jkLuyXonxNlZzD0rzC-,,,,,,,,,,,,,,,,,,,,,,pendiente,,
EFDA-F-S049-0005,S049,5,C41a60,"Teatro: ""El zoo de cristal""",,C41a60-S49-0005.jpg,1wx8XSkE5L5gI3x4lVBFIOK8lAjIKgQGI,,,,,,,,,,,,,,,,,,,,,,pendiente,,
EFDA-F-S049-0006,S049,6,C41a60,"Teatro: ""El zoo de cristal""",,C41a60-S49-0006.jpg,1x8bK73FjGCoOmAjqdafCEC_TgQE7vRte,,,,,,,,,,,,,,,,,,,,,,pendiente,,
EFDA-F-S049-0007,S049,7,C41a60,"Teatro: ""El zoo de cristal""",,C41a60-S49-0007.jpg,1Pcbhp4wZBBD_D5d6rUvih3aGpka_UkB9,,,,,,,,,,,,,,,,,,,,,,pendiente,,
EFDA-F-S049-0008,S049,8,C41a60,"Teatro: ""El zoo de cristal""",,C41a60-S49-0008.jpg,1LigmGxrXsSSyMWqkWDhLX6MfSuo3r5Ve,,,,,,,,,,,,,,,,,,,,,,pendiente,,
EFDA-F-S050-0001,S050,1,C41a60,Adolfo Guidoni – Tito Diric,si,C41a60-S50-0001.jpg,1eLBHEMsEXHH_wJrT-oub-ue7F_ZcRgi6,,,,,,,,,,,,,,,,,,,,,,pendiente,,
EFDA-F-S050-0002,S050,2,C41a60,Adolfo Guidoni – Tito Diric,si,C41a60-S50-0002.jpg,1VbAIkgX8AKBI7yZUpprJfaT2Wn2DZCWi,,,,,,,,,,,,,,,,,,,,,,pendiente,,
EFDA-F-S050-0003,S050,3,C41a60,Adolfo Guidoni – Tito Diric,si,C41a60-S50-0003.jpg,1AIpBCy10_iDuqU-MaD7NulRfg5BrdVqU,,,,,,,,,,,,,,,,,,,,,,pendiente,,
EFDA-F-S050-0004,S050,4,C41a60,Adolfo Guidoni – Tito Diric,si,C41a60-S50-0004.jpg,1sN7ZrQObJ3DGMAYP-Z5xno9CWvTEUdev,,,,,,,,,,,,,,,,,,,,,,pendiente,,
EFDA-F-S050-0005,S050,5,C41a60,Adolfo Guidoni – Tito Diric,si,C41a60-S50-0005.jpg,1-glVc8hk41t_GaWPQLCQFpktRKMZSsrK,,,,,,,,,,,,,,,,,,,,,,pendiente,,
EFDA-F-S050-0006,S050,6,C41a60,Adolfo Guidoni – Tito Diric,si,C41a60-S50-0006.jpg,1dXdyIJEfN9PduXsYrtH8qOiZy6-Pktsq,,,,,,,,,,,,,,,,,,,,,,pendiente,,
EFDA-F-S050-0007,S050,7,C41a60,Adolfo Guidoni – Tito Diric,si,C41a60-S50-0007.jpg,1G6ClVatf3WUmUOWqr1Z4ceXmQ8f7AcIM,,,,,,,,,,,,,,,,,,,,,,pendiente,,
EFDA-F-S050-0008,S050,8,C41a60,Adolfo Guidoni – Tito Diric,si,C41a60-S50-0008.jpg,1N6CzN0mWt_MsnLU4krq0Zoxj2MQGcIUx,,,,,,,,,,,,,,,,,,,,,,pendiente,,
EFDA-F-S050-0009,S050,9,C41a60,Adolfo Guidoni – Tito Diric,si,C41a60-S50-0009.jpg,1uwy2oLI-BcT5ER4tk5_rVFWJ1WAkxvBH,,,,,,,,,,,,,,,,,,,,,,pendiente,,
EFDA-F-S050-0010,S050,10,C41a60,Adolfo Guidoni – Tito Diric,si,C41a60-S50-0010.jpg,1pm6ze4Mq3LDA-x7eLfa1ODxrgHo-On0T,,,,,,,,,,,,,,,,,,,,,,pendiente,,
EFDA-F-S050-0011,S050,11,C41a60,Adolfo Guidoni – Tito Diric,si,C41a60-S50-0011.jpg,1O57SZKmomzt8CKp1yppSdW8J_0NnIeyb,,,,,,,,,,,,,,,,,,,,,,pendiente,,
EFDA-F-S050-0012,S050,12,C41a60,Adolfo Guidoni – Tito Diric,si,C41a60-S50-0012.jpg,1Lr4jH4BLcNSlnfHBzJXVkq2ihBGGw6iH,,,,,,,,,,,,,,,,,,,,,,pendiente,,
EFDA-F-S050-0013,S050,13,C41a60,Adolfo Guidoni – Tito Diric,si,C41a60-S50-0013.jpg,1eM8UFzwerZnKfpdMdtUlPUrSPdQr6ZBU,,,,,,,,,,,,,,,,,,,,,,pendiente,,
EFDA-F-S050-0014,S050,14,C41a60,Adolfo Guidoni – Tito Diric,si,C41a60-S50-0014.jpg,1a_mvxIv8HFhpGKPAo4bqKXhKxx0p9BRq,,,,,,,,,,,,,,,,,,,,,,pendiente,,
EFDA-F-S050-0015,S050,15,C41a60,Adolfo Guidoni – Tito Diric,si,C41a60-S50-0015.jpg,1tz9GIwPMdI6JbB8e-jzX7lJD3Rt3wFR9,,,,,,,,,,,,,,,,,,,,,,pendiente,,
EFDA-F-S050-0016,S050,16,C41a60,Adolfo Guidoni – Tito Diric,si,C41a60-S50-0016.jpg,1XtLgZscTbc90m3CKqMn2ayrplwDYFbWd,C41a60-S50-0016r.jpg,1AP8igBaxHzJ7277jflFqJF7BFJeq5AH2,,,,,,,,,,,,,,,,,,,,pendiente,,
EFDA-F-S051-0001,S051,1,C41a60,Inauguración mural de Demetrio Urruchúa,,C41a60-S51-0001.jpg,1LVT4LtdXZhWmRETy6x7ObFtBrW7zOFsE,,,,,,,,,,,,,,,,,,,,,,pendiente,,
EFDA-F-S051-0002,S051,2,C41a60,Inauguración mural de Demetrio Urruchúa,,C41a60-S51-0002.jpg,1lC-2QmI1DoVa-2uFtxAosmvRHtlJ1Ids,,,,,,,,,,,,,,,,,,,,,,pendiente,,
EFDA-F-S051-0003,S051,3,C41a60,Inauguración mural de Demetrio Urruchúa,,C41a60-S51-0003.jpg,1FkfwPKXuzDzNlGZA97CCSD8lT_3m-8Vj,,,,,,,,,,,,,,,,,,,,,,pendiente,,
EFDA-F-S051-0004,S051,4,C41a60,Inauguración mural de Demetrio Urruchúa,,C41a60-S51-0004.jpg,1qTyQq6VdM3Quop0Yf52LhVr4FJCGt-4n,,,,,,,,,,,,,,,,,,,,,,pendiente,,
EFDA-F-S051-0005,S051,5,C41a60,Inauguración mural de Demetrio Urruchúa,,C41a60-S51-0005.jpg,13gg1Fa7a-YZGmniGvq0hICo-ddK_A0lK,,,,,,,,,,,,,,,,,,,,,,pendiente,,
EFDA-F-S051-0006,S051,6,C41a60,Inauguración mural de Demetrio Urruchúa,,C41a60-S51-0006.jpg,1-rhCnazK5AFd--fVmjzaFueBunebKm4-,,,,,,,,,,,,,,,,,,,,,,pendiente,,
EFDA-F-S051-0007,S051,7,C41a60,Inauguración mural de Demetrio Urruchúa,,C41a60-S51-0007.jpg,1OrqsjOq9649nAoCTo7UvSPmGC79K17pz,,,,,,,,,,,,,,,,,,,,,,pendiente,,
EFDA-F-S051-0008,S051,8,C41a60,Inauguración mural de Demetrio Urruchúa,,C41a60-S51-0008.jpg,1SY6rqH1Hjks_iGI1huP32dvg9OlhrCqs,,,,,,,,,,,,,,,,,,,,,,pendiente,,
EFDA-F-S051-0009,S051,9,C41a60,Inauguración mural de Demetrio Urruchúa,,C41a60-S51-0009.jpg,1GTLUBBvqjB1mG-xEdnjrTp04UJcXhZND,,,,,,,,,,,,,,,,,,,,,,pendiente,,
EFDA-F-S051-0010,S051,10,C41a60,Inauguración mural de Demetrio Urruchúa,,C41a60-S51-0010.jpg,1NdYGXwrwiYqF1oUCczLf5WnoU565Rfyi,,,,,,,,,,,,,,,,,,,,,,pendiente,,
EFDA-F-S051-0011,S051,11,C41a60,Inauguración mural de Demetrio Urruchúa,,C41a60-S51-0011.jpg,1r0ec3t0g1Wssnj0o4yFlr4CKd1nh7i7w,,,,,,,,,,,,,,,,,,,,,,pendiente,,
EFDA-F-S051-0012,S051,12,C41a60,Inauguración mural de Demetrio Urruchúa,,C41a60-S51-0012.jpg,1DdSAvPUmzUOnv5yhIbht5BYpC0wEzynZ,,,,,,,,,,,,,,,,,,,,,,pendiente,,
EFDA-F-S051-0013,S051,13,C41a60,Inauguración mural de Demetrio Urruchúa,,C41a60-S51-0013.jpg,1bADyFVTvbr0d9I78btEVZvde8B5OLLhi,,,,,,,,,,,,,,,,,,,,,,pendiente,,
EFDA-F-S051-0014,S051,14,C41a60,Inauguración mural de Demetrio Urruchúa,,C41a60-S51-0014.jpg,11R43WdeTtSUgRSWn_VN0GtwTB6_GM42J,,,,,,,,,,,,,,,,,,,,,,pendiente,,
EFDA-F-S051-0015,S051,15,C41a60,Inauguración mural de Demetrio Urruchúa,,C41a60-S51-0015.jpg,1RNfUC1rrrbC3Zd4i5Br-EKUbxcEnyuwF,,,,,,,,,,,,,,,,,,,,,,pendiente,,
EFDA-F-S051-0016,S051,16,C41a60,Inauguración mural de Demetrio Urruchúa,,C41a60-S51-0016.jpg,1Ebrqx3It7eR-d4VH77R4qs8W42m2rMmh,,,,,,,,,,,,,,,,,,,,,,pendiente,,
EFDA-F-S051-0017,S051,17,C41a60,Inauguración mural de Demetrio Urruchúa,,C41a60-S51-0017.jpg,1qupM0I-4vkc14Z28CYM1fN23XQfwIx0S,,,,,,,,,,,,,,,,,,,,,,pendiente,,
EFDA-F-S051-0018,S051,18,C41a60,Inauguración mural de Demetrio Urruchúa,,C41a60-S51-0018.jpg,16_xBrMwe3l4vNYheyMbTcYad-WNCWQW6,,,,,,,,,,,,,,,,,,,,,,pendiente,,
EFDA-F-S051-0019,S051,19,C41a60,Inauguración mural de Demetrio Urruchúa,,C41a60-S51-0019.jpg,14fqL0wItn1TBZHuv9kFlZsVy7q1pwZjM,,,,,,,,,,,,,,,,,,,,,,pendiente,,
EFDA-F-S051-0020,S051,20,C41a60,Inauguración mural de Demetrio Urruchúa,,C41a60-S51-0020.jpg,1hUZnYqwPKw3qxuIiXSf4hwm7P1byPkBe,,,,,,,,,,,,,,,,,,,,,,pendiente,,
EFDA-F-S051-0021,S051,21,C41a60,Inauguración mural de Demetrio Urruchúa,,C41a60-S51-0021.jpg,1LAEtG9A27XmsglcFkhorlLe9AxMkE8ST,,,,,,,,,,,,,,,,,,,,,,pendiente,,
EFDA-F-S051-0022,S051,22,C41a60,Inauguración mural de Demetrio Urruchúa,,C41a60-S51-0022.jpg,1ZauuzI3u0MavN0vj8eUx8rmAhQsvnAes,,,,,,,,,,,,,,,,,,,,,,pendiente,,
EFDA-F-S051-0023,S051,23,C41a60,Inauguración mural de Demetrio Urruchúa,,C41a60-S51-0023.jpg,1Ytw5qqET9m-kOaR0PFKlgz1UETl0GaRr,C41a60-S51-0023r.jpg,1rr-Nzr0lwlBQWUs5Rfq97lINzlL4jj84,,,,,,,,,,,,,,,,,,,,pendiente,,
EFDA-F-S051-0024,S051,24,C41a60,Inauguración mural de Demetrio Urruchúa,,C41a60-S51-0024.jpg,1d_8Xu3smrHjOUVqqw6TCSJbPt4ICzI3E,C41a60-S51-0024r.jpg,1RFWGasVV159FSPUbT4lsRFiRQrqLWG1w,,,,,,,,,,,,,,,,,,,,pendiente,,
EFDA-F-S052-0001,S052,1,C41a60,Ariel Ramírez,,C41a60-S52-0001.jpg,1_g363HRH5lkEK2x_krDnrQBKXkeyf4o_,,,,,,,,,,,,,,,,,,,,,,pendiente,,
EFDA-F-S052-0002,S052,2,C41a60,Ariel Ramírez,,C41a60-S52-0002.jpg,1kuqFXqJot3UTXcm8ANXmazrGMfN3TTGG,,,,,,,,,,,,,,,,,,,,,,pendiente,,
EFDA-F-S052-0003,S052,3,C41a60,Ariel Ramírez,,C41a60-S52-0003.jpg,1NWxTZSNcnf2VH0jj0kmjg080Wze-GMXo,,,,,,,,,,,,,,,,,,,,,,pendiente,,
EFDA-F-S052-0004,S052,4,C41a60,Ariel Ramírez,,C41a60-S52-0004.jpg,1m61SE1MF5xCEkyvJoLxuIi3Q5sFD1qcS,,,,,,,,,,,,,,,,,,,,,,pendiente,,
EFDA-F-S052-0005,S052,5,C41a60,Ariel Ramírez,,C41a60-S52-0005.jpg,1sIdMOfPdsfrHiAEqECvlIAEdBVAsoWW9,,,,,,,,,,,,,,,,,,,,,,pendiente,,
EFDA-F-S052-0006,S052,6,C41a60,Ariel Ramírez,,C41a60-S52-0006.jpg,1dLnElkyyy-Kxqe5AugWhR3wKtKgIj0GS,,,,,,,,,,,,,,,,,,,,,,pendiente,,
EFDA-F-S053-0001,S053,1,C41a60,"Teatro: ""Santiago o la sumisión""",,C41a60-S53-0001.jpg,14_Gs0xj3pM2DzfaV7em85wNVTdBI3mLY,,,,,,,,,,,,,,,,,,,,,,pendiente,,
EFDA-F-S053-0002,S053,2,C41a60,"Teatro: ""Santiago o la sumisión""",,C41a60-S53-0002.jpg,12uvu5jQsBj21hwumooeNeCzckwP3wCW9,,,,,,,,,,,,,,,,,,,,,,pendiente,,
EFDA-F-S053-0003,S053,3,C41a60,"Teatro: ""Santiago o la sumisión""",,C41a60-S53-0003.jpg,1IOUomktwDtMtnqOPUaZamy5bAq0_keK0,,,,,,,,,,,,,,,,,,,,,,pendiente,,
EFDA-F-S053-0004,S053,4,C41a60,"Teatro: ""Santiago o la sumisión""",,C41a60-S53-0004.jpg,1k_EZAhCUeddjHH0GZI42NJ88topLBjPB,,,,,,,,,,,,,,,,,,,,,,pendiente,,
EFDA-F-S053-0005,S053,5,C41a60,"Teatro: ""Santiago o la sumisión""",,C41a60-S53-0005.jpg,1fuQbs_KpBfgOVoZ44xgEVXVxCNPs0QAq,,,,,,,,,,,,,,,,,,,,,,pendiente,,
EFDA-F-S053-0006,S053,6,C41a60,"Teatro: ""Santiago o la sumisión""",,C41a60-S53-0006.jpg,1_WKB_vkj5r_ChA-uh0vSQcas2jx8Ikp0,,,,,,,,,,,,,,,,,,,,,,pendiente,,
EFDA-F-S053-0007,S053,7,C41a60,"Teatro: ""Santiago o la sumisión""",,C41a60-S53-0007.jpg,19MqXiilOMaRqGCRWWOrA4SIi5fJEziDS,,,,,,,,,,,,,,,,,,,,,,pendiente,,
EFDA-F-S053-0008,S053,8,C41a60,"Teatro: ""Santiago o la sumisión""",,C41a60-S53-0008.jpg,1VmL2l6snzMZQXb60JeoCj8R1J9w-cqbU,,,,,,,,,,,,,,,,,,,,,,pendiente,,
EFDA-F-S053-0009,S053,9,C41a60,"Teatro: ""Santiago o la sumisión""",,C41a60-S53-0009.jpg,1UkGOQLnSFl4OS8LgjFqVxBtPb5aNF1YZ,,,,,,,,,,,,,,,,,,,,,,pendiente,,
EFDA-F-S053-0010,S053,10,C41a60,"Teatro: ""Santiago o la sumisión""",,C41a60-S53-0010.jpg,1NrLgGCNa6sCpBcGaEtpZuYxV3VYt5uor,,,,,,,,,,,,,,,,,,,,,,pendiente,,
EFDA-F-S053-0011,S053,11,C41a60,"Teatro: ""Santiago o la sumisión""",,C41a60-S53-0011.jpg,1sbog-UvWcN-nEuU9-_JpUwjJMiYk9GB_,,,,,,,,,,,,,,,,,,,,,,pendiente,,
EFDA-F-S053-0012,S053,12,C41a60,"Teatro: ""Santiago o la sumisión""",,C41a60-S53-0012.jpg,1PbeQMmZeSBNGkzsOVEmP-YE9t09eUBDX,,,,,,,,,,,,,,,,,,,,,,pendiente,,
EFDA-F-S053-0013,S053,13,C41a60,"Teatro: ""Santiago o la sumisión""",,C41a60-S53-0013.jpg,1pj8bVx3WAjhsSxUeyPHeO2QGdYVFQW8v,,,,,,,,,,,,,,,,,,,,,,pendiente,,
EFDA-F-S053-0014,S053,14,C41a60,"Teatro: ""Santiago o la sumisión""",,C41a60-S53-0014.jpg,1cBY5KQ2zY_foV1rxc2sDOY9ctlamKn1e,,,,,,,,,,,,,,,,,,,,,,pendiente,,
EFDA-F-S053-0015,S053,15,C41a60,"Teatro: ""Santiago o la sumisión""",,C41a60-S53-0015.jpg,1opoPUwfTGOLLfipW8DOOwZxWg6wqcIlH,C41a60-S53-0015r.jpg,1W1MWbek2jelQ1oESdmJyZd7Feb3Iq-7f,,,,,,,,,,,,,,,,,,,,pendiente,,
EFDA-F-S053-0016,S053,16,C41a60,"Teatro: ""Santiago o la sumisión""",,C41a60-S53-0016.jpg,1SDLEkVxg-cw4rrSCSldRvUWF3QYg0U3F,C41a60-S53-0016r.jpg,1CBYvMm2W9pIEt2J3IvB8fUv1VyAUa-a9,,,,,,,,,,,,,,,,,,,,pendiente,,
EFDA-F-S054-0001,S054,1,C41a60,Robert Mac Errin,si,C41a60-S54-0001.jpg,1lVHG4YqoRAWOySD7U9fPbP8twsijy_hm,,,,,,,,,,,,,,,,,,,,,,pendiente,,
EFDA-F-S054-0002,S054,2,C41a60,Robert Mac Errin,si,C41a60-S54-0002.jpg,1uJRwsq1D9F4coj8IjJjEY_SQ0OKtmBlA,,,,,,,,,,,,,,,,,,,,,,pendiente,,
EFDA-F-S054-0003,S054,3,C41a60,Robert Mac Errin,si,C41a60-S54-0003.jpg,1MPXYzhp0H10hUznbep_haxs-w278Kc5x,,,,,,,,,,,,,,,,,,,,,,pendiente,,
EFDA-F-S054-0004,S054,4,C41a60,Robert Mac Errin,si,C41a60-S54-0004.jpg,1GdBSVPPOBNIXh4j49-4StKIuUX28-jDV,,,,,,,,,,,,,,,,,,,,,,pendiente,,
EFDA-F-S054-0005,S054,5,C41a60,Robert Mac Errin,si,C41a60-S54-0005.jpg,16G1iyUwcaerQ-tUspdi-UI7xS19L-OuI,,,,,,,,,,,,,,,,,,,,,,pendiente,,
EFDA-F-S054-0006,S054,6,C41a60,Robert Mac Errin,si,C41a60-S54-0006.jpg,15J2k574xTlCwy0t4kDtQMG9_4Zc76skN,,,,,,,,,,,,,,,,,,,,,,pendiente,,
EFDA-F-S054-0007,S054,7,C41a60,Robert Mac Errin,si,C41a60-S54-0007.jpg,1o4dBFfZqrxENFuDc8c6wlhoK9ymfq08p,,,,,,,,,,,,,,,,,,,,,,pendiente,,
EFDA-F-S055-0001,S055,1,C41a60,César Fernández Navarro,,C41a60-S55-0001.jpg,1GQXUa_6vGLKGibVQaG6kQzmAtCojMLq2,,,,,,,,,,,,,,,,,,,,,,pendiente,,
EFDA-F-S055-0002,S055,2,C41a60,César Fernández Navarro,,C41a60-S55-0002.jpg,15DecLrNRxThwpV4fzz-e34QPkI80IbeS,,,,,,,,,,,,,,,,,,,,,,pendiente,,
EFDA-F-S055-0003,S055,3,C41a60,César Fernández Navarro,,C41a60-S55-0003.jpg,1zhIxNVsLadPZT9n2NKTY83DyoxxVBvLU,,,,,,,,,,,,,,,,,,,,,,pendiente,,
EFDA-F-S055-0004,S055,4,C41a60,César Fernández Navarro,,C41a60-S55-0004.jpg,1F6Pa8wjGO_Wc4TCRJoyGq6efHF6tSkfS,,,,,,,,,,,,,,,,,,,,,,pendiente,,
EFDA-F-S055-0005,S055,5,C41a60,César Fernández Navarro,,C41a60-S55-0005.jpg,1dhl5lnXIDHsS1zxwABdfXUkndo9C-jDo,,,,,,,,,,,,,,,,,,,,,,pendiente,,
EFDA-F-S055-0006,S055,6,C41a60,César Fernández Navarro,,C41a60-S55-0006.jpg,1I5NHFneD9IqEctGGM_6pJv7vew6cX3L_,,,,,,,,,,,,,,,,,,,,,,pendiente,,
EFDA-F-S055-0007,S055,7,C41a60,César Fernández Navarro,,C41a60-S55-0007.jpg,1F1DUwsS1hJ_FJKRYFgCKMRE6YCPZLzdP,,,,,,,,,,,,,,,,,,,,,,pendiente,,
EFDA-F-S055-0008,S055,8,C41a60,César Fernández Navarro,,C41a60-S55-0008.jpg,1lvWuyFvGnDQfzRMed7nfJKstENZ4-m-5,C41a60-S55-0008r.jpg,1KPeYXZHOT_1WAdrpTEXB4S7MRNOk_lCa,,,,,,,,,,,,,,,,,,,,pendiente,,
EFDA-F-S055-0009,S055,9,C41a60,César Fernández Navarro,,C41a60-S55-0009.jpg,1Fj3qfAGTzeuGFtEK94QrM6MN79bVgpfh,C41a60-S55-0009r.jpg,1MTX682lHJioWNXO3yOv90sEDKBUqFPuO,,,,,,,,,,,,,,,,,,,,pendiente,,
EFDA-F-S056-0001,S056,1,C41a60,Oscar Alemán,,C41a60-S56-0001.jpg,1atBBnOoEmUftODopNrj07t0OAuv5ng59,,,,,,,,,,,,,,,,,,,,,,pendiente,,
EFDA-F-S056-0002,S056,2,C41a60,Oscar Alemán,,C41a60-S56-0002.jpg,11wFt2wfd2COsIE-TSYqAHD6lwGkJTVLA,C41a60-S56-0002r.jpg,1BwuXoROl8q2NPBB_MDmwU6Smp9wxqLcx,,,,,,,,,,,,,,,,,,,,pendiente,,
EFDA-F-S056-0003,S056,3,C41a60,Oscar Alemán,,C41a60-S56-0003.jpg,1UktDimSs6NQwFcJIGb3fW9vJ5UxiBxbz,C41a60-S56-0003r.jpg,1RDIjs1QgU7CgVBfWjR2-i7LYyphXLsRn,,,,,,,,,,,,,,,,,,,,pendiente,,
EFDA-F-S057-0001,S057,1,C41a60,Haydée Loustaunau,,C41a60-S57-0001.jpg,16wwsmC56CtyU5IJVrDZEAEAWrizgwhwb,,,,,,,,,,,,,,,,,,,,,,pendiente,,
EFDA-F-S057-0002,S057,2,C41a60,Haydée Loustaunau,,C41a60-S57-0002.jpg,1dy5W7CX1OALKi0Ss_qGWKXj7hsJ41Aku,,,,,,,,,,,,,,,,,,,,,,pendiente,,
EFDA-F-S057-0003,S057,3,C41a60,Haydée Loustaunau,,C41a60-S57-0003.jpg,1RycJ0gYAareirdUFhUj-ulYMe1cssmZA,,,,,,,,,,,,,,,,,,,,,,pendiente,,
EFDA-F-S057-0004,S057,4,C41a60,Haydée Loustaunau,,C41a60-S57-0004.jpg,1vBIOtZWB-E0w5I6m2R78qE4DUMwZ8mmT,,,,,,,,,,,,,,,,,,,,,,pendiente,,
EFDA-F-S057-0005,S057,5,C41a60,Haydée Loustaunau,,C41a60-S57-0005.jpg,1MxQ3W3TG-B-Umc88YJJL1_0YGmp6okN5,,,,,,,,,,,,,,,,,,,,,,pendiente,,
EFDA-F-S057-0006,S057,6,C41a60,Haydée Loustaunau,,C41a60-S57-0006.jpg,1KTHdpVI-LAc8japhsSuYR-5Wggw9WQRX,,,,,,,,,,,,,,,,,,,,,,pendiente,,
EFDA-F-S057-0007,S057,7,C41a60,Haydée Loustaunau,,C41a60-S57-0007.jpg,1i27F1Fdt8n2IDD5joA5LirQkXAiMPOId,,,,,,,,,,,,,,,,,,,,,,pendiente,,
EFDA-F-S057-0008,S057,8,C41a60,Haydée Loustaunau,,C41a60-S57-0008.jpg,1WsTobLtAhl-N9cJ9daHoLXz8b1wk8nSf,,,,,,,,,,,,,,,,,,,,,,pendiente,,
EFDA-F-S058-0001,S058,1,C41a60,"Teatro: ""La libra de carne""",,C41a60-S58-0001.jpg,1VPuZi3CxoVD7axUe26nsBHC6tPz13EEt,,,,,,,,,,,,,,,,,,,,,,pendiente,,
EFDA-F-S058-0002,S058,2,C41a60,"Teatro: ""La libra de carne""",,C41a60-S58-0002.jpg,1sPWlm29rtD2sJsCnLib8aQruul0lpNmK,,,,,,,,,,,,,,,,,,,,,,pendiente,,
EFDA-F-S058-0003,S058,3,C41a60,"Teatro: ""La libra de carne""",,C41a60-S58-0003.jpg,1oEMIfRECNfnYz-st483khoWgrUDzaUtT,,,,,,,,,,,,,,,,,,,,,,pendiente,,
EFDA-F-S058-0004,S058,4,C41a60,"Teatro: ""La libra de carne""",,C41a60-S58-0004.jpg,1bFUJAR3IRd8QhAmgKkVwlR4knv_UW3H_,,,,,,,,,,,,,,,,,,,,,,pendiente,,
EFDA-F-S058-0005,S058,5,C41a60,"Teatro: ""La libra de carne""",,C41a60-S58-0005.jpg,1nTmhJigxU0Nij3LzMf09nWhaRNgF6mhA,,,,,,,,,,,,,,,,,,,,,,pendiente,,
EFDA-F-S058-0006,S058,6,C41a60,"Teatro: ""La libra de carne""",,C41a60-S58-0006.jpg,1Rbopgidc9tlLyUBs4ikbDy2t9tUFBSDY,,,,,,,,,,,,,,,,,,,,,,pendiente,,
EFDA-F-S058-0007,S058,7,C41a60,"Teatro: ""La libra de carne""",,C41a60-S58-0007.jpg,1NYx6ZOIcSH4ezA0EUQgklPu5ioYx83__,,,,,,,,,,,,,,,,,,,,,,pendiente,,
EFDA-F-S058-0008,S058,8,C41a60,"Teatro: ""La libra de carne""",,C41a60-S58-0008.jpg,1tvVaxKe0WVAZrQo1bexhDieV_3tzNxrU,,,,,,,,,,,,,,,,,,,,,,pendiente,,
EFDA-F-S058-0009,S058,9,C41a60,"Teatro: ""La libra de carne""",,C41a60-S58-0009.jpg,1GNzzjkAI79r_c4Ixw40GJNCgtQZUfGFs,,,,,,,,,,,,,,,,,,,,,,pendiente,,
EFDA-F-S058-0010,S058,10,C41a60,"Teatro: ""La libra de carne""",,C41a60-S58-0010.jpg,117IdYLdPJfhoRq0NwGYeA_urW-dcDLEG,,,,,,,,,,,,,,,,,,,,,,pendiente,,
EFDA-F-S058-0011,S058,11,C41a60,"Teatro: ""La libra de carne""",,C41a60-S58-0011.jpg,1tHT8ctVgnxIFGIXBV5UZjSyTv7JviJWK,,,,,,,,,,,,,,,,,,,,,,pendiente,,
EFDA-F-S058-0012,S058,12,C41a60,"Teatro: ""La libra de carne""",,C41a60-S58-0012.jpg,18qWCY0U0bBZOWTCpSkok5cHB9jJpqyGK,,,,,,,,,,,,,,,,,,,,,,pendiente,,
EFDA-F-S058-0013,S058,13,C41a60,"Teatro: ""La libra de carne""",,C41a60-S58-0013.jpg,1K0CfMG-8UneXo3PRW0mbtBpKiV-Fl1xM,,,,,,,,,,,,,,,,,,,,,,pendiente,,
EFDA-F-S058-0014,S058,14,C41a60,"Teatro: ""La libra de carne""",,C41a60-S58-0014.jpg,1g7UN73V7xDmgY6EwPqNayzAozoVNZKyi,,,,,,,,,,,,,,,,,,,,,,pendiente,,
EFDA-F-S058-0015,S058,15,C41a60,"Teatro: ""La libra de carne""",,C41a60-S58-0015.jpg,1qwD0Kps-t9a0B4fEyBTUKTe4-uxy3Q6S,,,,,,,,,,,,,,,,,,,,,,pendiente,,
EFDA-F-S058-0016,S058,16,C41a60,"Teatro: ""La libra de carne""",,C41a60-S58-0016.jpg,1TiKIvDY6bH9fE34bUI_t7q49jqVdkbX6,,,,,,,,,,,,,,,,,,,,,,pendiente,,
EFDA-F-S058-0017,S058,17,C41a60,"Teatro: ""La libra de carne""",,C41a60-S58-0017.jpg,1AKtsqPdoVsBORzVo8eV2KKr7lXlYvS3y,,,,,,,,,,,,,,,,,,,,,,pendiente,,
EFDA-F-S058-0018,S058,18,C41a60,"Teatro: ""La libra de carne""",,C41a60-S58-0018.jpg,1pfZrW7oyt5YxgVXx2lSDiEJZlZdoVCye,,,,,,,,,,,,,,,,,,,,,,pendiente,,
EFDA-F-S058-0019,S058,19,C41a60,"Teatro: ""La libra de carne""",,C41a60-S58-0019.jpg,180hpC28yxcXAHrzu1CVx7tFIDyrGL0ip,,,,,,,,,,,,,,,,,,,,,,pendiente,,
EFDA-F-S058-0020,S058,20,C41a60,"Teatro: ""La libra de carne""",,C41a60-S58-0020.jpg,1wPbmLWf_Wbno6dMsQNATMFyjCv2zeLqP,,,,,,,,,,,,,,,,,,,,,,pendiente,,
EFDA-F-S058-0021,S058,21,C41a60,"Teatro: ""La libra de carne""",,C41a60-S58-0021.jpg,1mM64sp3MOFXiSzu2QDtIeFhjcObOqdwC,,,,,,,,,,,,,,,,,,,,,,pendiente,,
EFDA-F-S058-0022,S058,22,C41a60,"Teatro: ""La libra de carne""",,C41a60-S58-0022.jpg,15jReJM0xTblieYV61j-MrEjS1KU2nTpQ,,,,,,,,,,,,,,,,,,,,,,pendiente,,
EFDA-F-S058-0023,S058,23,C41a60,"Teatro: ""La libra de carne""",,C41a60-S58-0023.jpg,1L3BVS4bvrBAI5syMdl1PHYhfJEI6m6tY,,,,,,,,,,,,,,,,,,,,,,pendiente,,
EFDA-F-S058-0024,S058,24,C41a60,"Teatro: ""La libra de carne""",,C41a60-S58-0024.jpg,1Juv7Ea8CrIayrvrNGLEybSz5Jc-L2yaD,,,,,,,,,,,,,,,,,,,,,,pendiente,,
EFDA-F-S058-0025,S058,25,C41a60,"Teatro: ""La libra de carne""",,C41a60-S58-0025.jpg,18_P28DZFMP0_iZaCdfN5SFvnaAFXvfAZ,,,,,,,,,,,,,,,,,,,,,,pendiente,,
EFDA-F-S058-0026,S058,26,C41a60,"Teatro: ""La libra de carne""",,C41a60-S58-0026.jpg,1IDMzMu_l_4l7k9fv_8uMWnC_bswgaQ3I,,,,,,,,,,,,,,,,,,,,,,pendiente,,
EFDA-F-S058-0027,S058,27,C41a60,"Teatro: ""La libra de carne""",,C41a60-S58-0027.jpg,1c6SniGQmV7mNYwDyo8posQte3JisMPl8,,,,,,,,,,,,,,,,,,,,,,pendiente,,
EFDA-F-S058-0028,S058,28,C41a60,"Teatro: ""La libra de carne""",,C41a60-S58-0028.jpg,19ZI3DDZUr4KmhICGeuSWsPFFr2wRBNKJ,,,,,,,,,,,,,,,,,,,,,,pendiente,,
EFDA-F-S058-0029,S058,29,C41a60,"Teatro: ""La libra de carne""",,C41a60-S58-0029.jpg,19Ykcr2kmOle4cI3HWxCz2VlOkQ6myibu,,,,,,,,,,,,,,,,,,,,,,pendiente,,
EFDA-F-S058-0030,S058,30,C41a60,"Teatro: ""La libra de carne""",,C41a60-S58-0030.jpg,1YMcP7BcKg8JIQPfLEXfRCNyZUEbmO58k,,,,,,,,,,,,,,,,,,,,,,pendiente,,
EFDA-F-S058-0031,S058,31,C41a60,"Teatro: ""La libra de carne""",,C41a60-S58-0031.jpg,12mG9f5zzWD6e4WT6rfU7es5w_cU69Tpq,,,,,,,,,,,,,,,,,,,,,,pendiente,,
EFDA-F-S058-0032,S058,32,C41a60,"Teatro: ""La libra de carne""",,C41a60-S58-0032.jpg,1vD-zsF95JOmxkKk-UYKkZHhedOZF8FQL,,,,,,,,,,,,,,,,,,,,,,pendiente,,
EFDA-F-S058-0033,S058,33,C41a60,"Teatro: ""La libra de carne""",,C41a60-S58-0033.jpg,10IcosoU5iMGpR_AZ6_7uW0P3HWkGd7Uy,,,,,,,,,,,,,,,,,,,,,,pendiente,,
EFDA-F-S058-0034,S058,34,C41a60,"Teatro: ""La libra de carne""",,C41a60-S58-0034.jpg,1lQzdarF4dGHvxADngfREIJHKAdiM3Ql8,,,,,,,,,,,,,,,,,,,,,,pendiente,,
EFDA-F-S058-0035,S058,35,C41a60,"Teatro: ""La libra de carne""",,C41a60-S58-0035.jpg,1BWXyHh0d9j1b5kYYXDIBjyx287GWhZU9,,,,,,,,,,,,,,,,,,,,,,pendiente,,
EFDA-F-S058-0036,S058,36,C41a60,"Teatro: ""La libra de carne""",,C41a60-S58-0036.jpg,1SCYJRR9kbkD7kUxLUpP1fYKioU0rAMPJ,,,,,,,,,,,,,,,,,,,,,,pendiente,,
EFDA-F-S058-0037,S058,37,C41a60,"Teatro: ""La libra de carne""",,C41a60-S58-0037.jpg,1E_ku2HrVXWYQA6aTaMynnUg_1paPujO5,,,,,,,,,,,,,,,,,,,,,,pendiente,,
EFDA-F-S058-0038,S058,38,C41a60,"Teatro: ""La libra de carne""",,C41a60-S58-0038.jpg,1VQ6xk9-94_8g421LdJ99O9tMhGULyr8j,,,,,,,,,,,,,,,,,,,,,,pendiente,,
EFDA-F-S058-0039,S058,39,C41a60,"Teatro: ""La libra de carne""",,C41a60-S58-0039.jpg,1xiwLk7KVMolIobK-MqP1_wClVw79F_HW,,,,,,,,,,,,,,,,,,,,,,pendiente,,
EFDA-F-S058-0040,S058,40,C41a60,"Teatro: ""La libra de carne""",,C41a60-S58-0040.jpg,1C-QTp796S8-L4_lIh_g6BQ3L0QtAZwda,,,,,,,,,,,,,,,,,,,,,,pendiente,,
EFDA-F-S058-0041,S058,41,C41a60,"Teatro: ""La libra de carne""",,C41a60-S58-0041.jpg,12V_aaR_S8qa_aU-V_vB5xluExqEqf3vK,,,,,,,,,,,,,,,,,,,,,,pendiente,,
EFDA-F-S058-0042,S058,42,C41a60,"Teatro: ""La libra de carne""",,C41a60-S58-0042.jpg,1uNMLbElqfyjTzBWU9hoG6PPVoBMv0n2u,,,,,,,,,,,,,,,,,,,,,,pendiente,,
EFDA-F-S058-0043,S058,43,C41a60,"Teatro: ""La libra de carne""",,C41a60-S58-0043.jpg,1gR1GtePxp2i0r7TUC4uRkdEyFjHq0N63,,,,,,,,,,,,,,,,,,,,,,pendiente,,
EFDA-F-S058-0044,S058,44,C41a60,"Teatro: ""La libra de carne""",,C41a60-S58-0044.jpg,1zs3lqc3fgopEL0bc6v48FFnDTOSa5FMO,,,,,,,,,,,,,,,,,,,,,,pendiente,,
EFDA-F-S058-0045,S058,45,C41a60,"Teatro: ""La libra de carne""",,C41a60-S58-0045.jpg,1zZBUTsM8N5wn1Sso39_M020MTwBLydld,,,,,,,,,,,,,,,,,,,,,,pendiente,,
EFDA-F-S058-0046,S058,46,C41a60,"Teatro: ""La libra de carne""",,C41a60-S58-0046.jpg,1Fg64NjMR0n-vjwEMINNgyCZqdLI-D4VS,,,,,,,,,,,,,,,,,,,,,,pendiente,,
EFDA-F-S058-0047,S058,47,C41a60,"Teatro: ""La libra de carne""",,C41a60-S58-0047.jpg,1g27yFLLEtxL1_bZpGw6PZ8TQk00wZaC5,,,,,,,,,,,,,,,,,,,,,,pendiente,,
EFDA-F-S058-0048,S058,48,C41a60,"Teatro: ""La libra de carne""",,C41a60-S58-0048.jpg,1njr0VyCS1ofatH_NZ5YUwT8ol9XvP6kd,,,,,,,,,,,,,,,,,,,,,,pendiente,,
EFDA-F-S058-0049,S058,49,C41a60,"Teatro: ""La libra de carne""",,C41a60-S58-0049.jpg,17geLFQGw1eaPoKgAVzuS4m0zs9h79mDw,,,,,,,,,,,,,,,,,,,,,,pendiente,,
EFDA-F-S058-0050,S058,50,C41a60,"Teatro: ""La libra de carne""",,C41a60-S58-0050.jpg,1gbZQq7SgWH4FEsmHi8-H0SgwVM-DmldC,C41a60-S58-0050r.jpg,1bdqQkk1zQnMx2gWN-1r81Lr6t54uKQFn,,,,,,,,,,,,,,,,,,,,pendiente,,
EFDA-F-S058-0051,S058,51,C41a60,"Teatro: ""La libra de carne""",,C41a60-S58-0051.jpg,13XQRwgh4UqNqoqsCRYrPYgjJWZvddZSC,C41a60-S58-0051r.jpg,1GVeMolHEIS350Exjyx_ySyohplHXCZ5W,,,,,,,,,,,,,,,,,,,,pendiente,,
EFDA-F-S058-0052,S058,52,C41a60,"Teatro: ""La libra de carne""",,C41a60-S58-0052.jpg,1ZoJV4fpvTuTATHTuX1KeJgiHs0aS5OiS,C41a60-S58-0052r.jpg,1cIT4dpZNwxBxhXb948Q4V9hXawS0dpSV,,,,,,,,,,,,,,,,,,,,pendiente,,
EFDA-F-S059-0001,S059,1,C41a60,Jorge Romero Brest,,C41a60-S59-0001.jpg,1BJfu4sDgUW_cEzf6e0bPgE7uc0DsH3DH,,,,,,,,,,,,,,,,,,,,,,pendiente,,
EFDA-F-S059-0002,S059,2,C41a60,Jorge Romero Brest,,C41a60-S59-0002.jpg,124M1KMjxHhIb6trJ8nEmJo839pnV1hBU,,,,,,,,,,,,,,,,,,,,,,pendiente,,
EFDA-F-S059-0003,S059,3,C41a60,Jorge Romero Brest,,C41a60-S59-0003.jpg,1K9R9cOlZtS_ywkA-1mBN3-wjVMbbZG4H,,,,,,,,,,,,,,,,,,,,,,pendiente,,
EFDA-F-S059-0004,S059,4,C41a60,Jorge Romero Brest,,C41a60-S59-0004.jpg,1lWobs17Gb_bNTgFCf-6kVkUsO88VFKyi,,,,,,,,,,,,,,,,,,,,,,pendiente,,
EFDA-F-S059-0005,S059,5,C41a60,Jorge Romero Brest,,C41a60-S59-0005.jpg,1Zglz7KRgTNxxYompsQ5-v-dkZSaSz6QW,,,,,,,,,,,,,,,,,,,,,,pendiente,,
EFDA-F-S059-0006,S059,6,C41a60,Jorge Romero Brest,,C41a60-S59-0006.jpg,1dQojsJ_Anqur3v1igJzT1wa-O8U6w6Dc,,,,,,,,,,,,,,,,,,,,,,pendiente,,
EFDA-F-S059-0007,S059,7,C41a60,Jorge Romero Brest,,C41a60-S59-0007.jpg,1qKrmU86jaeiTdeckCP-ON2vhLL_SlnoH,,,,,,,,,,,,,,,,,,,,,,pendiente,,
EFDA-F-S059-0008,S059,8,C41a60,Jorge Romero Brest,,C41a60-S59-0008.jpg,1Z4IstEFK_HTGy4TVql9VcjK-WKcQZrWM,,,,,,,,,,,,,,,,,,,,,,pendiente,,
EFDA-F-S059-0009,S059,9,C41a60,Jorge Romero Brest,,C41a60-S59-0009.jpg,1fPNn5RhMMnJpcXKKQyRIQTL5RqqHeBm3,,,,,,,,,,,,,,,,,,,,,,pendiente,,
EFDA-F-S059-0010,S059,10,C41a60,Jorge Romero Brest,,C41a60-S59-0010.jpg,1Lic3d0CdFLz_jpqicEvlpNbRVfDow8zr,,,,,,,,,,,,,,,,,,,,,,pendiente,,
EFDA-F-S060-0001,S060,1,C41a60,Homenaje a la libertad de Cuba,,C41a60-S60-0001.jpg,1lSdZCabmGmdzdEK07gS-C59r5fVogLVU,,,,,,,,,,,,,,,,,,,,,,pendiente,,
EFDA-F-S060-0002,S060,2,C41a60,Homenaje a la libertad de Cuba,,C41a60-S60-0002.jpg,16AJIgl2o6hrvkVCklUmUFdmEh4dIN53Z,,,,,,,,,,,,,,,,,,,,,,pendiente,,
EFDA-F-S060-0003,S060,3,C41a60,Homenaje a la libertad de Cuba,,C41a60-S60-0003.jpg,1V0-Eqy8_yPz9B4gn2kU4dNd__Uw_saGO,,,,,,,,,,,,,,,,,,,,,,pendiente,,
EFDA-F-S060-0004,S060,4,C41a60,Homenaje a la libertad de Cuba,,C41a60-S60-0004.jpg,1tIoYLzwYfeluRCcV8x_vmAw8cuDj3smR,,,,,,,,,,,,,,,,,,,,,,pendiente,,
EFDA-F-S060-0005,S060,5,C41a60,Homenaje a la libertad de Cuba,,C41a60-S60-0005.jpg,1tsTWTWoDrCtpUWPmh5H-E27Bl06FRi0l,,,,,,,,,,,,,,,,,,,,,,pendiente,,
EFDA-F-S060-0006,S060,6,C41a60,Homenaje a la libertad de Cuba,,C41a60-S60-0006.jpg,1iOrIJatJd5wafJWrFNyc2MAg_RY_z2Zd,,,,,,,,,,,,,,,,,,,,,,pendiente,,
EFDA-F-S060-0007,S060,7,C41a60,Homenaje a la libertad de Cuba,,C41a60-S60-0007.jpg,1P0NyAgUh2s7am8ishkxdIxnaJ9_WG2fZ,,,,,,,,,,,,,,,,,,,,,,pendiente,,
EFDA-F-S060-0008,S060,8,C41a60,Homenaje a la libertad de Cuba,,C41a60-S60-0008.jpg,1uMLsjBnXxZcJTtYI53ixiH5gwzGwv14W,,,,,,,,,,,,,,,,,,,,,,pendiente,,
EFDA-F-S060-0009,S060,9,C41a60,Homenaje a la libertad de Cuba,,C41a60-S60-0009.jpg,1DBlfWPDqGl5Q9D20ha5XSNQjvUBT-tIz,,,,,,,,,,,,,,,,,,,,,,pendiente,,
EFDA-F-S060-0010,S060,10,C41a60,Homenaje a la libertad de Cuba,,C41a60-S60-0010.jpg,1q1EfCZSyJsghHM2IlUUI9ZoPMd03pjT5,,,,,,,,,,,,,,,,,,,,,,pendiente,,
EFDA-F-S060-0011,S060,11,C41a60,Homenaje a la libertad de Cuba,,C41a60-S60-0011.jpg,1u12gQN0M0us98bdmgN7a5-3d__Zsr9ex,,,,,,,,,,,,,,,,,,,,,,pendiente,,
EFDA-F-S060-0012,S060,12,C41a60,Homenaje a la libertad de Cuba,,C41a60-S60-0012.jpg,18C7TTNnEB8FJHKdo26dZbwc5yFyrgySM,,,,,,,,,,,,,,,,,,,,,,pendiente,,
EFDA-F-S060-0013,S060,13,C41a60,Homenaje a la libertad de Cuba,,C41a60-S60-0013.jpg,1nD1cecs0MrdxpD4ttncj6g08ApQ9G4Kz,,,,,,,,,,,,,,,,,,,,,,pendiente,,
EFDA-F-S060-0014,S060,14,C41a60,Homenaje a la libertad de Cuba,,C41a60-S60-0014.jpg,12sBUobkW2RQCN9hp_Dk0-9rDA3J3pwbV,,,,,,,,,,,,,,,,,,,,,,pendiente,,
EFDA-F-S060-0015,S060,15,C41a60,Homenaje a la libertad de Cuba,,C41a60-S60-0015.jpg,1hhvYlzzulu2gRGmw6CMWsF5a1zd6iwez,,,,,,,,,,,,,,,,,,,,,,pendiente,,
EFDA-F-S060-0016,S060,16,C41a60,Homenaje a la libertad de Cuba,,C41a60-S60-0016.jpg,10Gtrwtje9et3HmDJzzIttrC6AUfAqhjW,,,,,,,,,,,,,,,,,,,,,,pendiente,,
EFDA-F-S060-0017,S060,17,C41a60,Homenaje a la libertad de Cuba,,C41a60-S60-0017.jpg,1Ar2LbOypvAJu1Hd9He9epUs0obSenFa-,,,,,,,,,,,,,,,,,,,,,,pendiente,,
EFDA-F-S062-0001,S062,1,C61a80,Hugo del Carril y su compañía,,C61a80-S62-0001.jpg,1jMlQa3zTJ6PlJH9hVcxfGuba_D_SjRrI,,,,,,,,,,,,,,,,,,,,,,pendiente,,
EFDA-F-S062-0002,S062,2,C61a80,Hugo del Carril y su compañía,,C61a80-S62-0002.jpg,1JFZyTCPaRe6Vi2XRAVQV34jPd6XzzEex,,,,,,,,,,,,,,,,,,,,,,pendiente,,
EFDA-F-S062-0003,S062,3,C61a80,Hugo del Carril y su compañía,,C61a80-S62-0003.jpg,18ztH_vzEhsyEAX3vlDLvYtJaWvDFzAsz,,,,,,,,,,,,,,,,,,,,,,pendiente,,
EFDA-F-S062-0004,S062,4,C61a80,Hugo del Carril y su compañía,,C61a80-S62-0004.jpg,1d-MyTmE3zthrDQyX2laWHMlXmjA3pu4N,,,,,,,,,,,,,,,,,,,,,,pendiente,,
EFDA-F-S062-0005,S062,5,C61a80,Hugo del Carril y su compañía,,C61a80-S62-0005.jpg,1Qaleu72f4iUdtgQRYSXy0ayiB4Uq8-Ax,,,,,,,,,,,,,,,,,,,,,,pendiente,,
EFDA-F-S062-0006,S062,6,C61a80,Hugo del Carril y su compañía,,C61a80-S62-0006.jpg,1gFo1HurRpbqCxdPE_mfL9uereaylqxa8,,,,,,,,,,,,,,,,,,,,,,pendiente,,
EFDA-F-S062-0007,S062,7,C61a80,Hugo del Carril y su compañía,,C61a80-S62-0007.jpg,1mfyoD1OLQTUpLTmPBxFAsPhR40JpTG1o,,,,,,,,,,,,,,,,,,,,,,pendiente,,
EFDA-F-S062-0008,S062,8,C61a80,Hugo del Carril y su compañía,,C61a80-S62-0008.jpg,1H7RXY-dPTvHsozi74qg2Tkq3L8c3n2I9,,,,,,,,,,,,,,,,,,,,,,pendiente,,
EFDA-F-S062-0009,S062,9,C61a80,Hugo del Carril y su compañía,,C61a80-S62-0009.jpg,15cY1jun2hoYvuO19C6Q7Ope89ChokAKD,,,,,,,,,,,,,,,,,,,,,,pendiente,,
EFDA-F-S062-0010,S062,10,C61a80,Hugo del Carril y su compañía,,C61a80-S62-0010.jpg,19orbT24SCtBB1ZWJT_4ATQrVwjOTR6g0,,,,,,,,,,,,,,,,,,,,,,pendiente,,
EFDA-F-S063-0001,S063,1,C61a80,Paulina Ossona y conjunto coreográfico – 1959,,C61a80-S63-0001.jpg,1upo7l633jYdoX0yA_pzXDqGGf1qmoZ-P,,,,,,,,,,,,,,,,,,,,,,pendiente,,
EFDA-F-S063-0002,S063,2,C61a80,Paulina Ossona y conjunto coreográfico – 1959,,C61a80-S63-0002.jpg,1_Y_5i5vunb74xRM8rRyCGe50aQAp_vv3,,,,,,,,,,,,,,,,,,,,,,pendiente,,
EFDA-F-S063-0003,S063,3,C61a80,Paulina Ossona y conjunto coreográfico – 1959,,C61a80-S63-0003.jpg,1LvtZH8PPewO0Yo2cgHovUnxoAUJe1_D7,,,,,,,,,,,,,,,,,,,,,,pendiente,,
EFDA-F-S063-0004,S063,4,C61a80,Paulina Ossona y conjunto coreográfico – 1959,,C61a80-S63-0004.jpg,1usox5XA25lFRdis2kuZGehRYnGRXbmLQ,,,,,,,,,,,,,,,,,,,,,,pendiente,,
EFDA-F-S063-0005,S063,5,C61a80,Paulina Ossona y conjunto coreográfico – 1959,,C61a80-S63-0005.jpg,199-8UR059y44B1I9xa3VT1e4JT-5wP5T,,,,,,,,,,,,,,,,,,,,,,pendiente,,
EFDA-F-S063-0006,S063,6,C61a80,Paulina Ossona y conjunto coreográfico – 1959,,C61a80-S63-0006.jpg,1ZJnG39pZhwLQWu3UztXzSL_ETDYM6FCT,,,,,,,,,,,,,,,,,,,,,,pendiente,,
EFDA-F-S063-0007,S063,7,C61a80,Paulina Ossona y conjunto coreográfico – 1959,,C61a80-S63-0007.jpg,1YW5Aflzb8e1ebelaU7Yy7uPDo0va0iPq,,,,,,,,,,,,,,,,,,,,,,pendiente,,
EFDA-F-S063-0008,S063,8,C61a80,Paulina Ossona y conjunto coreográfico – 1959,,C61a80-S63-0008.jpg,1QHcF5B0NaVYArl-6dtsPNE3039en3t7m,,,,,,,,,,,,,,,,,,,,,,pendiente,,
EFDA-F-S063-0009,S063,9,C61a80,Paulina Ossona y conjunto coreográfico – 1959,,C61a80-S63-0009.jpg,1f0R0-vKTeCT5XivpI1Q47VuXPdV8CqnG,,,,,,,,,,,,,,,,,,,,,,pendiente,,
EFDA-F-S063-0010,S063,10,C61a80,Paulina Ossona y conjunto coreográfico – 1959,,C61a80-S63-0010.jpg,1j2-rsOakrNQV_2d3S6iLXr3qw3NXZYYb,,,,,,,,,,,,,,,,,,,,,,pendiente,,
EFDA-F-S063-0011,S063,11,C61a80,Paulina Ossona y conjunto coreográfico – 1959,,C61a80-S63-0011.jpg,1t1iVdqtUur5Qs4z33T5eY-gML9FqSZw6,,,,,,,,,,,,,,,,,,,,,,pendiente,,
EFDA-F-S063-0012,S063,12,C61a80,Paulina Ossona y conjunto coreográfico – 1959,,C61a80-S63-0012.jpg,1QhnAvWh9tYl1vyx9FSFBZPCbwefX5Z52,,,,,,,,,,,,,,,,,,,,,,pendiente,,
EFDA-F-S063-0013,S063,13,C61a80,Paulina Ossona y conjunto coreográfico – 1959,,C61a80-S63-0013.jpg,17C5UeRVbhSMcyCpT6NEt45BRXY0OJmzO,,,,,,,,,,,,,,,,,,,,,,pendiente,,
EFDA-F-S063-0014,S063,14,C61a80,Paulina Ossona y conjunto coreográfico – 1959,,C61a80-S63-0014.jpg,1JkIsh8xt7lubhoNdo0gaS1qONVlUn-q_,,,,,,,,,,,,,,,,,,,,,,pendiente,,
EFDA-F-S063-0015,S063,15,C61a80,Paulina Ossona y conjunto coreográfico – 1959,,C61a80-S63-0015.jpg,1oUZPP3e8hQdw0X7TwvW1W-lXAADxyYNM,,,,,,,,,,,,,,,,,,,,,,pendiente,,
EFDA-F-S063-0016,S063,16,C61a80,Paulina Ossona y conjunto coreográfico – 1959,,C61a80-S63-0016.jpg,174HzWMqmSp-FRsuerOZMHuu27cv8Dn04,,,,,,,,,,,,,,,,,,,,,,pendiente,,
EFDA-F-S063-0017,S063,17,C61a80,Paulina Ossona y conjunto coreográfico – 1959,,C61a80-S63-0017.jpg,1z99lf4ppfqqqy2b1oXgxohNfKPeFZTqi,,,,,,,,,,,,,,,,,,,,,,pendiente,,
EFDA-F-S063-0018,S063,18,C61a80,Paulina Ossona y conjunto coreográfico – 1959,,C61a80-S63-0018.jpg,1Nl5nxdZtnYlxhMhN-7OaoQhMslkJcXwk,,,,,,,,,,,,,,,,,,,,,,pendiente,,
EFDA-F-S063-0019,S063,19,C61a80,Paulina Ossona y conjunto coreográfico – 1959,,C61a80-S63-0019.jpg,1oXOjdySwDdDAf9yqmvL7hW-YL96T3A3S,,,,,,,,,,,,,,,,,,,,,,pendiente,,
EFDA-F-S063-0020,S063,20,C61a80,Paulina Ossona y conjunto coreográfico – 1959,,C61a80-S63-0020.jpg,1Vb6HhaFnPLg-QOuVWV62dScW0NjCK1Pa,,,,,,,,,,,,,,,,,,,,,,pendiente,,
EFDA-F-S064-0001,S064,1,C61a80,Francisco Javier,,C61a80-S64-0001.jpg,1AP1QQgg4Z80dEPi-lDy3cQSPKPqwgqvl,,,,,,,,,,,,,,,,,,,,,,pendiente,,
EFDA-F-S064-0002,S064,2,C61a80,Francisco Javier,,C61a80-S64-0002.jpg,1OzM-l78k4pljiEvkHeuRIx1i7ubTWdFp,,,,,,,,,,,,,,,,,,,,,,pendiente,,
EFDA-F-S064-0003,S064,3,C61a80,Francisco Javier,,C61a80-S64-0003.jpg,1U90jASqQJZDnsEgh2MutACPfPFM-HzAX,,,,,,,,,,,,,,,,,,,,,,pendiente,,
EFDA-F-S064-0004,S064,4,C61a80,Francisco Javier,,C61a80-S64-0004.jpg,1dt9TUQYNz2_0qMnRiW9GLXUBJpbd7wu_,,,,,,,,,,,,,,,,,,,,,,pendiente,,
EFDA-F-S064-0005,S064,5,C61a80,Francisco Javier,,C61a80-S64-0005.jpg,1ZgiJrEPpwBXLww_rGK9s30RSRMNkN3wO,,,,,,,,,,,,,,,,,,,,,,pendiente,,
EFDA-F-S064-0006,S064,6,C61a80,Francisco Javier,,C61a80-S64-0006.jpg,1QHqmF8ANlgIsOVOO0H0sT5Wa2jQoyUqI,,,,,,,,,,,,,,,,,,,,,,pendiente,,
EFDA-F-S064-0007,S064,7,C61a80,Francisco Javier,,C61a80-S64-0007.jpg,18FJPSqm3scQlIA5PsSDTg93aENSqE1X8,,,,,,,,,,,,,,,,,,,,,,pendiente,,
EFDA-F-S064-0008,S064,8,C61a80,Francisco Javier,,C61a80-S64-0008.jpg,1WCYOjO_dufE14NB0E8MibjqgZ06EbPmE,,,,,,,,,,,,,,,,,,,,,,pendiente,,
EFDA-F-S064-0009,S064,9,C61a80,Francisco Javier,,C61a80-S64-0009.jpg,1yK9ntTgJoMbKc3z9ROGfNQvFZcrZZ8W5,,,,,,,,,,,,,,,,,,,,,,pendiente,,
EFDA-F-S064-0010,S064,10,C61a80,Francisco Javier,,C61a80-S64-0010.jpg,17zIDwFq4AX0sOmD-mXWGEPMHbHViZeLT,,,,,,,,,,,,,,,,,,,,,,pendiente,,
EFDA-F-S064-0011,S064,11,C61a80,Francisco Javier,,C61a80-S64-0011.jpg,1Wwg7rChBAH8GFnMkmUxuzb0ewhvy61Qc,,,,,,,,,,,,,,,,,,,,,,pendiente,,
EFDA-F-S064-0012,S064,12,C61a80,Francisco Javier,,C61a80-S64-0012.jpg,1ZGYCfGqU9zwcbtdj1jdu1OyTVEdLo5GI,,,,,,,,,,,,,,,,,,,,,,pendiente,,
EFDA-F-S064-0013,S064,13,C61a80,Francisco Javier,,C61a80-S64-0013.jpg,1rZeJsT853qig5kyRonye_8kSIYSRKnWm,,,,,,,,,,,,,,,,,,,,,,pendiente,,
EFDA-F-S064-0014,S064,14,C61a80,Francisco Javier,,C61a80-S64-0014.jpg,19RnAfo90G5tHKNHOxK41XAxhE5E2gLqL,,,,,,,,,,,,,,,,,,,,,,pendiente,,
EFDA-F-S064-0015,S064,15,C61a80,Francisco Javier,,C61a80-S64-0015.jpg,14h9DGvkZPM-iz55ZCMJmrQ2FwKcFkmch,,,,,,,,,,,,,,,,,,,,,,pendiente,,
EFDA-F-S064-0016,S064,16,C61a80,Francisco Javier,,C61a80-S64-0016.jpg,1PvohZtaSQD1GB3wulXY97YI0l5aRxOBu,,,,,,,,,,,,,,,,,,,,,,pendiente,,
EFDA-F-S064-0017,S064,17,C61a80,Francisco Javier,,C61a80-S64-0017.jpg,1pY1QFGzmsQV1in6jDseqfaovcF8Zb6uL,,,,,,,,,,,,,,,,,,,,,,pendiente,,
EFDA-F-S064-0018,S064,18,C61a80,Francisco Javier,,C61a80-S64-0018.jpg,1lTrM_anCdKUuo196Edvt37BgkNFMOqTF,,,,,,,,,,,,,,,,,,,,,,pendiente,,
EFDA-F-S064-0019,S064,19,C61a80,Francisco Javier,,C61a80-S64-0019.jpg,1H6On01yxzGEAn2rvqh0WUVDH77WFC7r2,,,,,,,,,,,,,,,,,,,,,,pendiente,,
EFDA-F-S064-0020,S064,20,C61a80,Francisco Javier,,C61a80-S64-0020.jpg,1Wf1xRLkuvB2ypkEKn5EjeoC6C6I-h8VC,,,,,,,,,,,,,,,,,,,,,,pendiente,,
EFDA-F-S064-0021,S064,21,C61a80,Francisco Javier,,C61a80-S64-0021.jpg,1KJ9-1pZW1jhaO8-3Ag7gG7toP36ta7ua,,,,,,,,,,,,,,,,,,,,,,pendiente,,
EFDA-F-S064-0022,S064,22,C61a80,Francisco Javier,,C61a80-S64-0022.jpg,18LVo3ll4UVkkoiPW-IH4TbP5Xt9RwWo_,,,,,,,,,,,,,,,,,,,,,,pendiente,,
EFDA-F-S064-0023,S064,23,C61a80,Francisco Javier,,C61a80-S64-0023.jpg,1CFXI7PGkrXGA_tCCgsZjST_zfQSE120H,,,,,,,,,,,,,,,,,,,,,,pendiente,,
EFDA-F-S065-0001,S065,1,C61a80,"Teatro: ""Azuk""",si,C61a80-S65-0001.jpg,1dWg6c2Oh3rruOCB0tPFmP0V6qwRHnBWW,,,,,,,,,,,,,,,,,,,,,,pendiente,,
EFDA-F-S065-0002,S065,2,C61a80,"Teatro: ""Azuk""",si,C61a80-S65-0002.jpg,1B8-c-AeKuV7AjIsTa-LRx4aWlAITDd4R,,,,,,,,,,,,,,,,,,,,,,pendiente,,
EFDA-F-S065-0003,S065,3,C61a80,"Teatro: ""Azuk""",si,C61a80-S65-0003.jpg,1YezYkgVzuEsz2j7dQyim7v_jO9jB0PU2,,,,,,,,,,,,,,,,,,,,,,pendiente,,
EFDA-F-S065-0004,S065,4,C61a80,"Teatro: ""Azuk""",si,C61a80-S65-0004.jpg,1dwpFNpmqRPLvOd5lF4xL_iGz9GNPp_jh,,,,,,,,,,,,,,,,,,,,,,pendiente,,
EFDA-F-S065-0005,S065,5,C61a80,"Teatro: ""Azuk""",si,C61a80-S65-0005.jpg,1CY7CLxMSMcPVp9dYfNOTs0O14xDDW2Iz,,,,,,,,,,,,,,,,,,,,,,pendiente,,
EFDA-F-S065-0006,S065,6,C61a80,"Teatro: ""Azuk""",si,C61a80-S65-0006.jpg,1aGdtPnqm0ElERTPFBydc6Gfwt1ERgtTo,,,,,,,,,,,,,,,,,,,,,,pendiente,,
EFDA-F-S065-0007,S065,7,C61a80,"Teatro: ""Azuk""",si,C61a80-S65-0007.jpg,1ZFQT2MA6EwY3W1Qks-C__Lsz4nHJ9IgM,,,,,,,,,,,,,,,,,,,,,,pendiente,,
EFDA-F-S065-0008,S065,8,C61a80,"Teatro: ""Azuk""",si,C61a80-S65-0008.jpg,1bq2pfcC7BZ3VWzi_yISRiWXVOQwSah0X,,,,,,,,,,,,,,,,,,,,,,pendiente,,
EFDA-F-S065-0009,S065,9,C61a80,"Teatro: ""Azuk""",si,C61a80-S65-0009.jpg,1K0CX0CFGmvAVYvjFGI30NE-csqxTtYKK,,,,,,,,,,,,,,,,,,,,,,pendiente,,
EFDA-F-S065-0010,S065,10,C61a80,"Teatro: ""Azuk""",si,C61a80-S65-0010.jpg,12nFrELCWH2SBWJ3dWXnhVL7IX2e3lmE9,,,,,,,,,,,,,,,,,,,,,,pendiente,,
EFDA-F-S065-0011,S065,11,C61a80,"Teatro: ""Azuk""",si,C61a80-S65-0011.jpg,15b83lEIkoALopFxKFtct3dSV7ZonIOXr,,,,,,,,,,,,,,,,,,,,,,pendiente,,
EFDA-F-S065-0012,S065,12,C61a80,"Teatro: ""Azuk""",si,C61a80-S65-0012.jpg,1n_cm2apuiyx1j-Rmtfdo7t3ElCIkfDbL,,,,,,,,,,,,,,,,,,,,,,pendiente,,
EFDA-F-S065-0013,S065,13,C61a80,"Teatro: ""Azuk""",si,C61a80-S65-0013.jpg,1IjUykaTxQJY9i4hevCgOYw_MPnCIG3t1,,,,,,,,,,,,,,,,,,,,,,pendiente,,
EFDA-F-S065-0014,S065,14,C61a80,"Teatro: ""Azuk""",si,C61a80-S65-0014.jpg,1S4KEmVRBLe6u1xsgTSuzIuCJZRPmD3ZD,,,,,,,,,,,,,,,,,,,,,,pendiente,,
EFDA-F-S065-0015,S065,15,C61a80,"Teatro: ""Azuk""",si,C61a80-S65-0015.jpg,14WzpIkYcOYxIE5R-fRVMDj6dXJbF-k-6,,,,,,,,,,,,,,,,,,,,,,pendiente,,
EFDA-F-S065-0016,S065,16,C61a80,"Teatro: ""Azuk""",si,C61a80-S65-0016.jpg,1X8BtcOQm0RWmdNDLN_1gOBH3Eppj5gWU,,,,,,,,,,,,,,,,,,,,,,pendiente,,
EFDA-F-S065-0017,S065,17,C61a80,"Teatro: ""Azuk""",si,C61a80-S65-0017.jpg,1vPmcqK2sGXOfG-p4RcRpqo-1QjOGUB-K,,,,,,,,,,,,,,,,,,,,,,pendiente,,
EFDA-F-S065-0018,S065,18,C61a80,"Teatro: ""Azuk""",si,C61a80-S65-0018.jpg,1GDDIv6lQYWwZDxcvNrl-LhhYylM0h-Xq,,,,,,,,,,,,,,,,,,,,,,pendiente,,
EFDA-F-S065-0019,S065,19,C61a80,"Teatro: ""Azuk""",si,C61a80-S65-0019.jpg,1byKQaErq6unqK5NzLM6bw5TdSDP60sx2,,,,,,,,,,,,,,,,,,,,,,pendiente,,
EFDA-F-S065-0020,S065,20,C61a80,"Teatro: ""Azuk""",si,C61a80-S65-0020.jpg,1SsbIzAGVaaFeHOe9RBjyqk3PGeujHaO6,,,,,,,,,,,,,,,,,,,,,,pendiente,,
EFDA-F-S065-0021,S065,21,C61a80,"Teatro: ""Azuk""",si,C61a80-S65-0021.jpg,1xo3iEOwScxnS7-hGd9vBuT9kIiv1k2OT,,,,,,,,,,,,,,,,,,,,,,pendiente,,
EFDA-F-S065-0022,S065,22,C61a80,"Teatro: ""Azuk""",si,C61a80-S65-0022.jpg,1FGQAorWEVQD0bkcYEfPNFnBN4xPrhpoK,,,,,,,,,,,,,,,,,,,,,,pendiente,,
EFDA-F-S065-0023,S065,23,C61a80,"Teatro: ""Azuk""",si,C61a80-S65-0023.jpg,1vS2bOJtNf2XO3ZUi5op9JrVy46uDbW09,,,,,,,,,,,,,,,,,,,,,,pendiente,,
EFDA-F-S065-0024,S065,24,C61a80,"Teatro: ""Azuk""",si,C61a80-S65-0024.jpg,1jruom-H0foCLWn1YsecXEFA516o06U8j,,,,,,,,,,,,,,,,,,,,,,pendiente,,
EFDA-F-S065-0025,S065,25,C61a80,"Teatro: ""Azuk""",si,C61a80-S65-0025.jpg,1-QOUQsmw4LgppU-1CsvW4L41aoWbC28s,,,,,,,,,,,,,,,,,,,,,,pendiente,,
EFDA-F-S065-0026,S065,26,C61a80,"Teatro: ""Azuk""",si,C61a80-S65-0026.jpg,1OPVq00OOehbM4SaeyLk4-nHd7_n7XQ5I,,,,,,,,,,,,,,,,,,,,,,pendiente,,
EFDA-F-S065-0027,S065,27,C61a80,"Teatro: ""Azuk""",si,C61a80-S65-0027.jpg,150a-TadqIcEBOJMIA7xuQr7Xv7QP__Aw,,,,,,,,,,,,,,,,,,,,,,pendiente,,
EFDA-F-S065-0028,S065,28,C61a80,"Teatro: ""Azuk""",si,C61a80-S65-0028.jpg,1k1ri9SWgvAT1o_ZCwqvuY4YVAANtsQKJ,,,,,,,,,,,,,,,,,,,,,,pendiente,,
EFDA-F-S065-0029,S065,29,C61a80,"Teatro: ""Azuk""",si,C61a80-S65-0029.jpg,1kBchiA3_AuPAIdGknbr6gr-67db2iwr6,,,,,,,,,,,,,,,,,,,,,,pendiente,,
EFDA-F-S065-0030,S065,30,C61a80,"Teatro: ""Azuk""",si,C61a80-S65-0030.jpg,1R4teD-Bh5LUSGsomhgQeNbyGo-onSw6G,,,,,,,,,,,,,,,,,,,,,,pendiente,,
EFDA-F-S065-0031,S065,31,C61a80,"Teatro: ""Azuk""",si,C61a80-S65-0031.jpg,1hQC0Y7ZmaU0OziczAjNnyqhwVzjayw2T,,,,,,,,,,,,,,,,,,,,,,pendiente,,
EFDA-F-S065-0032,S065,32,C61a80,"Teatro: ""Azuk""",si,C61a80-S65-0032.jpg,1rZpYiqLB14Aqt6XqCLHDSlJQ9nJ2szcR,,,,,,,,,,,,,,,,,,,,,,pendiente,,
EFDA-F-S065-0033,S065,33,C61a80,"Teatro: ""Azuk""",si,C61a80-S65-0033.jpg,1jywy-kXKTzs4wmLcD2YVGd8jku1LAln6,,,,,,,,,,,,,,,,,,,,,,pendiente,,
EFDA-F-S065-0034,S065,34,C61a80,"Teatro: ""Azuk""",si,C61a80-S65-0034.jpg,13rPcI3-xsF6nYTGuR3ZtAtTI4JfcBzDL,,,,,,,,,,,,,,,,,,,,,,pendiente,,
EFDA-F-S065-0035,S065,35,C61a80,"Teatro: ""Azuk""",si,C61a80-S65-0035.jpg,1GGpLINcbJyztpeNha9siRYDjdz4Oer6a,,,,,,,,,,,,,,,,,,,,,,pendiente,,
EFDA-F-S065-0036,S065,36,C61a80,"Teatro: ""Azuk""",si,C61a80-S65-0036.jpg,1L2AIfX1ukF8fJB-uqbiOJ62EmakW44dQ,,,,,,,,,,,,,,,,,,,,,,pendiente,,
EFDA-F-S065-0037,S065,37,C61a80,"Teatro: ""Azuk""",si,C61a80-S65-0037.jpg,1MwYzqQnLacH2jiVRMD6ksz0wwQHQmzr-,,,,,,,,,,,,,,,,,,,,,,pendiente,,
EFDA-F-S065-0038,S065,38,C61a80,"Teatro: ""Azuk""",si,C61a80-S65-0038.jpg,140WlCW5TOYVkxNqLUndwG9rtpRla5Thz,C61a80-S65-0038r.jpg,1M-GtSJ19pCH4G_pWglzWGYC8iIuej5wm,,,,,,,,,,,,,,,,,,,,pendiente,,
EFDA-F-S065-0039,S065,39,C61a80,"Teatro: ""Azuk""",si,C61a80-S65-0039.jpg,1yhqJIBtrY1FiERUqFb4qf2KCKEAWMUPo,C61a80-S65-0039r.jpg,1QNtt6TBHo3U2WqUA0j9KXhh6WeQI0hG3,,,,,,,,,,,,,,,,,,,,pendiente,,
EFDA-F-S065-0040,S065,40,C61a80,"Teatro: ""Azuk""",si,C61a80-S65-0040.jpg,1m8ZYlm71IuOqyLrkv21DaF21SmMLvJmU,C61a80-S65-0040r.jpg,1g-FwIrtGE0rtTRnPfmp2W_QjOt6KGa_F,,,,,,,,,,,,,,,,,,,,pendiente,,
EFDA-F-S066-0001,S066,1,C61a80,María Fux,,C61a80-S66-0001.jpg,1QE8MiSkMpRMEkNcTEzv3_QH-vOoHRW0x,,,,,,,,,,,,,,,,,,,,,,pendiente,,
EFDA-F-S066-0002,S066,2,C61a80,María Fux,,C61a80-S66-0002.jpg,1bSKJTJN_i-fVgEOql5mzdePfPGbqemMG,,,,,,,,,,,,,,,,,,,,,,pendiente,,
EFDA-F-S066-0003,S066,3,C61a80,María Fux,,C61a80-S66-0003.jpg,1YCOtY9xxMnf_XqFmbD0v370mvMTQsCEh,,,,,,,,,,,,,,,,,,,,,,pendiente,,
EFDA-F-S066-0004,S066,4,C61a80,María Fux,,C61a80-S66-0004.jpg,10E57nX5FZqTR-2Vfy2pBjnE63MmzHM1n,,,,,,,,,,,,,,,,,,,,,,pendiente,,
EFDA-F-S066-0005,S066,5,C61a80,María Fux,,C61a80-S66-0005.jpg,1uvzVT2X2oJK8hwcJgxAkq0OCsl5zhjHK,,,,,,,,,,,,,,,,,,,,,,pendiente,,
EFDA-F-S066-0006,S066,6,C61a80,María Fux,,C61a80-S66-0006.jpg,1y5wSpFWPykmudrupKuxohsyPLcY6E9ix,,,,,,,,,,,,,,,,,,,,,,pendiente,,
EFDA-F-S066-0007,S066,7,C61a80,María Fux,,C61a80-S66-0007.jpg,1gs1Y8m066AD6ppR-kb6wGN7FeygdC_jX,,,,,,,,,,,,,,,,,,,,,,pendiente,,
EFDA-F-S066-0008,S066,8,C61a80,María Fux,,C61a80-S66-0008.jpg,1hZjxPBd-HYt-RkRaBBgARg93ggsQ4gOf,,,,,,,,,,,,,,,,,,,,,,pendiente,,
EFDA-F-S066-0009,S066,9,C61a80,María Fux,,C61a80-S66-0009.jpg,1Uszef2kAneyKMCiOhwmcmqVZzq87lDOt,,,,,,,,,,,,,,,,,,,,,,pendiente,,
EFDA-F-S066-0010,S066,10,C61a80,María Fux,,C61a80-S66-0010.jpg,1-WQu_2mLQHzG2rTqWXAxPcPB14NssPnb,,,,,,,,,,,,,,,,,,,,,,pendiente,,
EFDA-F-S066-0011,S066,11,C61a80,María Fux,,C61a80-S66-0011.jpg,1I6VwavLObGUxBKyla8jTCcCMa8nulki-,,,,,,,,,,,,,,,,,,,,,,pendiente,,
EFDA-F-S066-0012,S066,12,C61a80,María Fux,,C61a80-S66-0012.jpg,1FSghe7ZPn_8FsIIk0JVWS0rol4Z4Uc1l,,,,,,,,,,,,,,,,,,,,,,pendiente,,
EFDA-F-S066-0013,S066,13,C61a80,María Fux,,C61a80-S66-0013.jpg,1ZfKujPuK0RB7CL6GsVTuV5TV9_wsGvi_,,,,,,,,,,,,,,,,,,,,,,pendiente,,
EFDA-F-S066-0014,S066,14,C61a80,María Fux,,C61a80-S66-0014.jpg,1JL8FiZ_GC1SOpEPtXwGX4sHo5AFvmSHJ,,,,,,,,,,,,,,,,,,,,,,pendiente,,
EFDA-F-S066-0015,S066,15,C61a80,María Fux,,C61a80-S66-0015.jpg,1jH_F28wnhoX_mq3RE44D0OOra8ncp7dO,,,,,,,,,,,,,,,,,,,,,,pendiente,,
EFDA-F-S066-0016,S066,16,C61a80,María Fux,,C61a80-S66-0016.jpg,1u0a6meMWhOiM-koNf5wuJwUkucMrRErQ,,,,,,,,,,,,,,,,,,,,,,pendiente,,
EFDA-F-S066-0017,S066,17,C61a80,María Fux,,C61a80-S66-0017.jpg,102601QiC7bqOoQfP838XnIRrKcFwB1wN,,,,,,,,,,,,,,,,,,,,,,pendiente,,
EFDA-F-S066-0018,S066,18,C61a80,María Fux,,C61a80-S66-0018.jpg,1vCefdrG-6I6HrxS91FNGAdLrffwppIWV,,,,,,,,,,,,,,,,,,,,,,pendiente,,
EFDA-F-S066-0019,S066,19,C61a80,María Fux,,C61a80-S66-0019.jpg,1XKe46rXTQgHHwWO_YhNNCgllKFQeTsp2,,,,,,,,,,,,,,,,,,,,,,pendiente,,
EFDA-F-S066-0020,S066,20,C61a80,María Fux,,C61a80-S66-0020.jpg,1XapTGwmz-nMMFJY167ZQAAdiA5SGKz8X,,,,,,,,,,,,,,,,,,,,,,pendiente,,
EFDA-F-S066-0021,S066,21,C61a80,María Fux,,C61a80-S66-0021.jpg,1LvXouMwYc0Wo-7O0wj1TQJIcKBUVzkPz,,,,,,,,,,,,,,,,,,,,,,pendiente,,
EFDA-F-S066-0022,S066,22,C61a80,María Fux,,C61a80-S66-0022.jpg,1gNtoXin360XI1-pmd9pE9l8UgaUsqMsx,,,,,,,,,,,,,,,,,,,,,,pendiente,,
EFDA-F-S066-0023,S066,23,C61a80,María Fux,,C61a80-S66-0023.jpg,1N_k8Vld63c0iAdwi0U4CHB3wJEvozK49,,,,,,,,,,,,,,,,,,,,,,pendiente,,
EFDA-F-S066-0024,S066,24,C61a80,María Fux,,C61a80-S66-0024.jpg,1ZVKPuy2TWSS2H2omBbhAegk8vHGecSmK,,,,,,,,,,,,,,,,,,,,,,pendiente,,
EFDA-F-S066-0025,S066,25,C61a80,María Fux,,C61a80-S66-0025.jpg,1IrSjua5PYejr12S2wsqQf4-UutlFyqbx,,,,,,,,,,,,,,,,,,,,,,pendiente,,
EFDA-F-S066-0026,S066,26,C61a80,María Fux,,C61a80-S66-0026.jpg,15fmzCnonCg1maJmOBG3RQtNaIeNfTtoh,,,,,,,,,,,,,,,,,,,,,,pendiente,,
EFDA-F-S066-0027,S066,27,C61a80,María Fux,,C61a80-S66-0027.jpg,1oS6SOUzlLpxk3_9MWv3GEIaIDWDaOgOo,,,,,,,,,,,,,,,,,,,,,,pendiente,,
EFDA-F-S066-0028,S066,28,C61a80,María Fux,,C61a80-S66-0028.jpg,1g792_mp8wD4rh95OiGK3utZxU9myLonp,,,,,,,,,,,,,,,,,,,,,,pendiente,,
EFDA-F-S066-0029,S066,29,C61a80,María Fux,,C61a80-S66-0029.jpg,1bvdcvQD0eEODGxAgV8vmTRug7M4Vfo8g,,,,,,,,,,,,,,,,,,,,,,pendiente,,
EFDA-F-S066-0030,S066,30,C61a80,María Fux,,C61a80-S66-0030.jpg,1X6p4xRh80kOkAFHAMrChjHJ0hcu5xacS,,,,,,,,,,,,,,,,,,,,,,pendiente,,
EFDA-F-S066-0031,S066,31,C61a80,María Fux,,C61a80-S66-0031.jpg,1qAGw04KAlbKDxgAtNMeWWUqzYF8a0YxP,,,,,,,,,,,,,,,,,,,,,,pendiente,,
EFDA-F-S066-0032,S066,32,C61a80,María Fux,,C61a80-S66-0032.jpg,1F9D87Y8nMfEf0d972S23MVhW9k-A-0cR,,,,,,,,,,,,,,,,,,,,,,pendiente,,
EFDA-F-S066-0033,S066,33,C61a80,María Fux,,C61a80-S66-0033.jpg,1mRzFkuJWBbo4sqS3Z4Pq_xU8DqB5o8M7,,,,,,,,,,,,,,,,,,,,,,pendiente,,
EFDA-F-S066-0034,S066,34,C61a80,María Fux,,C61a80-S66-0034.jpg,1PbV6px4UK-ZC2VLgusacQGYNE06VYjpA,,,,,,,,,,,,,,,,,,,,,,pendiente,,
EFDA-F-S066-0035,S066,35,C61a80,María Fux,,C61a80-S66-0035.jpg,1ZTlurrukxeSOL-2D9rKniyEztY7LIi3t,,,,,,,,,,,,,,,,,,,,,,pendiente,,
EFDA-F-S066-0036,S066,36,C61a80,María Fux,,C61a80-S66-0036.jpg,1MtCfB7Zw_xJXhoB7Rf7ZMVQCYk1Hisef,,,,,,,,,,,,,,,,,,,,,,pendiente,,
EFDA-F-S066-0037,S066,37,C61a80,María Fux,,C61a80-S66-0037.jpg,1NP1BNh6Itb8vTjlLEk8cedaxw7N-cAHA,,,,,,,,,,,,,,,,,,,,,,pendiente,,
EFDA-F-S066-0038,S066,38,C61a80,María Fux,,C61a80-S66-0038.jpg,1EcJQOPmgc7yJue9c252qWO74nfwkH4DI,,,,,,,,,,,,,,,,,,,,,,pendiente,,
EFDA-F-S067-0001,S067,1,C61a80,Aldo,,C61a80-S67-0001.jpg,1Oya0Of_XyQsAJkC_fooBIILvJE28UIZq,,,,,,,,,,,,,,,,,,,,,,pendiente,,
EFDA-F-S067-0002,S067,2,C61a80,Aldo,,C61a80-S67-0002.jpg,1P9iRqEC14y_YgPUJAsvk_7aygeYzQQX4,,,,,,,,,,,,,,,,,,,,,,pendiente,,
EFDA-F-S067-0003,S067,3,C61a80,Aldo,,C61a80-S67-0003.jpg,1WVUzQe__6YvlQwCgXS2oOXHA8id_T3iy,,,,,,,,,,,,,,,,,,,,,,pendiente,,
EFDA-F-S067-0004,S067,4,C61a80,Aldo,,C61a80-S67-0004.jpg,16l0MjaKXTK8_SZ7jXmZAJZv1reUq32sP,,,,,,,,,,,,,,,,,,,,,,pendiente,,
EFDA-F-S067-0005,S067,5,C61a80,Aldo,,C61a80-S67-0005.jpg,1-9Vafa00CmT3vhYdod5O6rObztCwFwXR,,,,,,,,,,,,,,,,,,,,,,pendiente,,
EFDA-F-S067-0006,S067,6,C61a80,Aldo,,C61a80-S67-0006.jpg,1FI4xgBal85HJmZpHVuDvbGgc5Ww9-TPY,,,,,,,,,,,,,,,,,,,,,,pendiente,,
EFDA-F-S067-0007,S067,7,C61a80,Aldo,,C61a80-S67-0007.jpg,12vu74nOa3NNSsyFcwVRc5YpJw0FF7t-Z,,,,,,,,,,,,,,,,,,,,,,pendiente,,
EFDA-F-S067-0008,S067,8,C61a80,Aldo,,C61a80-S67-0008.jpg,1S1ZHotJLVgyUkJYb7XAPGN2TQOcW8ak1,,,,,,,,,,,,,,,,,,,,,,pendiente,,
EFDA-F-S067-0009,S067,9,C61a80,Aldo,,C61a80-S67-0009.jpg,1LFFoHUJuKZ7yUK-JsPfbf7ZlHu3gz_sA,,,,,,,,,,,,,,,,,,,,,,pendiente,,
EFDA-F-S067-0010,S067,10,C61a80,Aldo,,C61a80-S67-0010.jpg,1tkxn1uduunjule3ISwpdIJvM9T9FdKG9,,,,,,,,,,,,,,,,,,,,,,pendiente,,
EFDA-F-S067-0011,S067,11,C61a80,Aldo,,C61a80-S67-0011.jpg,1R27pmoCsmJUJo00nK-Pz72rUSye8NWFh,,,,,,,,,,,,,,,,,,,,,,pendiente,,
EFDA-F-S067-0012,S067,12,C61a80,Aldo,,C61a80-S67-0012.jpg,10TjduFdgswEK6lrTMYiW-JlnBB0W8G-E,,,,,,,,,,,,,,,,,,,,,,pendiente,,
EFDA-F-S067-0013,S067,13,C61a80,Aldo,,C61a80-S67-0013.jpg,15QDu2mOmfpHZqZmOroVRnwwvy-AubVp-,,,,,,,,,,,,,,,,,,,,,,pendiente,,
EFDA-F-S067-0014,S067,14,C61a80,Aldo,,C61a80-S67-0014.jpg,19sKsHLCAF8Ri6ZmewFXsEgZSK0Nm49iL,,,,,,,,,,,,,,,,,,,,,,pendiente,,
EFDA-F-S067-0015,S067,15,C61a80,Aldo,,C61a80-S67-0015.jpg,1pOChqyoF4kVnsuPjQTBG2G91CN6gV7H6,,,,,,,,,,,,,,,,,,,,,,pendiente,,
EFDA-F-S067-0016,S067,16,C61a80,Aldo,,C61a80-S67-0016.jpg,1u0OBsr7KV1E2vaqKQmKgE-4JduIaDKzY,,,,,,,,,,,,,,,,,,,,,,pendiente,,
EFDA-F-S067-0017,S067,17,C61a80,Aldo,,C61a80-S67-0017.jpg,1YCY3FH_ETYtsASvySgyUaoOaFb02GAYn,,,,,,,,,,,,,,,,,,,,,,pendiente,,
EFDA-F-S067-0018,S067,18,C61a80,Aldo,,C61a80-S67-0018.jpg,1SxEiV4QZYu82rN8N6RYgAuuFJq1E0TSm,,,,,,,,,,,,,,,,,,,,,,pendiente,,
EFDA-F-S067-0019,S067,19,C61a80,Aldo,,C61a80-S67-0019.jpg,1QVBYnPn9LoHCYHfGq8Ntyg9QhPlTz970,,,,,,,,,,,,,,,,,,,,,,pendiente,,
EFDA-F-S067-0020,S067,20,C61a80,Aldo,,C61a80-S67-0020.jpg,1pn-GTrappUuNzTri-LBa63201-9--VyJ,,,,,,,,,,,,,,,,,,,,,,pendiente,,
EFDA-F-S067-0021,S067,21,C61a80,Aldo,,C61a80-S67-0021.jpg,1-wJe_CRG_xQgt8nLtiDGKOKbYnqs5n40,,,,,,,,,,,,,,,,,,,,,,pendiente,,
EFDA-F-S067-0022,S067,22,C61a80,Aldo,,C61a80-S67-0022.jpg,1fMAMwueSBUODBbASYtQGJvizgXQkhwLZ,,,,,,,,,,,,,,,,,,,,,,pendiente,,
EFDA-F-S067-0023,S067,23,C61a80,Aldo,,C61a80-S67-0023.jpg,1qro0syofJDdN4rHa2uHLQdahhEGgMpyz,,,,,,,,,,,,,,,,,,,,,,pendiente,,
EFDA-F-S067-0024,S067,24,C61a80,Aldo,,C61a80-S67-0024.jpg,16rkjdl0Q4qZPbl5viB3b0FVZLSEfRE-s,,,,,,,,,,,,,,,,,,,,,,pendiente,,
EFDA-F-S067-0025,S067,25,C61a80,Aldo,,C61a80-S67-0025.jpg,1M-yWdQGiwNoYJKfO6wgPETD9fTcn5qjy,,,,,,,,,,,,,,,,,,,,,,pendiente,,
EFDA-F-S067-0026,S067,26,C61a80,Aldo,,C61a80-S67-0026.jpg,1buIoW8CG5gaG6seSqdwLDQ1KNovPsJ0i,,,,,,,,,,,,,,,,,,,,,,pendiente,,
EFDA-F-S067-0027,S067,27,C61a80,Aldo,,C61a80-S67-0027.jpg,17Mirs3je_auBu0ahLv3Hw0M5qFIDsnQs,,,,,,,,,,,,,,,,,,,,,,pendiente,,
EFDA-F-S067-0028,S067,28,C61a80,Aldo,,C61a80-S67-0028.jpg,1gmeWd84NqwQkYULK1AIaIaPWoOtfPjO9,,,,,,,,,,,,,,,,,,,,,,pendiente,,
EFDA-F-S067-0029,S067,29,C61a80,Aldo,,C61a80-S67-0029.jpg,13M-mhsyLdjZAgAQdInb6DnbQAL9fgmFJ,,,,,,,,,,,,,,,,,,,,,,pendiente,,
EFDA-F-S067-0030,S067,30,C61a80,Aldo,,C61a80-S67-0030.jpg,16LhDPfXOdiSinHZYPa_9MUGy9nuC1q8w,,,,,,,,,,,,,,,,,,,,,,pendiente,,
EFDA-F-S067-0031,S067,31,C61a80,Aldo,,C61a80-S67-0031.jpg,1PIAyty-THZ5cyWY9j3-HjFCAGmPhnLX0,,,,,,,,,,,,,,,,,,,,,,pendiente,,
EFDA-F-S067-0032,S067,32,C61a80,Aldo,,C61a80-S67-0032.jpg,1bCKKAa3TbhuKXI3-vU4rh5BAN-zDpKVI,,,,,,,,,,,,,,,,,,,,,,pendiente,,
EFDA-F-S067-0033,S067,33,C61a80,Aldo,,C61a80-S67-0033.jpg,12I0id1zs2An3hd9grfO7gAHFZs2F0yDN,,,,,,,,,,,,,,,,,,,,,,pendiente,,
EFDA-F-S067-0034,S067,34,C61a80,Aldo,,C61a80-S67-0034.jpg,1YYopijhxYbCOLNZjGcaOS5jKBtWBlCda,,,,,,,,,,,,,,,,,,,,,,pendiente,,
EFDA-F-S067-0035,S067,35,C61a80,Aldo,,C61a80-S67-0035.jpg,1QOaZIFgbtix6DPMp6hzC5HDtO-dVKG01,,,,,,,,,,,,,,,,,,,,,,pendiente,,
EFDA-F-S067-0036,S067,36,C61a80,Aldo,,C61a80-S67-0036.jpg,1b_BWhQmnf8j2kopvizKGsTJB1ZhU-nEv,C61a80-S67-0036r.jpg,1V6mGTkO_uOyseL8FNfrd5OV0Fs2pgSrf,,,,,,,,,,,,,,,,,,,,pendiente,,
EFDA-F-S067-0037,S067,37,C61a80,Aldo,,C61a80-S67-0037.jpg,10IPJ0CUGEoQDuX9V1BJxO2XeHvS6oLhE,C61a80-S67-0037r.jpg,1c0Yiu37cb0kttCJ-guK49oUor7yD-pjI,,,,,,,,,,,,,,,,,,,,pendiente,,
EFDA-F-S069-0001,S069,1,C61a80,Aldo,,C61a80-S69-0001.jpg,1Ctiuf9ViTVVv52CvliJaMV0tkNKU6QXU,,,,,,,,,,,,,,,,,,,,,,pendiente,,
EFDA-F-S069-0002,S069,2,C61a80,Aldo,,C61a80-S69-0002.jpg,1llTckvSxYOXmfbt29niayNUo0eLc7cg_,,,,,,,,,,,,,,,,,,,,,,pendiente,,
EFDA-F-S069-0003,S069,3,C61a80,Aldo,,C61a80-S69-0003.jpg,1Sd5awjUYR90vw1Vx-tVpzFt7k_55oSMB,,,,,,,,,,,,,,,,,,,,,,pendiente,,
EFDA-F-S069-0004,S069,4,C61a80,Aldo,,C61a80-S69-0004.jpg,1IIey73rih9eB-qJhAY_F6CT5RanpmUKR,,,,,,,,,,,,,,,,,,,,,,pendiente,,
EFDA-F-S069-0005,S069,5,C61a80,Aldo,,C61a80-S69-0005.jpg,1t60RPmi1djIEbvvfVYmY7V6qQi_7ODQ8,,,,,,,,,,,,,,,,,,,,,,pendiente,,
EFDA-F-S069-0006,S069,6,C61a80,Aldo,,C61a80-S69-0006.jpg,1hxbHic2YJyXbZSZac5xYDqWhxVfpO2Xo,,,,,,,,,,,,,,,,,,,,,,pendiente,,
EFDA-F-S069-0007,S069,7,C61a80,Aldo,,C61a80-S69-0007.jpg,1uGURcLssjYuQwb7U8f2XoXz8Q-WhX2Ob,,,,,,,,,,,,,,,,,,,,,,pendiente,,
EFDA-F-S069-0008,S069,8,C61a80,Aldo,,C61a80-S69-0008.jpg,1IuubCYJwsCpcXaBM160BbnP_7J7daFOr,,,,,,,,,,,,,,,,,,,,,,pendiente,,
EFDA-F-S069-0009,S069,9,C61a80,Aldo,,C61a80-S69-0009.jpg,17U7ApxOtNWZ7Dtach_29N_rvc_cOefS8,,,,,,,,,,,,,,,,,,,,,,pendiente,,
EFDA-F-S069-0010,S069,10,C61a80,Aldo,,C61a80-S69-0010.jpg,14fSUA09YOanv0zGy4WK4r0bS4jsU2X3H,,,,,,,,,,,,,,,,,,,,,,pendiente,,
EFDA-F-S069-0011,S069,11,C61a80,Aldo,,C61a80-S69-0011.jpg,1ZGnxz43JaIEcuRIDgQEweyEe9slGJzEW,,,,,,,,,,,,,,,,,,,,,,pendiente,,
EFDA-F-S069-0012,S069,12,C61a80,Aldo,,C61a80-S69-0012.jpg,1RStdYmZ7A7XinwrU4Dn0etWz26ywnBsZ,,,,,,,,,,,,,,,,,,,,,,pendiente,,
EFDA-F-S069-0013,S069,13,C61a80,Aldo,,C61a80-S69-0013.jpg,1xFr9BUpVTs3BdOX5HyFIJ33QtSvBy9MU,,,,,,,,,,,,,,,,,,,,,,pendiente,,
EFDA-F-S069-0014,S069,14,C61a80,Aldo,,C61a80-S69-0014.jpg,1xYTn7rBtcGBLiZ1gHxQvxgwQXsIG-0ck,C61a80-S69-0014r.jpg,1J-JwDTo2aqm_SUjA_4ENzJ5l781x9dbF,,,,,,,,,,,,,,,,,,,,pendiente,,
EFDA-F-S069-0015,S069,15,C61a80,Aldo,,C61a80-S69-0015.jpg,1G_jBQmFKHQ9slOxMF-7NN5-LfLfCobD0,C61a80-S69-0015r.jpg,1mh1AIzZabNWfZrj-kXe3VKmKRTgF1AXs,,,,,,,,,,,,,,,,,,,,pendiente,,
EFDA-F-S069-0016,S069,16,C61a80,Aldo,,C61a80-S69-0016.jpg,1UnfM8nAyMx3_LYPoI0iFo1uoUTB7QD6G,C61a80-S69-0016r.jpg,1gwK8opJ6GW39IbAr_qupKCPNa_BOyRm8,,,,,,,,,,,,,,,,,,,,pendiente,,
EFDA-F-S070-0001,S070,1,C61a80,Dr. Nicolás Juárez García – Interventor Tucumán,,C61a80-S70-0001.jpg,1_bHpAPdUehOUOI5mBErdru_NtM0vFaqh,,,,,,,,,,,,,,,,,,,,,,pendiente,,
EFDA-F-S070-0002,S070,2,C61a80,Dr. Nicolás Juárez García – Interventor Tucumán,,C61a80-S70-0002.jpg,1apolNogTUX8XBy-u1he1hOw0wJzmPx75,,,,,,,,,,,,,,,,,,,,,,pendiente,,
EFDA-F-S070-0003,S070,3,C61a80,Dr. Nicolás Juárez García – Interventor Tucumán,,C61a80-S70-0003.jpg,1j9ZuherRwBI--WEH9e4XK683QzQoUF6-,,,,,,,,,,,,,,,,,,,,,,pendiente,,
EFDA-F-S070-0004,S070,4,C61a80,Dr. Nicolás Juárez García – Interventor Tucumán,,C61a80-S70-0004.jpg,1RsbpUvEgKQbukWFHbjyLjmla6jC3ltnc,,,,,,,,,,,,,,,,,,,,,,pendiente,,
EFDA-F-S070-0005,S070,5,C61a80,Dr. Nicolás Juárez García – Interventor Tucumán,,C61a80-S70-0005.jpg,1vdvbPLRqxHmFjxZI6aa4XwLt1Wv-w52F,,,,,,,,,,,,,,,,,,,,,,pendiente,,
EFDA-F-S070-0006,S070,6,C61a80,Dr. Nicolás Juárez García – Interventor Tucumán,,C61a80-S70-0006.jpg,1Jyx-th1sSK65QTLCztFkV9Qizim0AwJc,,,,,,,,,,,,,,,,,,,,,,pendiente,,
EFDA-F-S070-0007,S070,7,C61a80,Dr. Nicolás Juárez García – Interventor Tucumán,,C61a80-S70-0007.jpg,1wdooPm3_cI_4qSWF-ndJESsnY2jGL9JW,,,,,,,,,,,,,,,,,,,,,,pendiente,,
EFDA-F-S071-0001,S071,1,C61a80,"Conjunto ""Fray Mocho""",,C61a80-S71-0001.jpg,1I4L-j_TbObI3VeUFmYJdDzQxlv6vHwAN,,,,,,,,,,,,,,,,,,,,,,pendiente,,
EFDA-F-S071-0002,S071,2,C61a80,"Conjunto ""Fray Mocho""",,C61a80-S71-0002.jpg,11gKyIzPxrOBWvEyZIIbQ9pNN-YRsn4lH,,,,,,,,,,,,,,,,,,,,,,pendiente,,
EFDA-F-S071-0003,S071,3,C61a80,"Conjunto ""Fray Mocho""",,C61a80-S71-0003.jpg,1zOboUKtB9p3SQM11vv-2s8dpYE8itiAq,,,,,,,,,,,,,,,,,,,,,,pendiente,,
EFDA-F-S071-0004,S071,4,C61a80,"Conjunto ""Fray Mocho""",,C61a80-S71-0004.jpg,1NtIBcpNrQ7GAqQ_ulW_dZ9WFzvApdDLv,,,,,,,,,,,,,,,,,,,,,,pendiente,,
EFDA-F-S072-0001,S072,1,C61a80,Fernando Arranz – Martín Rampín – R. Bonome,si,C61a80-S72-0001.jpg,1Mkrj4QUdJ1tC3roVD6kg57YnZUunRSHz,,,,,,,,,,,,,,,,,,,,,,pendiente,,
EFDA-F-S072-0002,S072,2,C61a80,Fernando Arranz – Martín Rampín – R. Bonome,si,C61a80-S72-0002.jpg,1O1ngPprI_cNFzo6J6GP0wqt63six5GqS,,,,,,,,,,,,,,,,,,,,,,pendiente,,
EFDA-F-S072-0003,S072,3,C61a80,Fernando Arranz – Martín Rampín – R. Bonome,si,C61a80-S72-0003.jpg,1279FV2d5piK206vBVizJgvEuRe12I3pw,,,,,,,,,,,,,,,,,,,,,,pendiente,,
EFDA-F-S072-0004,S072,4,C61a80,Fernando Arranz – Martín Rampín – R. Bonome,si,C61a80-S72-0004.jpg,11cs6a6q797ocxBZADSwYej5WPgTr-_as,,,,,,,,,,,,,,,,,,,,,,pendiente,,
EFDA-F-S072-0005,S072,5,C61a80,Fernando Arranz – Martín Rampín – R. Bonome,si,C61a80-S72-0005.jpg,1RhLtt1sLHl_vE_u9Sn0bp7WYhZkeXSMw,,,,,,,,,,,,,,,,,,,,,,pendiente,,
EFDA-F-S072-0006,S072,6,C61a80,Fernando Arranz – Martín Rampín – R. Bonome,si,C61a80-S72-0006.jpg,1eFTIHadClyviCSC8pfi_5v4tkt31l2T6,,,,,,,,,,,,,,,,,,,,,,pendiente,,
EFDA-F-S073-0001,S073,1,C61a80,Nicolás Antonio de San Luis,,C61a80-S73-0001.jpg,1Ps0gdlHtLpE_x5aYYzWJnYaXMsEAC9xi,,,,,,,,,,,,,,,,,,,,,,pendiente,,
EFDA-F-S073-0002,S073,2,C61a80,Nicolás Antonio de San Luis,,C61a80-S73-0002.jpg,1O60_DSmhBSnft9LPumhZc67Ik6COTer2,,,,,,,,,,,,,,,,,,,,,,pendiente,,
EFDA-F-S073-0003,S073,3,C61a80,Nicolás Antonio de San Luis,,C61a80-S73-0003.jpg,1SI4pPh30iM4bIpUCCYQblUY1QHSY9Cyp,,,,,,,,,,,,,,,,,,,,,,pendiente,,
EFDA-F-S073-0004,S073,4,C61a80,Nicolás Antonio de San Luis,,C61a80-S73-0004.jpg,1x7xlI_tIeN4H8-F9wPq-fCXOyRg-TKU4,,,,,,,,,,,,,,,,,,,,,,pendiente,,
EFDA-F-S073-0005,S073,5,C61a80,Nicolás Antonio de San Luis,,C61a80-S73-0005.jpg,1xkTse1YtqEvxcQdP4oglib4mUE-dFoS5,,,,,,,,,,,,,,,,,,,,,,pendiente,,
EFDA-F-S074-0001,S074,1,C61a80,Antonio Vázquez,,C61a80-S74-0001.jpg,1vDe5ZiW4Iy2i4-GjJOxWqVflF-OowKXn,,,,,,,,,,,,,,,,,,,,,,pendiente,,
EFDA-F-S074-0002,S074,2,C61a80,Antonio Vázquez,,C61a80-S74-0002.jpg,1XhYWzwmM4UC2wCOTePnGqO7ZYvr5vsAN,,,,,,,,,,,,,,,,,,,,,,pendiente,,
EFDA-F-S074-0003,S074,3,C61a80,Antonio Vázquez,,C61a80-S74-0003.jpg,1_sh-E-dfn_NOV2nGcUMCpksst5MFppLd,,,,,,,,,,,,,,,,,,,,,,pendiente,,
EFDA-F-S074-0004,S074,4,C61a80,Antonio Vázquez,,C61a80-S74-0004.jpg,1kiO7cZGpg07UM5Itm1KmNFMvfjlLlq2H,,,,,,,,,,,,,,,,,,,,,,pendiente,,
EFDA-F-S075-0001,S075,1,C61a80,Contraalmirante Isaac Rojas,,C61a80-S75-0001.jpg,1SrFHIqqIhfl5JZA4N5AL_dQInP1k8ioN,,,,,,,,,,,,,,,,,,,,,,pendiente,,
EFDA-F-S075-0002,S075,2,C61a80,Contraalmirante Isaac Rojas,,C61a80-S75-0002.jpg,1JgsxilMME4L45MbcsG9_aglAoirc_NAP,,,,,,,,,,,,,,,,,,,,,,pendiente,,
EFDA-F-S075-0003,S075,3,C61a80,Contraalmirante Isaac Rojas,,C61a80-S75-0003.jpg,1RmnYHRxRxUIHie0F2sKfrIkdCjg7-ivL,,,,,,,,,,,,,,,,,,,,,,pendiente,,
EFDA-F-S075-0004,S075,4,C61a80,Contraalmirante Isaac Rojas,,C61a80-S75-0004.jpg,1sW6T5af0naVn5w9L-MIrv-eJz4OalG7H,,,,,,,,,,,,,,,,,,,,,,pendiente,,
EFDA-F-S075-0005,S075,5,C61a80,Contraalmirante Isaac Rojas,,C61a80-S75-0005.jpg,1eHbwfjI5ZYeB2NL409HfHlPvyl2zRxEx,,,,,,,,,,,,,,,,,,,,,,pendiente,,
EFDA-F-S075-0006,S075,6,C61a80,Contraalmirante Isaac Rojas,,C61a80-S75-0006.jpg,1HcVaZyM7qn8gDR6zRwvoYKoAGo4nUrTK,,,,,,,,,,,,,,,,,,,,,,pendiente,,
EFDA-F-S075-0007,S075,7,C61a80,Contraalmirante Isaac Rojas,,C61a80-S75-0007.jpg,1SNt8WCS2koklUyGgP_Zuayv4DSROq-KO,,,,,,,,,,,,,,,,,,,,,,pendiente,,
EFDA-F-S075-0008,S075,8,C61a80,Contraalmirante Isaac Rojas,,C61a80-S75-0008.jpg,12YkXouz1JdpudzUTkO2jTEXoEHY-KxoT,,,,,,,,,,,,,,,,,,,,,,pendiente,,
EFDA-F-S075-0009,S075,9,C61a80,Contraalmirante Isaac Rojas,,C61a80-S75-0009.jpg,1lDQ1kJBQiXmuGhioiIrRhasmM_YK09NB,,,,,,,,,,,,,,,,,,,,,,pendiente,,
EFDA-F-S075-0010,S075,10,C61a80,Contraalmirante Isaac Rojas,,C61a80-S75-0010.jpg,1z4CRdn0ObCaHyfaLlFm3I6Lw-J2hkphU,,,,,,,,,,,,,,,,,,,,,,pendiente,,
EFDA-F-S075-0011,S075,11,C61a80,Contraalmirante Isaac Rojas,,C61a80-S75-0011.jpg,1EsMtn-KGl1IhfDhGxiH5NIDWf8DDt1Oj,,,,,,,,,,,,,,,,,,,,,,pendiente,,
EFDA-F-S075-0012,S075,12,C61a80,Contraalmirante Isaac Rojas,,C61a80-S75-0012.jpg,1fnNPOyoUG7xZPmy4XtgtMjbzFhCCjhFk,,,,,,,,,,,,,,,,,,,,,,pendiente,,
EFDA-F-S075-0013,S075,13,C61a80,Contraalmirante Isaac Rojas,,C61a80-S75-0013.jpg,1u8HYreo8fG6vde0NiC7PnQ7jcM1vCx79,,,,,,,,,,,,,,,,,,,,,,pendiente,,
EFDA-F-S075-0014,S075,14,C61a80,Contraalmirante Isaac Rojas,,C61a80-S75-0014.jpg,1XVRR1rSbzUlDJQKb4kUjBe7tdc8jrPL_,,,,,,,,,,,,,,,,,,,,,,pendiente,,
EFDA-F-S075-0015,S075,15,C61a80,Contraalmirante Isaac Rojas,,C61a80-S75-0015.jpg,11F2u-PgftUrx24z8Fyf2d8PSobNvcvzM,,,,,,,,,,,,,,,,,,,,,,pendiente,,
EFDA-F-S075-0016,S075,16,C61a80,Contraalmirante Isaac Rojas,,C61a80-S75-0016.jpg,1-pm-RfhlMavsZznCl_K0kW_UmQUFdhnU,,,,,,,,,,,,,,,,,,,,,,pendiente,,
EFDA-F-S075-0017,S075,17,C61a80,Contraalmirante Isaac Rojas,,C61a80-S75-0017.jpg,1_pPRjt4ytZdAOUKtADQpfhMkfHqXiqbJ,,,,,,,,,,,,,,,,,,,,,,pendiente,,
EFDA-F-S076-0001,S076,1,C61a80,Ubaldo Martínez,,C61a80-S76-0001.jpg,1mHco0e5aD-6s5EY2PK-ncIPyOPl6nwDj,,,,,,,,,,,,,,,,,,,,,,pendiente,,
EFDA-F-S076-0002,S076,2,C61a80,Ubaldo Martínez,,C61a80-S76-0002.jpg,1plO9SkGC6O6jZtzLdfefDoi2ompt_U1g,,,,,,,,,,,,,,,,,,,,,,pendiente,,
EFDA-F-S076-0003,S076,3,C61a80,Ubaldo Martínez,,C61a80-S76-0003.jpg,1NYq3TGeRTpVZHjFocPOOgtCBlCbCbPcK,,,,,,,,,,,,,,,,,,,,,,pendiente,,
EFDA-F-S076-0004,S076,4,C61a80,Ubaldo Martínez,,C61a80-S76-0004.jpg,1g-MbrMZ94LWQT80g6m2kMZb5VjZ6EmcL,,,,,,,,,,,,,,,,,,,,,,pendiente,,
EFDA-F-S076-0005,S076,5,C61a80,Ubaldo Martínez,,C61a80-S76-0005.jpg,1csrkZDyHrIQu9sex0KJLoRjazwIpXkBo,,,,,,,,,,,,,,,,,,,,,,pendiente,,
EFDA-F-S076-0006,S076,6,C61a80,Ubaldo Martínez,,C61a80-S76-0006.jpg,1EFqnFsjg-_U14i4xRgXMYjZhkcbqGIwm,,,,,,,,,,,,,,,,,,,,,,pendiente,,
EFDA-F-S076-0007,S076,7,C61a80,Ubaldo Martínez,,C61a80-S76-0007.jpg,1czaEYlqWLzIBLf1FhR6raZDxIXhCO6w4,,,,,,,,,,,,,,,,,,,,,,pendiente,,
EFDA-F-S076-0008,S076,8,C61a80,Ubaldo Martínez,,C61a80-S76-0008.jpg,1k4wINwmBVLOtfpjZzIqtEBLe91FpU7HM,,,,,,,,,,,,,,,,,,,,,,pendiente,,
EFDA-F-S077-0001,S077,1,C61a80,Raúl Monsegur – Murales,,C61a80-S77-0001.jpg,1Wzmxy_p0jkforRIOHCabruaDXUFSxV22,,,,,,,,,,,,,,,,,,,,,,pendiente,,
EFDA-F-S077-0002,S077,2,C61a80,Raúl Monsegur – Murales,,C61a80-S77-0002.jpg,1zs_fLFz0TvI6Fwsan9RV4PqkSaS2RS80,,,,,,,,,,,,,,,,,,,,,,pendiente,,
EFDA-F-S077-0003,S077,3,C61a80,Raúl Monsegur – Murales,,C61a80-S77-0003.jpg,1sR9mQX3PlxvXftjkThwo8N9Ar7JpMgjO,,,,,,,,,,,,,,,,,,,,,,pendiente,,
EFDA-F-S077-0004,S077,4,C61a80,Raúl Monsegur – Murales,,C61a80-S77-0004.jpg,1sf4c98C4EFYTdgDolakd9FnnTqzlYu05,,,,,,,,,,,,,,,,,,,,,,pendiente,,
EFDA-F-S077-0005,S077,5,C61a80,Raúl Monsegur – Murales,,C61a80-S77-0005.jpg,1O0dmvkTK_Ev2c2Xce6aLWdEeRd0VYWvI,,,,,,,,,,,,,,,,,,,,,,pendiente,,
EFDA-F-S077-0006,S077,6,C61a80,Raúl Monsegur – Murales,,C61a80-S77-0006.jpg,17bz7iD1SHWE8vk2Z4COfgRkTXCeuMhkV,,,,,,,,,,,,,,,,,,,,,,pendiente,,
EFDA-F-S077-0007,S077,7,C61a80,Raúl Monsegur – Murales,,C61a80-S77-0007.jpg,17KLosf-NbyqCfAXhX019CZ3y7FkZxGTC,,,,,,,,,,,,,,,,,,,,,,pendiente,,
EFDA-F-S077-0008,S077,8,C61a80,Raúl Monsegur – Murales,,C61a80-S77-0008.jpg,1wbFtRypD8MQtwwHy3o_HFwb3xgckfYUi,,,,,,,,,,,,,,,,,,,,,,pendiente,,
EFDA-F-S077-0009,S077,9,C61a80,Raúl Monsegur – Murales,,C61a80-S77-0009.jpg,1fvMNDNw56ckUH9-CxiKT6f68HRXJpnUm,,,,,,,,,,,,,,,,,,,,,,pendiente,,
EFDA-F-S077-0010,S077,10,C61a80,Raúl Monsegur – Murales,,C61a80-S77-0010.jpg,1I4NFqqxfqD1tqkLnvN45L8gg19ljKs9X,,,,,,,,,,,,,,,,,,,,,,pendiente,,
EFDA-F-S077-0011,S077,11,C61a80,Raúl Monsegur – Murales,,C61a80-S77-0011.jpg,1VMxSD0Hry49KKXHqdqtWYQtAO9iTfNbT,,,,,,,,,,,,,,,,,,,,,,pendiente,,
EFDA-F-S077-0012,S077,12,C61a80,Raúl Monsegur – Murales,,C61a80-S77-0012.jpg,1PEK_DJMoTyst5gY8FclgYhdIljWBYJ6q,,,,,,,,,,,,,,,,,,,,,,pendiente,,
EFDA-F-S077-0013,S077,13,C61a80,Raúl Monsegur – Murales,,C61a80-S77-0013.jpg,1QqNNdjAf1krkAYbL9jT_-lWh8uuNSOzz,C61a80-S77-0013r.jpg,1r05OadiHwlSx0OT97r3iiADZLnwGsO2Y,,,,,,,,,,,,,,,,,,,,pendiente,,
EFDA-F-S078-0001,S078,1,C61a80,"Teatro: ""Liliom""",,C61a80-S78-0001.jpg,1T9b191XHIqL91aD9RuY89Kk07P-xqkur,,,,,,,,,,,,,,,,,,,,,,pendiente,,
EFDA-F-S078-0002,S078,2,C61a80,"Teatro: ""Liliom""",,C61a80-S78-0002.jpg,1qVEqTW5fwzQnYut1DrGZpnZ9stmaamoq,C61a80-S78-0002r.jpg,13nC-y2CQxsrWGIZuzIc7kpzrUKJ7vFsF,,,,,,,,,,,,,,,,,,,,pendiente,,
EFDA-F-S078-0003,S078,3,C61a80,"Teatro: ""Liliom""",,C61a80-S78-0003.jpg,18xMx8klf64qIUaxPeEqRykniSD9K0zHL,,,,,,,,,,,,,,,,,,,,,,pendiente,,
EFDA-F-S078-0004,S078,4,C61a80,"Teatro: ""Liliom""",,C61a80-S78-0004.jpg,17xP86Z8wM6-Dv5BwjUaQGv9O18PAwHgZ,,,,,,,,,,,,,,,,,,,,,,pendiente,,
EFDA-F-S078-0005,S078,5,C61a80,"Teatro: ""Liliom""",,C61a80-S78-0005.jpg,18G_IMiHA_VbJe2Z3NyKrX22knXhTo-i4,,,,,,,,,,,,,,,,,,,,,,pendiente,,
EFDA-F-S078-0006,S078,6,C61a80,"Teatro: ""Liliom""",,C61a80-S78-0006.jpg,10SGbNJC9pfx2_thR7PZ4nYpP0KPKOjcP,,,,,,,,,,,,,,,,,,,,,,pendiente,,
EFDA-F-S078-0007,S078,7,C61a80,"Teatro: ""Liliom""",,C61a80-S78-0007.jpg,1kDbiqeNAVTc9L0AIkDcj_-61nLXuWlc4,,,,,,,,,,,,,,,,,,,,,,pendiente,,
EFDA-F-S078-0008,S078,8,C61a80,"Teatro: ""Liliom""",,C61a80-S78-0008.jpg,1o7hBytwONuhXf38ZLFVjhBCWMmEPo-BI,,,,,,,,,,,,,,,,,,,,,,pendiente,,
EFDA-F-S078-0009,S078,9,C61a80,"Teatro: ""Liliom""",,C61a80-S78-0009.jpg,1NCNXQ8dM1gTpVyX5JgyRWfNkk3-GLVhv,,,,,,,,,,,,,,,,,,,,,,pendiente,,
EFDA-F-S078-0010,S078,10,C61a80,"Teatro: ""Liliom""",,C61a80-S78-0010.jpg,1vJDEe49JoDmfvc_a81-N6eshgystvfCh,,,,,,,,,,,,,,,,,,,,,,pendiente,,
EFDA-F-S078-0011,S078,11,C61a80,"Teatro: ""Liliom""",,C61a80-S78-0011.jpg,12c_qZRUv8fRLRsQtFfXO_-9r2x_CUcgq,,,,,,,,,,,,,,,,,,,,,,pendiente,,
EFDA-F-S078-0012,S078,12,C61a80,"Teatro: ""Liliom""",,C61a80-S78-0012.jpg,1NkuVOoEbyRaz2XXbw2JxXymE36exLv_Z,,,,,,,,,,,,,,,,,,,,,,pendiente,,
EFDA-F-S078-0013,S078,13,C61a80,"Teatro: ""Liliom""",,C61a80-S78-0013.jpg,1wiNzCttYYJc8BlW3XTu5pu7j_l1xypZt,,,,,,,,,,,,,,,,,,,,,,pendiente,,
EFDA-F-S078-0014,S078,14,C61a80,"Teatro: ""Liliom""",,C61a80-S78-0014.jpg,1XyPreJ-3_tp5C-97BwGDLgIqp_K_DxBl,,,,,,,,,,,,,,,,,,,,,,pendiente,,
EFDA-F-S078-0015,S078,15,C61a80,"Teatro: ""Liliom""",,C61a80-S78-0015.jpg,1CPBTqISm6_aNv8rlAXcaMWMeKBeCZxXK,,,,,,,,,,,,,,,,,,,,,,pendiente,,
EFDA-F-S078-0016,S078,16,C61a80,"Teatro: ""Liliom""",,C61a80-S78-0016.jpg,1zGbbCwLQvGYduU1GW463mG9qfCmqm4UO,,,,,,,,,,,,,,,,,,,,,,pendiente,,
EFDA-F-S078-0017,S078,17,C61a80,"Teatro: ""Liliom""",,C61a80-S78-0017.jpg,1a5TQOJEubm9JNWlN21o2Eu35UoQLyzmo,,,,,,,,,,,,,,,,,,,,,,pendiente,,
EFDA-F-S078-0018,S078,18,C61a80,"Teatro: ""Liliom""",,C61a80-S78-0018.jpg,1bi2ZYOaeoenW_GDps-G8-Bl2W8qYe4el,,,,,,,,,,,,,,,,,,,,,,pendiente,,
EFDA-F-S078-0019,S078,19,C61a80,"Teatro: ""Liliom""",,C61a80-S78-0019.jpg,1Lo9bpMKDQcMyfZz21cEv9MgvcLNhaS-C,,,,,,,,,,,,,,,,,,,,,,pendiente,,
EFDA-F-S078-0020,S078,20,C61a80,"Teatro: ""Liliom""",,C61a80-S78-0020.jpg,1eAF0hhkJVGeLcHJLEBaYbQbYp0o2-Ge9,,,,,,,,,,,,,,,,,,,,,,pendiente,,
EFDA-F-S078-0021,S078,21,C61a80,"Teatro: ""Liliom""",,C61a80-S78-0021.jpg,1mZUqhnBgxoLC7EuNyrfIEtEU89qYF4V4,,,,,,,,,,,,,,,,,,,,,,pendiente,,
EFDA-F-S078-0022,S078,22,C61a80,"Teatro: ""Liliom""",,C61a80-S78-0022.jpg,1S5KTbM7mTZ9tko-DIWQgoCdQsMiEKbtv,,,,,,,,,,,,,,,,,,,,,,pendiente,,
EFDA-F-S078-0023,S078,23,C61a80,"Teatro: ""Liliom""",,C61a80-S78-0023.jpg,1BuOMeebYGOxOcvZIVGxTB_jzusI5hRFO,,,,,,,,,,,,,,,,,,,,,,pendiente,,
EFDA-F-S078-0024,S078,24,C61a80,"Teatro: ""Liliom""",,C61a80-S78-0024.jpg,10yiNCEs6ER6iU1qiXYbZpevn7WIulBoJ,,,,,,,,,,,,,,,,,,,,,,pendiente,,
EFDA-F-S078-0025,S078,25,C61a80,"Teatro: ""Liliom""",,C61a80-S78-0025.jpg,1otwX8BD6rvqFRLYR3xFBfWv1P4VSa3ad,,,,,,,,,,,,,,,,,,,,,,pendiente,,
EFDA-F-S078-0026,S078,26,C61a80,"Teatro: ""Liliom""",,C61a80-S78-0026.jpg,1aC1ksMZogZ5gRlcuy2X20sIeNbiFxDow,,,,,,,,,,,,,,,,,,,,,,pendiente,,
EFDA-F-S078-0027,S078,27,C61a80,"Teatro: ""Liliom""",,C61a80-S78-0027.jpg,1q93raHrenkmQkroxVPqdbx2I5oxQqcvd,,,,,,,,,,,,,,,,,,,,,,pendiente,,
EFDA-F-S078-0028,S078,28,C61a80,"Teatro: ""Liliom""",,C61a80-S78-0028.jpg,1i8JrF2vAUXVBDCMFNuclM8PKA5NaTga5,,,,,,,,,,,,,,,,,,,,,,pendiente,,
EFDA-F-S078-0029,S078,29,C61a80,"Teatro: ""Liliom""",,C61a80-S78-0029.jpg,1X9W68g8VrW__A9ICmU1WdorbyktHJo6e,,,,,,,,,,,,,,,,,,,,,,pendiente,,
EFDA-F-S078-0030,S078,30,C61a80,"Teatro: ""Liliom""",,C61a80-S78-0030.jpg,1LIPL55ET0RWX4vaDUfAHc_y6Dr_EHo4e,,,,,,,,,,,,,,,,,,,,,,pendiente,,
EFDA-F-S078-0031,S078,31,C61a80,"Teatro: ""Liliom""",,C61a80-S78-0031.jpg,1a5Lg9n4-bSf-3-omC46c9V70J80N9eS3,,,,,,,,,,,,,,,,,,,,,,pendiente,,
EFDA-F-S078-0032,S078,32,C61a80,"Teatro: ""Liliom""",,C61a80-S78-0032.jpg,1wO9cSQPWzk_pUF53jzjgRhuSMB9Ce_X8,,,,,,,,,,,,,,,,,,,,,,pendiente,,
EFDA-F-S078-0033,S078,33,C61a80,"Teatro: ""Liliom""",,C61a80-S78-0033.jpg,19fK0pMuydq6HjnVAWai6T-Icjsp6hI_V,,,,,,,,,,,,,,,,,,,,,,pendiente,,
EFDA-F-S078-0034,S078,34,C61a80,"Teatro: ""Liliom""",,C61a80-S78-0034.jpg,1BHT8tczyodf2nJs_YdsCuafg6VP6OD_V,,,,,,,,,,,,,,,,,,,,,,pendiente,,
EFDA-F-S078-0035,S078,35,C61a80,"Teatro: ""Liliom""",,C61a80-S78-0035.jpg,1fmzI9RaGCw82Hbdk5Rct1gpIT29O9dat,,,,,,,,,,,,,,,,,,,,,,pendiente,,
EFDA-F-S079-0001,S079,1,C61a80,Juan Mantovani,,C61a80-S79-0001.jpg,1-rHJsPhbkFbC7AaHSw2-suGN-8icGJ9n,,,,,,,,,,,,,,,,,,,,,,pendiente,,
EFDA-F-S079-0002,S079,2,C61a80,Juan Mantovani,,C61a80-S79-0002.jpg,12qeu0QvwRK2SFqSco18FavkHMP6LMIAl,,,,,,,,,,,,,,,,,,,,,,pendiente,,
EFDA-F-S079-0003,S079,3,C61a80,Juan Mantovani,,C61a80-S79-0003.jpg,19HNZaF8wf8KKG3hnUeZE4K6vHdd2DfZv,,,,,,,,,,,,,,,,,,,,,,pendiente,,
EFDA-F-S079-0004,S079,4,C61a80,Juan Mantovani,,C61a80-S79-0004.jpg,1yUUraY8LZGMVKFSgOP-t_KHPtXirS4q7,,,,,,,,,,,,,,,,,,,,,,pendiente,,
EFDA-F-S079-0005,S079,5,C61a80,Juan Mantovani,,C61a80-S79-0005.jpg,1yels3xgDwESiikhgUMlpwjas8KFviLHG,,,,,,,,,,,,,,,,,,,,,,pendiente,,
EFDA-F-S079-0006,S079,6,C61a80,Juan Mantovani,,C61a80-S79-0006.jpg,1xbPPEPYiKjETy1XNSFRpBlYysl67ZMe5,,,,,,,,,,,,,,,,,,,,,,pendiente,,
EFDA-F-S079-0007,S079,7,C61a80,Juan Mantovani,,C61a80-S79-0007.jpg,1FzMBBqR6hgZaKqsPNmapcvf5TL0Pmo9y,,,,,,,,,,,,,,,,,,,,,,pendiente,,
EFDA-F-S080-0001,S080,1,C61a80,Directorio de La Forestal Argentina,,C61a80-S80-0001.jpg,18IGxh4MM6Ar3uBBfeqCUuMRSQCD3J7MN,,,,,,,,,,,,,,,,,,,,,,pendiente,,
EFDA-F-S080-0002,S080,2,C61a80,Directorio de La Forestal Argentina,,C61a80-S80-0002.jpg,1wZUIzNxzGTYvdp0IuyuJFXkW-NzMZIQ0,,,,,,,,,,,,,,,,,,,,,,pendiente,,
EFDA-F-S080-0003,S080,3,C61a80,Directorio de La Forestal Argentina,,C61a80-S80-0003.jpg,1Rx2iHMajj1nRdcpNi1kUO-B9wYxUbmRQ,,,,,,,,,,,,,,,,,,,,,,pendiente,,
EFDA-F-S080-0004,S080,4,C61a80,Directorio de La Forestal Argentina,,C61a80-S80-0004.jpg,11ou9BBEHhnJiXTqnRDuHf-u7G-FA9MNI,,,,,,,,,,,,,,,,,,,,,,pendiente,,
EFDA-F-S080-0005,S080,5,C61a80,Directorio de La Forestal Argentina,,C61a80-S80-0005.jpg,1eic_wkM2GanHpdtEbv3XWd3dj_UMbj6a,,,,,,,,,,,,,,,,,,,,,,pendiente,,
EFDA-F-S080-0006,S080,6,C61a80,Directorio de La Forestal Argentina,,C61a80-S80-0006.jpg,113GRKfvqly3Zl49qjEd6v5S-3ubvPncp,,,,,,,,,,,,,,,,,,,,,,pendiente,,
EFDA-F-S080-0007,S080,7,C61a80,Directorio de La Forestal Argentina,,C61a80-S80-0007.jpg,1n1ULj7DN1kMekPv4Sf-CUPQyQfz_HRS2,,,,,,,,,,,,,,,,,,,,,,pendiente,,
EFDA-F-S080-0008,S080,8,C61a80,Directorio de La Forestal Argentina,,C61a80-S80-0008.jpg,1yPyDF0RZNcmVX5acZzXqBWJN-hJfp45l,,,,,,,,,,,,,,,,,,,,,,pendiente,,
EFDA-F-S080-0009,S080,9,C61a80,Directorio de La Forestal Argentina,,C61a80-S80-0009.jpg,1E9bqoOGcr2DkKiff8xUdgPe1KC-EKl47,,,,,,,,,,,,,,,,,,,,,,pendiente,,
EFDA-F-S080-0010,S080,10,C61a80,Directorio de La Forestal Argentina,,C61a80-S80-0010.jpg,1hE2K2Jc9AmChpykftjWv9j3zeQb5oXnb,,,,,,,,,,,,,,,,,,,,,,pendiente,,
EFDA-F-S080-0011,S080,11,C61a80,Directorio de La Forestal Argentina,,C61a80-S80-0011.jpg,18MsayhvPMcY2dIWIbpEbhQ6uqLO4Rd4A,,,,,,,,,,,,,,,,,,,,,,pendiente,,
EFDA-F-S080-0012,S080,12,C61a80,Directorio de La Forestal Argentina,,C61a80-S80-0012.jpg,1Nsbb8XCDto7SAeqevD2Hy6lTsEW-nvla,,,,,,,,,,,,,,,,,,,,,,pendiente,,
EFDA-F-S080-0013,S080,13,C61a80,Directorio de La Forestal Argentina,,C61a80-S80-0013.jpg,1uFMtDZNxTey_UYn6phUfGl_M_TI5y3bF,,,,,,,,,,,,,,,,,,,,,,pendiente,,
EFDA-F-S080-0014,S080,14,C61a80,Directorio de La Forestal Argentina,,C61a80-S80-0014.jpg,1i1D3gV3N1eirj3xWwHbcxCGVfi3d7ad0,,,,,,,,,,,,,,,,,,,,,,pendiente,,
EFDA-F-S080-0015,S080,15,C61a80,Directorio de La Forestal Argentina,,C61a80-S80-0015.jpg,1BvttK0f8g-1gKwfS3BAm0RoxWaIXZGwt,,,,,,,,,,,,,,,,,,,,,,pendiente,,
EFDA-F-S081-0001,S081,1,C81a100,"Interiores y exteriores del ""Fogón""",,C81a100-S81-0001.jpg,18nzWZLY9g0RyaJlGk6eJY9tFapat0C1Q,,,,,,,,,,,,,,,,,,,,,,pendiente,,
EFDA-F-S081-0002,S081,2,C81a100,"Interiores y exteriores del ""Fogón""",,C81a100-S81-0002.jpg,1xXH_UIUAE1tkVPTsQ4md7GC8geUTvpFS,,,,,,,,,,,,,,,,,,,,,,pendiente,,
EFDA-F-S081-0003,S081,3,C81a100,"Interiores y exteriores del ""Fogón""",,C81a100-S81-0003.jpg,1JOrwh4Uj_n0LRLbogcidvjfDMImYUapx,,,,,,,,,,,,,,,,,,,,,,pendiente,,
EFDA-F-S081-0004,S081,4,C81a100,"Interiores y exteriores del ""Fogón""",,C81a100-S81-0004.jpg,1SXR5XowXFSrfKwgXkwINMkFHAr0W2d1g,,,,,,,,,,,,,,,,,,,,,,pendiente,,
EFDA-F-S081-0005,S081,5,C81a100,"Interiores y exteriores del ""Fogón""",,C81a100-S81-0005.jpg,1xtQkTOMvBNPg5v24HBST4Rn2AM6tJ-GJ,,,,,,,,,,,,,,,,,,,,,,pendiente,,
EFDA-F-S081-0006,S081,6,C81a100,"Interiores y exteriores del ""Fogón""",,C81a100-S81-0006.jpg,1KSialqSbQFeE75GOeG0tg6jjV16SZ7Rj,,,,,,,,,,,,,,,,,,,,,,pendiente,,
EFDA-F-S081-0007,S081,7,C81a100,"Interiores y exteriores del ""Fogón""",,C81a100-S81-0007.jpg,1i3-A9qnZHjyNZb42zcVoRIwdFOJZcsg3,,,,,,,,,,,,,,,,,,,,,,pendiente,,
EFDA-F-S081-0008,S081,8,C81a100,"Interiores y exteriores del ""Fogón""",,C81a100-S81-0008.jpg,1AACvNutH0gDlRUPtgad9UliyT15TBkFl,,,,,,,,,,,,,,,,,,,,,,pendiente,,
EFDA-F-S081-0009,S081,9,C81a100,"Interiores y exteriores del ""Fogón""",,C81a100-S81-0009.jpg,1A8jLtjRhIdAuFkOlVRIX47VKeiGaD7eE,,,,,,,,,,,,,,,,,,,,,,pendiente,,
EFDA-F-S081-0010,S081,10,C81a100,"Interiores y exteriores del ""Fogón""",,C81a100-S81-0010.jpg,1sQaWIsDjI625Fs7-m439huVqJonR846N,,,,,,,,,,,,,,,,,,,,,,pendiente,,
EFDA-F-S081-0011,S081,11,C81a100,"Interiores y exteriores del ""Fogón""",,C81a100-S81-0011.jpg,1sm18h54SuBjgT44bIRaiy9Mqp3iQv9o1,,,,,,,,,,,,,,,,,,,,,,pendiente,,
EFDA-F-S081-0012,S081,12,C81a100,"Interiores y exteriores del ""Fogón""",,C81a100-S81-0012.jpg,1qOVw08wOLaU4azpV7jTT1wJ0b8329hGE,,,,,,,,,,,,,,,,,,,,,,pendiente,,
EFDA-F-S081-0013,S081,13,C81a100,"Interiores y exteriores del ""Fogón""",,C81a100-S81-0013.jpg,1aGJO6KX9SDtlvnJyfESrL-IeSNrySyLU,,,,,,,,,,,,,,,,,,,,,,pendiente,,
EFDA-F-S081-0014,S081,14,C81a100,"Interiores y exteriores del ""Fogón""",,C81a100-S81-0014.jpg,1VnSaES3OkQ0Kwb2xCDacDR1r4Aoq_TPg,,,,,,,,,,,,,,,,,,,,,,pendiente,,
EFDA-F-S081-0015,S081,15,C81a100,"Interiores y exteriores del ""Fogón""",,C81a100-S81-0015.jpg,1TWzDs6n7TWtjXD_8TvXyU-9FwIkyqBVQ,,,,,,,,,,,,,,,,,,,,,,pendiente,,
EFDA-F-S081-0016,S081,16,C81a100,"Interiores y exteriores del ""Fogón""",,C81a100-S81-0016.jpg,1YC6rFSCErq7KFWA5WbfnNt-NWC4fhNQg,,,,,,,,,,,,,,,,,,,,,,pendiente,,
EFDA-F-S081-0017,S081,17,C81a100,"Interiores y exteriores del ""Fogón""",,C81a100-S81-0017.jpg,1ANHgnHzv1dj5LXY9GuWavEXsMn7zgybV,,,,,,,,,,,,,,,,,,,,,,pendiente,,
EFDA-F-S081-0018,S081,18,C81a100,"Interiores y exteriores del ""Fogón""",,C81a100-S81-0018.jpg,1u4F4CegEmtFKKYUPSTLoJMoI38YgF_Sq,,,,,,,,,,,,,,,,,,,,,,pendiente,,
EFDA-F-S081-0019,S081,19,C81a100,"Interiores y exteriores del ""Fogón""",,C81a100-S81-0019.jpg,1c9hLUS85QOXFNA4nd7YZYvrGg7iELToN,,,,,,,,,,,,,,,,,,,,,,pendiente,,
EFDA-F-S081-0020,S081,20,C81a100,"Interiores y exteriores del ""Fogón""",,C81a100-S81-0020.jpg,1YbG9uqbDbG953J40vvBBMB-c4HDUjD72,,,,,,,,,,,,,,,,,,,,,,pendiente,,
EFDA-F-S081-0021,S081,21,C81a100,"Interiores y exteriores del ""Fogón""",,C81a100-S81-0021.jpg,1cvnbFEH6pa1I8TYA655yzfhW4odzq4w1,,,,,,,,,,,,,,,,,,,,,,pendiente,,
EFDA-F-S081-0022,S081,22,C81a100,"Interiores y exteriores del ""Fogón""",,C81a100-S81-0022.jpg,1EsFrQ1LRgueiIVIuNIG96-tfLC5YCI1K,,,,,,,,,,,,,,,,,,,,,,pendiente,,
EFDA-F-S081-0023,S081,23,C81a100,"Interiores y exteriores del ""Fogón""",,C81a100-S81-0023.jpg,105R2o0LLMexgf6WuebBSg2NlgVsKryN5,,,,,,,,,,,,,,,,,,,,,,pendiente,,
EFDA-F-S081-0024,S081,24,C81a100,"Interiores y exteriores del ""Fogón""",,C81a100-S81-0024.jpg,1lj6cUyPISLkPadZTUNTVJOpkePoNDtMu,,,,,,,,,,,,,,,,,,,,,,pendiente,,
EFDA-F-S081-0025,S081,25,C81a100,"Interiores y exteriores del ""Fogón""",,C81a100-S81-0025.jpg,1q8WuiUBS-CjHpmL2nwEc0k-1kOyGfa1C,,,,,,,,,,,,,,,,,,,,,,pendiente,,
EFDA-F-S081-0026,S081,26,C81a100,"Interiores y exteriores del ""Fogón""",,C81a100-S81-0026.jpg,1NwBjwuqnp-GnFjdBa7PAiyRwkTMNtaIc,,,,,,,,,,,,,,,,,,,,,,pendiente,,
EFDA-F-S081-0027,S081,27,C81a100,"Interiores y exteriores del ""Fogón""",,C81a100-S81-0027.jpg,19DqP8750CLWxZaA14ijCVxBWIW9qCEFk,,,,,,,,,,,,,,,,,,,,,,pendiente,,
EFDA-F-S081-0028,S081,28,C81a100,"Interiores y exteriores del ""Fogón""",,C81a100-S81-0028.jpg,1_WoJOCW_7R3hMRbE_icmZSvepczijwC1,,,,,,,,,,,,,,,,,,,,,,pendiente,,
EFDA-F-S081-0029,S081,29,C81a100,"Interiores y exteriores del ""Fogón""",,C81a100-S81-0029.jpg,18bEzzcDOHdLtiIof1XVYdJU7STD2tvQz,,,,,,,,,,,,,,,,,,,,,,pendiente,,
EFDA-F-S081-0030,S081,30,C81a100,"Interiores y exteriores del ""Fogón""",,C81a100-S81-0030.jpg,1QMpDRWutOR0iuI8jhky0O_4ZX8g0RRDk,,,,,,,,,,,,,,,,,,,,,,pendiente,,
EFDA-F-S082-0001,S082,1,C81a100,Brigadier Moragues – Concentración Aerolíneas,si,C81a100-S82-0001.jpg,14JiM1FkaxZZb3I0wArg2nZbNA4bE0QET,,,,,,,,,,,,,,,,,,,,,,pendiente,,
EFDA-F-S082-0002,S082,2,C81a100,Brigadier Moragues – Concentración Aerolíneas,si,C81a100-S82-0002.jpg,1YWXEllSEpesN-dL_pTty8RKPsvaprc4X,,,,,,,,,,,,,,,,,,,,,,pendiente,,
EFDA-F-S082-0003,S082,3,C81a100,Brigadier Moragues – Concentración Aerolíneas,si,C81a100-S82-0003.jpg,1RgAsrGs_Tvn4U0l1CORE_aP3QopAQOT_,,,,,,,,,,,,,,,,,,,,,,pendiente,,
EFDA-F-S082-0004,S082,4,C81a100,Brigadier Moragues – Concentración Aerolíneas,si,C81a100-S82-0004.jpg,1JmcTOENMhTBFnz_Uv77mPc6C9YP6PR2W,,,,,,,,,,,,,,,,,,,,,,pendiente,,
EFDA-F-S082-0005,S082,5,C81a100,Brigadier Moragues – Concentración Aerolíneas,si,C81a100-S82-0005.jpg,1ns-cxEhvq5k_9DO-Qt6NCwIv-lxs_AqZ,,,,,,,,,,,,,,,,,,,,,,pendiente,,
EFDA-F-S082-0006,S082,6,C81a100,Brigadier Moragues – Concentración Aerolíneas,si,C81a100-S82-0006.jpg,10WlWowsSdIGuD8YmjrOAoMWE-1kyfPf2,,,,,,,,,,,,,,,,,,,,,,pendiente,,
EFDA-F-S082-0007,S082,7,C81a100,Brigadier Moragues – Concentración Aerolíneas,si,C81a100-S82-0007.jpg,1cv9HJ_cA7sgVL0qXr4WW94mfAQiJ2E_B,,,,,,,,,,,,,,,,,,,,,,pendiente,,
EFDA-F-S082-0008,S082,8,C81a100,Brigadier Moragues – Concentración Aerolíneas,si,C81a100-S82-0008.jpg,1QpreUbLhNOW-XqAt9RBkzXCI2oZH2mdc,,,,,,,,,,,,,,,,,,,,,,pendiente,,
EFDA-F-S082-0009,S082,9,C81a100,Brigadier Moragues – Concentración Aerolíneas,si,C81a100-S82-0009.jpg,19dW5pSNjS1qARBpKHLY5sfP03QxG1LF1,,,,,,,,,,,,,,,,,,,,,,pendiente,,
EFDA-F-S082-0010,S082,10,C81a100,Brigadier Moragues – Concentración Aerolíneas,si,C81a100-S82-0010.jpg,1H1giXQ36-EKmCLdDs5vpp8RoKSR0EtTA,,,,,,,,,,,,,,,,,,,,,,pendiente,,
EFDA-F-S082-0011,S082,11,C81a100,Brigadier Moragues – Concentración Aerolíneas,si,C81a100-S82-0011.jpg,1ok-uSqJ8FqjuagY53k6Zy6IuSAFyvKqo,,,,,,,,,,,,,,,,,,,,,,pendiente,,
EFDA-F-S082-0012,S082,12,C81a100,Brigadier Moragues – Concentración Aerolíneas,si,C81a100-S82-0012.jpg,1N7O7HXzBkLSndnjzYtaTdsBlzCyMHc9d,,,,,,,,,,,,,,,,,,,,,,pendiente,,
EFDA-F-S082-0013,S082,13,C81a100,Brigadier Moragues – Concentración Aerolíneas,si,C81a100-S82-0013.jpg,1WkzLp837vP46cote-PYrdOW0k0ylpIVD,,,,,,,,,,,,,,,,,,,,,,pendiente,,
EFDA-F-S082-0014,S082,14,C81a100,Brigadier Moragues – Concentración Aerolíneas,si,C81a100-S82-0014.jpg,1sM6cvJ2JR2kaDhpVLfAMjLGMQApKtgT_,C81a100-S82-0014r.jpg,1xo-QEqOCplJh7eQBbr_LsSUDpA1_6As1,,,,,,,,,,,,,,,,,,,,pendiente,,
EFDA-F-S083-0001,S083,1,C81a100,Jacinto Castillo,,C81a100-S83-0001.jpg,1--oRhAUp_FgczOJ98CkaS1Rm9G6KLX_x,,,,,,,,,,,,,,,,,,,,,,pendiente,,
EFDA-F-S083-0002,S083,2,C81a100,Jacinto Castillo,,C81a100-S83-0002.jpg,1VHb9NEwfjy0FxD0YQwpJQxW3EkGpC2UZ,,,,,,,,,,,,,,,,,,,,,,pendiente,,
EFDA-F-S083-0003,S083,3,C81a100,Jacinto Castillo,,C81a100-S83-0003.jpg,1BLAkZaAETBZugy7recdRYves2LRGlhKt,,,,,,,,,,,,,,,,,,,,,,pendiente,,
EFDA-F-S083-0004,S083,4,C81a100,Jacinto Castillo,,C81a100-S83-0004.jpg,1g_4L7kYN4LZJeX4TZBZCHIwOvgviIQX-,,,,,,,,,,,,,,,,,,,,,,pendiente,,
EFDA-F-S083-0005,S083,5,C81a100,Jacinto Castillo,,C81a100-S83-0005.jpg,18OvZEVutybTCOx6SDv3RunjxxYxu92qD,,,,,,,,,,,,,,,,,,,,,,pendiente,,
EFDA-F-S083-0006,S083,6,C81a100,Jacinto Castillo,,C81a100-S83-0006.jpg,1xxF64mK34iVNsnTpcv5OomctWeNzYL_D,,,,,,,,,,,,,,,,,,,,,,pendiente,,
EFDA-F-S083-0007,S083,7,C81a100,Jacinto Castillo,,C81a100-S83-0007.jpg,1jw7YnHbcFgGBm2ofGCznmHq5kBz-zJQh,,,,,,,,,,,,,,,,,,,,,,pendiente,,
EFDA-F-S084-0001,S084,1,C81a100,Armando Asti Vera,,C81a100-S84-0001.jpg,1Xz7KnCyslJClAzJxiYn3lxNmTtq0hnih,,,,,,,,,,,,,,,,,,,,,,pendiente,,
EFDA-F-S084-0002,S084,2,C81a100,Armando Asti Vera,,C81a100-S84-0002.jpg,1WSbWMqbTW2th0Afzf-X7dYt4iScHuDmj,,,,,,,,,,,,,,,,,,,,,,pendiente,,
EFDA-F-S084-0003,S084,3,C81a100,Armando Asti Vera,,C81a100-S84-0003.jpg,1HWe3IP5U_bHWod7strXSwY9fuu79Nlrt,,,,,,,,,,,,,,,,,,,,,,pendiente,,
EFDA-F-S084-0004,S084,4,C81a100,Armando Asti Vera,,C81a100-S84-0004.jpg,1d893gJMrd3BIhFvijHrts8JYZr4bUlJF,,,,,,,,,,,,,,,,,,,,,,pendiente,,
EFDA-F-S084-0005,S084,5,C81a100,Armando Asti Vera,,C81a100-S84-0005.jpg,1cogrnEa2kNtM1YngkQLainS8AggGxaMG,,,,,,,,,,,,,,,,,,,,,,pendiente,,
EFDA-F-S085-0001,S085,1,C81a100,"Fiesta y baile en ""El Fogón de los Arrieros""",,C81a100-S85-0001.jpg,1nsunUvzQK8CZesd329EnOdcXH2nCyFT2,,,,,,,,,,,,,,,,,,,,,,pendiente,,
EFDA-F-S085-0002,S085,2,C81a100,"Fiesta y baile en ""El Fogón de los Arrieros""",,C81a100-S85-0002.jpg,1EdQ5It341zKC9OYxYKNlKenhyeuFKNWg,,,,,,,,,,,,,,,,,,,,,,pendiente,,
EFDA-F-S085-0003,S085,3,C81a100,"Fiesta y baile en ""El Fogón de los Arrieros""",,C81a100-S85-0003.jpg,1FOuoowI6KkM0C77ffQfcfZtMx7b47VTK,,,,,,,,,,,,,,,,,,,,,,pendiente,,
EFDA-F-S085-0004,S085,4,C81a100,"Fiesta y baile en ""El Fogón de los Arrieros""",,C81a100-S85-0004.jpg,1oB-Jdm-Fw5kAElVEh6gXltRy4bEmkvO8,,,,,,,,,,,,,,,,,,,,,,pendiente,,
EFDA-F-S085-0005,S085,5,C81a100,"Fiesta y baile en ""El Fogón de los Arrieros""",,C81a100-S85-0005.jpg,1VMMwpP7Wk0oWqvd3xX1DX7deqd97BsuC,,,,,,,,,,,,,,,,,,,,,,pendiente,,
EFDA-F-S085-0006,S085,6,C81a100,"Fiesta y baile en ""El Fogón de los Arrieros""",,C81a100-S85-0006.jpg,1VJmA4ItPNFv7q58DbDF9BWRQMYMHftzc,,,,,,,,,,,,,,,,,,,,,,pendiente,,
EFDA-F-S085-0007,S085,7,C81a100,"Fiesta y baile en ""El Fogón de los Arrieros""",,C81a100-S85-0007.jpg,1UBdFqYR-52sREBkAWK0ZbAw_D_AzWxrZ,,,,,,,,,,,,,,,,,,,,,,pendiente,,
EFDA-F-S085-0008,S085,8,C81a100,"Fiesta y baile en ""El Fogón de los Arrieros""",,C81a100-S85-0008.jpg,1IZsiF_cMeG9-Dq4C01IpLuCymGxvrmeO,,,,,,,,,,,,,,,,,,,,,,pendiente,,
EFDA-F-S085-0009,S085,9,C81a100,"Fiesta y baile en ""El Fogón de los Arrieros""",,C81a100-S85-0009.jpg,14imQfY0LpHYriinMWWQzudBmOL95uqt1,,,,,,,,,,,,,,,,,,,,,,pendiente,,
EFDA-F-S085-0010,S085,10,C81a100,"Fiesta y baile en ""El Fogón de los Arrieros""",,C81a100-S85-0010.jpg,1clTWzQCsmlr3u1A1d5QkuKrMsvvp2mVA,,,,,,,,,,,,,,,,,,,,,,pendiente,,
EFDA-F-S085-0011,S085,11,C81a100,"Fiesta y baile en ""El Fogón de los Arrieros""",,C81a100-S85-0011.jpg,1ETUjboDdqrI437OhF5OF8sHY9hT3C5fe,,,,,,,,,,,,,,,,,,,,,,pendiente,,
EFDA-F-S085-0012,S085,12,C81a100,"Fiesta y baile en ""El Fogón de los Arrieros""",,C81a100-S85-0012.jpg,1n1lKKrwufN0cpoF_YLqDOvEM5yUiDVAF,,,,,,,,,,,,,,,,,,,,,,pendiente,,
EFDA-F-S086-0001,S086,1,C81a100,Ikebana,,C81a100-S86-0001.jpg,1wwy9uShDt-6CTC7U9_V3R1p84vQwN1Av,,,,,,,,,,,,,,,,,,,,,,pendiente,,
EFDA-F-S086-0002,S086,2,C81a100,Ikebana,,C81a100-S86-0002.jpg,1fILWR-17_Cvq0vvjZ5ck_b0AFgjoK3kA,,,,,,,,,,,,,,,,,,,,,,pendiente,,
EFDA-F-S086-0003,S086,3,C81a100,Ikebana,,C81a100-S86-0003.jpg,1aelKdjVB7Z58o0iQ-86p2EtIDZPW4MvZ,,,,,,,,,,,,,,,,,,,,,,pendiente,,
EFDA-F-S086-0004,S086,4,C81a100,Ikebana,,C81a100-S86-0004.jpg,17ujmqZ-Ma0hAInWnwb_-kFptWVz_Drf6,,,,,,,,,,,,,,,,,,,,,,pendiente,,
EFDA-F-S086-0005,S086,5,C81a100,Ikebana,,C81a100-S86-0005.jpg,1slQVGG2wGqHDhdUit6vSKH2O87JadWAE,,,,,,,,,,,,,,,,,,,,,,pendiente,,
EFDA-F-S086-0006,S086,6,C81a100,Ikebana,,C81a100-S86-0006.jpg,1M5OOcQ_-dQ_rLsTp5jKbKkuxMN7Q4mPD,,,,,,,,,,,,,,,,,,,,,,pendiente,,
EFDA-F-S086-0007,S086,7,C81a100,Ikebana,,C81a100-S86-0007.jpg,1xRLaWdPKHSI3qkqdTBkw6g7yYaZBiuW3,,,,,,,,,,,,,,,,,,,,,,pendiente,,
EFDA-F-S087-0001,S087,1,C81a100,"""El Fogón de los Arrieros"" – Varios",,C81a100-S87-0001.jpg,1ppY9TcotjsjU4igKmOockUyC0l6X0o8g,,,,,,,,,,,,,,,,,,,,,,pendiente,,
EFDA-F-S087-0002,S087,2,C81a100,"""El Fogón de los Arrieros"" – Varios",,C81a100-S87-0002.jpg,16nNIKCmS3VXVCnKcoh0qyi3zSd3NpRFg,,,,,,,,,,,,,,,,,,,,,,pendiente,,
EFDA-F-S087-0003,S087,3,C81a100,"""El Fogón de los Arrieros"" – Varios",,C81a100-S87-0003.jpg,1JeKDQo1mMTS9BhHfIcNLW_y4Q3IbitPY,,,,,,,,,,,,,,,,,,,,,,pendiente,,
EFDA-F-S087-0004,S087,4,C81a100,"""El Fogón de los Arrieros"" – Varios",,C81a100-S87-0004.jpg,1_9noL1IB1k47x-ulpWgQjR7BTbfqqNCD,,,,,,,,,,,,,,,,,,,,,,pendiente,,
EFDA-F-S087-0005,S087,5,C81a100,"""El Fogón de los Arrieros"" – Varios",,C81a100-S87-0005.jpg,1CZtSpH-NFQlNKCQLyIdo0KhMjEJdJinI,,,,,,,,,,,,,,,,,,,,,,pendiente,,
EFDA-F-S087-0006,S087,6,C81a100,"""El Fogón de los Arrieros"" – Varios",,C81a100-S87-0006.jpg,1LxKvPoMDJGBm_--Mf53dL5JpKV1GoPm8,,,,,,,,,,,,,,,,,,,,,,pendiente,,
EFDA-F-S087-0007,S087,7,C81a100,"""El Fogón de los Arrieros"" – Varios",,C81a100-S87-0007.jpg,1p1CkJz_PX7B6OaTZkLUl6nmH6o81ggMw,,,,,,,,,,,,,,,,,,,,,,pendiente,,
EFDA-F-S087-0008,S087,8,C81a100,"""El Fogón de los Arrieros"" – Varios",,C81a100-S87-0008.jpg,1gpOoR-O3w8r-mJNEsDVeBxT5QKuxI09H,,,,,,,,,,,,,,,,,,,,,,pendiente,,
EFDA-F-S087-0009,S087,9,C81a100,"""El Fogón de los Arrieros"" – Varios",,C81a100-S87-0009.jpg,1PP6jfzXT2Xx8LFrZHVY4HE5LayOj6B9l,,,,,,,,,,,,,,,,,,,,,,pendiente,,
EFDA-F-S087-0010,S087,10,C81a100,"""El Fogón de los Arrieros"" – Varios",,C81a100-S87-0010.jpg,1ugg_ATHiZOo4dxzHDvQmDIzF-MmefD5N,,,,,,,,,,,,,,,,,,,,,,pendiente,,
EFDA-F-S087-0011,S087,11,C81a100,"""El Fogón de los Arrieros"" – Varios",,C81a100-S87-0011.jpg,1rAHAFdLhNrIun-JKjfWxyXB0ZfZetAQp,,,,,,,,,,,,,,,,,,,,,,pendiente,,
EFDA-F-S087-0012,S087,12,C81a100,"""El Fogón de los Arrieros"" – Varios",,C81a100-S87-0012.jpg,1ltR6dbN6Pwc6dauUcwF860sGQCCzVayS,,,,,,,,,,,,,,,,,,,,,,pendiente,,
EFDA-F-S087-0013,S087,13,C81a100,"""El Fogón de los Arrieros"" – Varios",,C81a100-S87-0013.jpg,17ZJVqCps7XVF0F0FKMsWtlU-ucQUsSaa,,,,,,,,,,,,,,,,,,,,,,pendiente,,
EFDA-F-S087-0014,S087,14,C81a100,"""El Fogón de los Arrieros"" – Varios",,C81a100-S87-0014.jpg,1dniA5uEGo4vyLwfds5XaeC8CaPr-V56x,,,,,,,,,,,,,,,,,,,,,,pendiente,,
EFDA-F-S087-0015,S087,15,C81a100,"""El Fogón de los Arrieros"" – Varios",,C81a100-S87-0015.jpg,1BY02mC8A5KJAnyKQ8MIqeajPdRkcQ-UF,,,,,,,,,,,,,,,,,,,,,,pendiente,,
EFDA-F-S087-0016,S087,16,C81a100,"""El Fogón de los Arrieros"" – Varios",,C81a100-S87-0016.jpg,1qgUjml4V7cQui_AQP3Sn3JN68K_CeDhU,,,,,,,,,,,,,,,,,,,,,,pendiente,,
EFDA-F-S087-0017,S087,17,C81a100,"""El Fogón de los Arrieros"" – Varios",,C81a100-S87-0017.jpg,1YIQO4hwsB5Id-aplTc9mlOgRy-d3gyV9,,,,,,,,,,,,,,,,,,,,,,pendiente,,
EFDA-F-S087-0018,S087,18,C81a100,"""El Fogón de los Arrieros"" – Varios",,C81a100-S87-0018.jpg,1ReU_ab0-2WijJRJn9fFO0by01BTIjefK,,,,,,,,,,,,,,,,,,,,,,pendiente,,
EFDA-F-S087-0019,S087,19,C81a100,"""El Fogón de los Arrieros"" – Varios",,C81a100-S87-0019.jpg,1xHD-3wMymtazTvo6w4R0wAeW5I_1ZM-z,,,,,,,,,,,,,,,,,,,,,,pendiente,,
EFDA-F-S087-0020,S087,20,C81a100,"""El Fogón de los Arrieros"" – Varios",,C81a100-S87-0020.jpg,1YydqCNlK2qHvFBPR-tgE8kMw-WOxZUQr,,,,,,,,,,,,,,,,,,,,,,pendiente,,
EFDA-F-S087-0021,S087,21,C81a100,"""El Fogón de los Arrieros"" – Varios",,C81a100-S87-0021.jpg,1IidXqdTM2nExN_5d29vqHTp5VGXGXEe4,,,,,,,,,,,,,,,,,,,,,,pendiente,,
EFDA-F-S087-0022,S087,22,C81a100,"""El Fogón de los Arrieros"" – Varios",,C81a100-S87-0022.jpg,1Lk5QrJF1Ab4HUkC-Wu0-xwM8hVH5LT4Y,,,,,,,,,,,,,,,,,,,,,,pendiente,,
EFDA-F-S087-0023,S087,23,C81a100,"""El Fogón de los Arrieros"" – Varios",,C81a100-S87-0023.jpg,12d_9PELEwEkYjG451eWoY76MKrvXHZ3G,,,,,,,,,,,,,,,,,,,,,,pendiente,,
EFDA-F-S087-0024,S087,24,C81a100,"""El Fogón de los Arrieros"" – Varios",,C81a100-S87-0024.jpg,1zpNqw-chgNG64lQkW5Rx3-cLL6Gt0eUJ,,,,,,,,,,,,,,,,,,,,,,pendiente,,
EFDA-F-S087-0025,S087,25,C81a100,"""El Fogón de los Arrieros"" – Varios",,C81a100-S87-0025.jpg,190tDBmm3TzaxwUddYVFvOK1KA5XLfq6u,C81a100-S87-0025r.jpg,1vPzyhl8KKiJbWhG6RGg78yhS6_36kbxv,,,,,,,,,,,,,,,,,,,,pendiente,,
EFDA-F-S087-0026,S087,26,C81a100,"""El Fogón de los Arrieros"" – Varios",,C81a100-S87-0026.jpg,1jy6gQIncDhOCoDU2N2lgfVZrk-HHUjRT,C81a100-S87-0026r.jpg,1m89dyn4lSb3lePZP67xkkP3mUQhBj0D0,,,,,,,,,,,,,,,,,,,,pendiente,,
EFDA-F-S087-0027,S087,27,C81a100,"""El Fogón de los Arrieros"" – Varios",,C81a100-S87-0027.jpg,1i_ESbdu1OD6iWXudWHj78G4JsJs8TaJP,C81a100-S87-0027r.jpg,13WWDrCv6kb8Xa58sp3j1BpxbPo2Jq_dw,,,,,,,,,,,,,,,,,,,,pendiente,,
EFDA-F-S087-0028,S087,28,C81a100,"""El Fogón de los Arrieros"" – Varios",,C81a100-S87-0028.jpg,1_u17CgRlBHK14_zsIHqpGr0jz_tj-UAO,C81a100-S87-0028r.jpg,1FVGrbjuQK1q_KkkG7cUdp69-7ABUH6xQ,,,,,,,,,,,,,,,,,,,,pendiente,,
EFDA-F-S087-0029,S087,29,C81a100,"""El Fogón de los Arrieros"" – Varios",,C81a100-S87-0029.jpg,1zjl_Ddfsr2KisqD5QTvkldOeE4G7Eb7G,C81a100-S87-0029r.jpg,1t4GGADMF4fAjdWQALsbgw9ZwDceFzjEr,,,,,,,,,,,,,,,,,,,,pendiente,,
EFDA-F-S087-0030,S087,30,C81a100,"""El Fogón de los Arrieros"" – Varios",,C81a100-S87-0030.jpg,1ZnETaA-ZhYEceODwjHeymeE2AaS-JsMF,C81a100-S87-0030r.jpg,1zCnIAuvC8Prpemjz10chQaAMuGIakZlB,,,,,,,,,,,,,,,,,,,,pendiente,,
EFDA-F-S088-0001,S088,1,C81a100,"""El Fogón de los Arrieros"" – Varios",,C81a100-S88-0001.jpg,1aLaUvbJ-ChlDMPDm5gcOEx0rTjb_9y0O,,,,,,,,,,,,,,,,,,,,,,pendiente,,
EFDA-F-S088-0002,S088,2,C81a100,"""El Fogón de los Arrieros"" – Varios",,C81a100-S88-0002.jpg,1dRnzf3Gbj2ixF94EP8wYKMNgEcIuqea9,,,,,,,,,,,,,,,,,,,,,,pendiente,,
EFDA-F-S088-0003,S088,3,C81a100,"""El Fogón de los Arrieros"" – Varios",,C81a100-S88-0003.jpg,1A1YZkgY-QwEkxl18kv_CRct2DjP276Db,,,,,,,,,,,,,,,,,,,,,,pendiente,,
EFDA-F-S088-0004,S088,4,C81a100,"""El Fogón de los Arrieros"" – Varios",,C81a100-S88-0004.jpg,10suRubQfnCjKmYnv_5gwrXnma-0BD8Pn,,,,,,,,,,,,,,,,,,,,,,pendiente,,
EFDA-F-S088-0005,S088,5,C81a100,"""El Fogón de los Arrieros"" – Varios",,C81a100-S88-0005.jpg,1i9Eukz9yLoEQCAjuI4mhBNl1l36cdUM0,,,,,,,,,,,,,,,,,,,,,,pendiente,,
EFDA-F-S088-0006,S088,6,C81a100,"""El Fogón de los Arrieros"" – Varios",,C81a100-S88-0006.jpg,1S7qyPBnzs1rawZ-02Zj77-doUiN-vDwZ,,,,,,,,,,,,,,,,,,,,,,pendiente,,
EFDA-F-S088-0007,S088,7,C81a100,"""El Fogón de los Arrieros"" – Varios",,C81a100-S88-0007.jpg,198pbAYBDUS1Kbh37M3nc-6mR_yJxEMj7,,,,,,,,,,,,,,,,,,,,,,pendiente,,
EFDA-F-S088-0008,S088,8,C81a100,"""El Fogón de los Arrieros"" – Varios",,C81a100-S88-0008.jpg,1OePvkjvXG7M44l0yXeVDuSwTmlUyTsP6,,,,,,,,,,,,,,,,,,,,,,pendiente,,
EFDA-F-S088-0009,S088,9,C81a100,"""El Fogón de los Arrieros"" – Varios",,C81a100-S88-0009.jpg,1YHlCYk1GrIeXHKSz-TdpmU5MQI5FLYiq,,,,,,,,,,,,,,,,,,,,,,pendiente,,
EFDA-F-S088-0010,S088,10,C81a100,"""El Fogón de los Arrieros"" – Varios",,C81a100-S88-0010.jpg,1sFi2NpWyw1hVsDdQVz338OGvwSErk8XA,,,,,,,,,,,,,,,,,,,,,,pendiente,,
EFDA-F-S088-0011,S088,11,C81a100,"""El Fogón de los Arrieros"" – Varios",,C81a100-S88-0011.jpg,1WTBvY7Q63YyA2h2zn5nezO9I8YxBq766,,,,,,,,,,,,,,,,,,,,,,pendiente,,
EFDA-F-S088-0012,S088,12,C81a100,"""El Fogón de los Arrieros"" – Varios",,C81a100-S88-0012.jpg,1aYS91Gz8UElUBTxAztSfDByK5cPFDKNZ,,,,,,,,,,,,,,,,,,,,,,pendiente,,
EFDA-F-S088-0013,S088,13,C81a100,"""El Fogón de los Arrieros"" – Varios",,C81a100-S88-0013.jpg,1CoI3GqAnBvBmnNCccXtUlY5-VrKenitn,,,,,,,,,,,,,,,,,,,,,,pendiente,,
EFDA-F-S088-0014,S088,14,C81a100,"""El Fogón de los Arrieros"" – Varios",,C81a100-S88-0014.jpg,1LnErXFjzRYBQXqlgK-J3YMte_8KE1mBl,,,,,,,,,,,,,,,,,,,,,,pendiente,,
EFDA-F-S088-0015,S088,15,C81a100,"""El Fogón de los Arrieros"" – Varios",,C81a100-S88-0015.jpg,1dGyYC6sSII2sdZ7B3lwMZRVQZx1RaMDV,,,,,,,,,,,,,,,,,,,,,,pendiente,,
EFDA-F-S088-0016,S088,16,C81a100,"""El Fogón de los Arrieros"" – Varios",,C81a100-S88-0016.jpg,1XlQcmSUg4vm6qdUQ73v34hKvKq6zfSn2,,,,,,,,,,,,,,,,,,,,,,pendiente,,
EFDA-F-S088-0017,S088,17,C81a100,"""El Fogón de los Arrieros"" – Varios",,C81a100-S88-0017.jpg,1ru6Oz700jgwoBzdg01eKZJ6tYMaAxPtZ,,,,,,,,,,,,,,,,,,,,,,pendiente,,
EFDA-F-S088-0018,S088,18,C81a100,"""El Fogón de los Arrieros"" – Varios",,C81a100-S88-0018.jpg,1N6K3iP29W_p2GICnMSBIJ0Icauv3QIMM,C81a100-S88-0018r.jpg,1cd_XEkGuTx1UKF78upNuMP2iCV3_Tohj,,,,,,,,,,,,,,,,,,,,pendiente,,
EFDA-F-S089-0001,S089,1,C81a100,"""El Fogón de los Arrieros"" – Varios",,C81a100-S89-0001.jpg,1PB6KTHGDhWrOoM0OHoYynIiS5vz0Hl0g,,,,,,,,,,,,,,,,,,,,,,pendiente,,
EFDA-F-S089-0002,S089,2,C81a100,"""El Fogón de los Arrieros"" – Varios",,C81a100-S89-0002.jpg,167aEFJE9nE_Ksi2aS-an1NLuaTUJbA83,,,,,,,,,,,,,,,,,,,,,,pendiente,,
EFDA-F-S089-0003,S089,3,C81a100,"""El Fogón de los Arrieros"" – Varios",,C81a100-S89-0003.jpg,13fyZxAm49J1-DZDSHeI_PeKTVwHPzguu,,,,,,,,,,,,,,,,,,,,,,pendiente,,
EFDA-F-S089-0004,S089,4,C81a100,"""El Fogón de los Arrieros"" – Varios",,C81a100-S89-0004.jpg,1fsmyEpqvCROTAdeTrgWWx_iV5CnHBZUD,,,,,,,,,,,,,,,,,,,,,,pendiente,,
EFDA-F-S089-0005,S089,5,C81a100,"""El Fogón de los Arrieros"" – Varios",,C81a100-S89-0005.jpg,14U3YDJVBXyop6klbFfGYRa06EMWfyaG-,,,,,,,,,,,,,,,,,,,,,,pendiente,,
EFDA-F-S089-0006,S089,6,C81a100,"""El Fogón de los Arrieros"" – Varios",,C81a100-S89-0006.jpg,1LSe1bgoh1oZLVe6VPuslNExxFWCBwrKf,,,,,,,,,,,,,,,,,,,,,,pendiente,,
EFDA-F-S089-0007,S089,7,C81a100,"""El Fogón de los Arrieros"" – Varios",,C81a100-S89-0007.jpg,1H7z90cEqZHIAeAeWjmIk8LxhlD7VtMiG,,,,,,,,,,,,,,,,,,,,,,pendiente,,
EFDA-F-S089-0008,S089,8,C81a100,"""El Fogón de los Arrieros"" – Varios",,C81a100-S89-0008.jpg,1a-GDQbMc7TYLxHD_M1tpgQ-U2r_vJhbk,,,,,,,,,,,,,,,,,,,,,,pendiente,,
EFDA-F-S089-0009,S089,9,C81a100,"""El Fogón de los Arrieros"" – Varios",,C81a100-S89-0009.jpg,1cDv5eUU3HAgis0MT3PMK0WftN7FVyKRr,,,,,,,,,,,,,,,,,,,,,,pendiente,,
EFDA-F-S089-0010,S089,10,C81a100,"""El Fogón de los Arrieros"" – Varios",,C81a100-S89-0010.jpg,1pQNKIx5kXp_tpXXyZ-hCyqoDg7HxsBDe,,,,,,,,,,,,,,,,,,,,,,pendiente,,
EFDA-F-S089-0011,S089,11,C81a100,"""El Fogón de los Arrieros"" – Varios",,C81a100-S89-0011.jpg,1w5pjUrN1aj_btnEnmHAdJqJQpA0lHzfQ,,,,,,,,,,,,,,,,,,,,,,pendiente,,
EFDA-F-S090-0001,S090,1,C81a100,Homenaje a Mena – Abril de 1961,,C81a100-S90-0001.jpg,1Nb4s-M54K_vF1nt1UoQF8258QaUwsL_b,,,,,,,,,,,,,,,,,,,,,,pendiente,,
EFDA-F-S090-0002,S090,2,C81a100,Homenaje a Mena – Abril de 1961,,C81a100-S90-0002.jpg,1uEIwEJuVdF-r6eBIJVVhaUtA3NR2n6-v,,,,,,,,,,,,,,,,,,,,,,pendiente,,
EFDA-F-S090-0003,S090,3,C81a100,Homenaje a Mena – Abril de 1961,,C81a100-S90-0003.jpg,1sBaOSU7V6Z5uxS8eq-ghUxj8t-3pZiHd,,,,,,,,,,,,,,,,,,,,,,pendiente,,
EFDA-F-S091-0001,S091,1,C81a100,Estatuas en las calles,,C81a100-S91-0001.jpg,1GFstVupd8WcXVcEclUBHXXQ4jDwCeiJD,,,,,,,,,,,,,,,,,,,,,,pendiente,,
EFDA-F-S091-0002,S091,2,C81a100,Estatuas en las calles,,C81a100-S91-0002.jpg,1DXaMscHReY-eANOxh6eIebf6qLD-u1fD,,,,,,,,,,,,,,,,,,,,,,pendiente,,
EFDA-F-S091-0003,S091,3,C81a100,Estatuas en las calles,,C81a100-S91-0003.jpg,1ZaIKqrEHy-JAbnRXhG8Da6XEnxixLoIG,,,,,,,,,,,,,,,,,,,,,,pendiente,,
EFDA-F-S091-0004,S091,4,C81a100,Estatuas en las calles,,C81a100-S91-0004.jpg,1Ia6EeH5dOapuaUu4Qdf-sPm_UerCDBEV,,,,,,,,,,,,,,,,,,,,,,pendiente,,
EFDA-F-S091-0005,S091,5,C81a100,Estatuas en las calles,,C81a100-S91-0005.jpg,1Zk3SyWZdozLC3uKGn6_Af10qYsiX1hHh,,,,,,,,,,,,,,,,,,,,,,pendiente,,
EFDA-F-S091-0006,S091,6,C81a100,Estatuas en las calles,,C81a100-S91-0006.jpg,11nyr8fh5tpZMZpd94SoE66AQzBpbhHqc,,,,,,,,,,,,,,,,,,,,,,pendiente,,
EFDA-F-S091-0007,S091,7,C81a100,Estatuas en las calles,,C81a100-S91-0007.jpg,1Bep8NYJu_1pHypr3qoC-JjNqxk8Th43e,,,,,,,,,,,,,,,,,,,,,,pendiente,,
EFDA-F-S091-0008,S091,8,C81a100,Estatuas en las calles,,C81a100-S91-0008.jpg,1pPd9R8xtLwdwuE14RacI_Q63ZeN___RP,,,,,,,,,,,,,,,,,,,,,,pendiente,,
EFDA-F-S091-0009,S091,9,C81a100,Estatuas en las calles,,C81a100-S91-0009.jpg,11LU3s6Nngaw7ZJcZrbZYli0Ag7gujMz6,,,,,,,,,,,,,,,,,,,,,,pendiente,,
EFDA-F-S091-0010,S091,10,C81a100,Estatuas en las calles,,C81a100-S91-0010.jpg,1MAFm72RDfm3sd56rM6tlC7yjxDP4YcJY,,,,,,,,,,,,,,,,,,,,,,pendiente,,
EFDA-F-S091-0011,S091,11,C81a100,Estatuas en las calles,,C81a100-S91-0011.jpg,1rAZ21LjDmhrthjnWqExodidTJ6XpLINH,,,,,,,,,,,,,,,,,,,,,,pendiente,,
EFDA-F-S091-0012,S091,12,C81a100,Estatuas en las calles,,C81a100-S91-0012.jpg,1oEBtHzy34F1rEd66Bqyoys20M04Z2lQB,,,,,,,,,,,,,,,,,,,,,,pendiente,,
EFDA-F-S091-0013,S091,13,C81a100,Estatuas en las calles,,C81a100-S91-0013.jpg,1TAEtUg3mKUWkiAqbQKJF1Go-rM12kyLj,,,,,,,,,,,,,,,,,,,,,,pendiente,,
EFDA-F-S091-0014,S091,14,C81a100,Estatuas en las calles,,C81a100-S91-0014.jpg,1WZ7aKXP0mvb4kU5X9fo74bczcjSri2vC,,,,,,,,,,,,,,,,,,,,,,pendiente,,
EFDA-F-S091-0015,S091,15,C81a100,Estatuas en las calles,,C81a100-S91-0015.jpg,1hXwLK55-4J5odRO17Och3xnUpRvUOwAy,,,,,,,,,,,,,,,,,,,,,,pendiente,,
EFDA-F-S091-0016,S091,16,C81a100,Estatuas en las calles,,C81a100-S91-0016.jpg,1z-fr3yLDMhhhuUlrc7jb79ucnvjwQqIR,,,,,,,,,,,,,,,,,,,,,,pendiente,,
EFDA-F-S091-0017,S091,17,C81a100,Estatuas en las calles,,C81a100-S91-0017.jpg,1oTJLDF-HlByXdRuKARO0SO6OkERXWJ28,,,,,,,,,,,,,,,,,,,,,,pendiente,,
EFDA-F-S091-0018,S091,18,C81a100,Estatuas en las calles,,C81a100-S91-0018.jpg,1Bx-HpCy9xU3zuDYQHN-UfHtbdb9sXy8U,,,,,,,,,,,,,,,,,,,,,,pendiente,,
EFDA-F-S091-0019,S091,19,C81a100,Estatuas en las calles,,C81a100-S91-0019.jpg,1GJ3HLyFGJ6Lqiv46soVdPkZcQ4F7cfOc,,,,,,,,,,,,,,,,,,,,,,pendiente,,
EFDA-F-S091-0020,S091,20,C81a100,Estatuas en las calles,,C81a100-S91-0020.jpg,1PCTj6xXvy5Fhux-qY6pdJAbs6hKGvl-l,,,,,,,,,,,,,,,,,,,,,,pendiente,,
EFDA-F-S091-0021,S091,21,C81a100,Estatuas en las calles,,C81a100-S91-0021.jpg,1rneF4kP599wRHoxkoJj1BIRVuRhqBg6U,,,,,,,,,,,,,,,,,,,,,,pendiente,,
EFDA-F-S091-0022,S091,22,C81a100,Estatuas en las calles,,C81a100-S91-0022.jpg,1pEDfZ9qMKPby0a9FPnNQBNRc5ykVxNne,,,,,,,,,,,,,,,,,,,,,,pendiente,,
EFDA-F-S091-0023,S091,23,C81a100,Estatuas en las calles,,C81a100-S91-0023.jpg,1XHDqbRCdLy7Rn1DZDQ0r20H-CfaWS6J7,,,,,,,,,,,,,,,,,,,,,,pendiente,,
EFDA-F-S091-0024,S091,24,C81a100,Estatuas en las calles,,C81a100-S91-0024.jpg,1LTIWX9qzyFa4Q5zIaJEObU_Dyk7QPcD8,,,,,,,,,,,,,,,,,,,,,,pendiente,,
EFDA-F-S091-0025,S091,25,C81a100,Estatuas en las calles,,C81a100-S91-0025.jpg,1VtgJxzAD9SgygeO0GLqfiU1C7IDbKFUu,,,,,,,,,,,,,,,,,,,,,,pendiente,,
EFDA-F-S091-0026,S091,26,C81a100,Estatuas en las calles,,C81a100-S91-0026.jpg,1l5aUydOR1Rrmx-bt_iED8JWlxWC2rM-Y,,,,,,,,,,,,,,,,,,,,,,pendiente,,
EFDA-F-S091-0027,S091,27,C81a100,Estatuas en las calles,,C81a100-S91-0027.jpg,18uYpl30enTP2ZcaQmxvvZRsBhYm9_RQ5,,,,,,,,,,,,,,,,,,,,,,pendiente,,
EFDA-F-S091-0028,S091,28,C81a100,Estatuas en las calles,,C81a100-S91-0028.jpg,1z84-2aLIcEq4H9Rhqpc7aIoa2VAjfPXa,,,,,,,,,,,,,,,,,,,,,,pendiente,,
EFDA-F-S091-0029,S091,29,C81a100,Estatuas en las calles,,C81a100-S91-0029.jpg,1vRdQQIeC6a6VjUpV135W07XlD0H2bkNW,,,,,,,,,,,,,,,,,,,,,,pendiente,,
EFDA-F-S091-0030,S091,30,C81a100,Estatuas en las calles,,C81a100-S91-0030.jpg,1NpaitIpI7vlR1Q8pOSg9Q3_OGejcRajn,,,,,,,,,,,,,,,,,,,,,,pendiente,,
EFDA-F-S091-0031,S091,31,C81a100,Estatuas en las calles,,C81a100-S91-0031.jpg,1nXRYpss-XztnNdD-EGHOlVWASRHV-501,,,,,,,,,,,,,,,,,,,,,,pendiente,,
EFDA-F-S092-0001,S092,1,C81a100,Santiago Gómez Cou,,C81a100-S92-0001.jpg,1nBGrZ9iGzFNBFOfkih73WuUfJBnWglE3,,,,,,,,,,,,,,,,,,,,,,pendiente,,
EFDA-F-S092-0002,S092,2,C81a100,Santiago Gómez Cou,,C81a100-S92-0002.jpg,1YX9B7QD-owW0WZoEQITN-0FijMCsqt76,,,,,,,,,,,,,,,,,,,,,,pendiente,,
EFDA-F-S092-0003,S092,3,C81a100,Santiago Gómez Cou,,C81a100-S92-0003.jpg,1IRMr_fbPgkGEXYzVuxJ_E2rKH1oHVRlF,,,,,,,,,,,,,,,,,,,,,,pendiente,,
EFDA-F-S092-0004,S092,4,C81a100,Santiago Gómez Cou,,C81a100-S92-0004.jpg,1tdJYaNQynHB7q4o2JjTr44zr_KHz72OE,,,,,,,,,,,,,,,,,,,,,,pendiente,,
EFDA-F-S093-0001,S093,1,C81a100,Mesa redonda sobre A. Eichmann,,C81a100-S93-0001.jpg,1ZLNMjHLWHCkcqDnrQlv0yVHWGLFXsY4a,,,,,,,,,,,,,,,,,,,,,,pendiente,,
EFDA-F-S093-0002,S093,2,C81a100,Mesa redonda sobre A. Eichmann,,C81a100-S93-0002.jpg,1eTDSYUTGvYW7tYzMsEvDuTB2SZRq5hqH,,,,,,,,,,,,,,,,,,,,,,pendiente,,
EFDA-F-S093-0003,S093,3,C81a100,Mesa redonda sobre A. Eichmann,,C81a100-S93-0003.jpg,10kpMBTq0c2SxfsQL0ii7Tx-VISE8qVop,,,,,,,,,,,,,,,,,,,,,,pendiente,,
EFDA-F-S093-0004,S093,4,C81a100,Mesa redonda sobre A. Eichmann,,C81a100-S93-0004.jpg,1ieiLsQfIrhFtVOshashHAbmaq770WvIr,,,,,,,,,,,,,,,,,,,,,,pendiente,,
EFDA-F-S093-0005,S093,5,C81a100,Mesa redonda sobre A. Eichmann,,C81a100-S93-0005.jpg,1XbWKudpZxJXhxN2a8O0X8OOTu0pvQZZZ,,,,,,,,,,,,,,,,,,,,,,pendiente,,
EFDA-F-S093-0006,S093,6,C81a100,Mesa redonda sobre A. Eichmann,,C81a100-S93-0006.jpg,1zQk-cIlrXUoL7qur10DYqKFf55AU-E2Y,,,,,,,,,,,,,,,,,,,,,,pendiente,,
EFDA-F-S093-0007,S093,7,C81a100,Mesa redonda sobre A. Eichmann,,C81a100-S93-0007.jpg,1XTTn_RymOY2i-f-W-8UhpqRpk-3QiuwQ,,,,,,,,,,,,,,,,,,,,,,pendiente,,
EFDA-F-S093-0008,S093,8,C81a100,Mesa redonda sobre A. Eichmann,,C81a100-S93-0008.jpg,1BKyXvOCw8AkdOXqYm31Nucw3h9zL-yAZ,,,,,,,,,,,,,,,,,,,,,,pendiente,,
EFDA-F-S093-0009,S093,9,C81a100,Mesa redonda sobre A. Eichmann,,C81a100-S93-0009.jpg,1wQfY72F1DiqZN3SQGPpwcrIlKEfXGlve,,,,,,,,,,,,,,,,,,,,,,pendiente,,
EFDA-F-S093-0010,S093,10,C81a100,Mesa redonda sobre A. Eichmann,,C81a100-S93-0010.jpg,1iPPdHMQMXpDJ2xUHjeTEajjYKLS856uG,C81a100-S93-0010r.jpg,1oUEkzgBbvT57YNk6qrpdGJ3S_KA2YH8U,,,,,,,,,,,,,,,,,,,,pendiente,,
EFDA-F-S094-0001,S094,1,C81a100,Teatro leído – Obra de Rattigan,,C81a100-S94-0001.jpg,1mBABEE_FlJYtgKN5B-NWkRuyD29w90Aq,,,,,,,,,,,,,,,,,,,,,,pendiente,,
EFDA-F-S094-0002,S094,2,C81a100,Teatro leído – Obra de Rattigan,,C81a100-S94-0002.jpg,1y_tNTtXmMdZL-gj_JWZcxg8J5OhAl-nI,,,,,,,,,,,,,,,,,,,,,,pendiente,,
EFDA-F-S094-0003,S094,3,C81a100,Teatro leído – Obra de Rattigan,,C81a100-S94-0003.jpg,10NRnOP1dYDu5OS1Nf9SHclVdiCjABYlg,,,,,,,,,,,,,,,,,,,,,,pendiente,,
EFDA-F-S094-0004,S094,4,C81a100,Teatro leído – Obra de Rattigan,,C81a100-S94-0004.jpg,1lDgnS11Wd29l-s_7LxZ8esqdB1MVlVYz,,,,,,,,,,,,,,,,,,,,,,pendiente,,
EFDA-F-S095-0001,S095,1,C81a100,Nelly Vaccarezza de Vaccarezza,si,C81a100-S95-0001.jpg,1lpvBSw1CkhAK4Jo3VvNRH3l_5qJ0iOW5,,,,,,,,,,,,,,,,,,,,,,pendiente,,
EFDA-F-S095-0002,S095,2,C81a100,Nelly Vaccarezza de Vaccarezza,si,C81a100-S95-0002.jpg,1wsgmy2HPu69A1gw4SAsJknzE22jMr3K8,,,,,,,,,,,,,,,,,,,,,,pendiente,,
EFDA-F-S095-0003,S095,3,C81a100,Nelly Vaccarezza de Vaccarezza,si,C81a100-S95-0003.jpg,1GxPScAf1wHBcdAi1cFYLtHlNJxNX40QO,,,,,,,,,,,,,,,,,,,,,,pendiente,,
EFDA-F-S095-0004,S095,4,C81a100,Nelly Vaccarezza de Vaccarezza,si,C81a100-S95-0004.jpg,11x-ENvUZ0yEr5VuvXGJrXwRHsytioDKc,C81a100-S95-0004r.jpg,1zK2xbVh85uIwhvlr-g1FJXNsPGLFI_ZF,,,,,,,,,,,,,,,,,,,,pendiente,,
EFDA-F-S095-0005,S095,5,C81a100,Nelly Vaccarezza de Vaccarezza,si,C81a100-S95-0005.jpg,1SUTFr9YpxWkix3VGIxsjHAqRy19285ar,C81a100-S95-0005r.jpg,1syeVk8ZTbiw_6bll5DOXeGEbtklFL6-I,,,,,,,,,,,,,,,,,,,,pendiente,,
EFDA-F-S096-0001,S096,1,C81a100,Teatro: Obra de Chéjov,,C81a100-S96-0001.jpg,1ibcb0NbWNyA4ziYM9tWF468Krql0zpbW,,,,,,,,,,,,,,,,,,,,,,pendiente,,
EFDA-F-S096-0002,S096,2,C81a100,Teatro: Obra de Chéjov,,C81a100-S96-0002.jpg,1tqnzeamEH6v_rGGlgPsV3DMXoX47oSyo,C81a100-S96-0002r.jpg,1avZLIgJ4OpdYKmer9BdqHYMRGx34i1Ka,,,,,,,,,,,,,,,,,,,,pendiente,,
EFDA-F-S096-0003,S096,3,C81a100,Teatro: Obra de Chéjov,,C81a100-S96-0003.jpg,1JzKtKK1qC6o0Ovl8r1r0mxR-FlEN_lpj,C81a100-S96-0003r.jpg,1XiLooOgcgP0RNGuLGdAWN1h_7A6m4Zck,,,,,,,,,,,,,,,,,,,,pendiente,,
EFDA-F-S096-0004,S096,4,C81a100,Teatro: Obra de Chéjov,,C81a100-S96-0004.jpg,13OrwAzm87QIBswCOzUm6Y9yip5FvT1h6,C81a100-S96-0004r.jpg,1FxGs1VnlrY1Vb27wnSzHUZjBQilxXHsO,,,,,,,,,,,,,,,,,,,,pendiente,,
EFDA-F-S096-0005,S096,5,C81a100,Teatro: Obra de Chéjov,,C81a100-S96-0005.jpg,159Y1ml8Q3eP6rg4DTkiYJIirILdf8tvH,C81a100-S96-0005r.jpg,1mTNn_ibv0Iz_CJjLfVZA6ZlZNqJyA-WV,,,,,,,,,,,,,,,,,,,,pendiente,,
EFDA-F-S096-0006,S096,6,C81a100,Teatro: Obra de Chéjov,,C81a100-S96-0006.jpg,1sY04XgitsgsWbeT6-w4dPtT9UkY6UO4_,C81a100-S96-0006r.jpg,1LiWYjH7oDr-kzTxxFE2LuR7pUHxVJr9g,,,,,,,,,,,,,,,,,,,,pendiente,,
EFDA-F-S096-0007,S096,7,C81a100,Teatro: Obra de Chéjov,,C81a100-S96-0007.jpg,1F5XpPIDzX0xNL3kH9LKnjAfiiyJ5UgP7,C81a100-S96-0007r.jpg,1v6Ovuc1vNOKSVsDNTRTHsUULALlaVBcR,,,,,,,,,,,,,,,,,,,,pendiente,,
EFDA-F-S097-0001,S097,1,C81a100,"Premier del ""Fogón"" – 3 de junio de 1961",,C81a100-S97-0001.jpg,1i0KVYS6kz6kKh_IGEoQPOAbz88sW-wo0,,,,,,,,,,,,,,,,,,,,,,pendiente,,
EFDA-F-S097-0002,S097,2,C81a100,"Premier del ""Fogón"" – 3 de junio de 1961",,C81a100-S97-0002.jpg,1gZ4SSjLr_E0sjXcqxwFbciD5XiEi0Avr,,,,,,,,,,,,,,,,,,,,,,pendiente,,
EFDA-F-S097-0003,S097,3,C81a100,"Premier del ""Fogón"" – 3 de junio de 1961",,C81a100-S97-0003.jpg,1FCUyC2SsL5DeAEkkeMLSb7fi0HvLo8Q5,,,,,,,,,,,,,,,,,,,,,,pendiente,,
EFDA-F-S097-0004,S097,4,C81a100,"Premier del ""Fogón"" – 3 de junio de 1961",,C81a100-S97-0004.jpg,1SDDeYunRMLZ67JY-qjclk762tXplSdZj,,,,,,,,,,,,,,,,,,,,,,pendiente,,
EFDA-F-S097-0005,S097,5,C81a100,"Premier del ""Fogón"" – 3 de junio de 1961",,C81a100-S97-0005.jpg,1_eRvp2H96ae5AFSsTGDH6EiG0wlkN_X0,,,,,,,,,,,,,,,,,,,,,,pendiente,,
EFDA-F-S097-0006,S097,6,C81a100,"Premier del ""Fogón"" – 3 de junio de 1961",,C81a100-S97-0006.jpg,1ybLHdXoNNxzzHVlFc5nIeXMVRD2Hl_oO,,,,,,,,,,,,,,,,,,,,,,pendiente,,
EFDA-F-S097-0007,S097,7,C81a100,"Premier del ""Fogón"" – 3 de junio de 1961",,C81a100-S97-0007.jpg,1bHDlfcaecs2cwn4IBST9tLMI4PxzGb2V,,,,,,,,,,,,,,,,,,,,,,pendiente,,
EFDA-F-S097-0008,S097,8,C81a100,"Premier del ""Fogón"" – 3 de junio de 1961",,C81a100-S97-0008.jpg,19JajX5xc-MvsKu5sVh8wFsvDFMeQJZIY,,,,,,,,,,,,,,,,,,,,,,pendiente,,
EFDA-F-S097-0009,S097,9,C81a100,"Premier del ""Fogón"" – 3 de junio de 1961",,C81a100-S97-0009.jpg,1Vx0jefZF56CLtbFbgHcJeDWWmPqXf41x,,,,,,,,,,,,,,,,,,,,,,pendiente,,
EFDA-F-S097-0010,S097,10,C81a100,"Premier del ""Fogón"" – 3 de junio de 1961",,C81a100-S97-0010.jpg,1yOHla2q1q0QHwWl-1U8rtI5jUcp7s86z,,,,,,,,,,,,,,,,,,,,,,pendiente,,
EFDA-F-S097-0011,S097,11,C81a100,"Premier del ""Fogón"" – 3 de junio de 1961",,C81a100-S97-0011.jpg,1Z3MB2eRCVKDm1hyZfbwAkPYy_BzPYrn5,,,,,,,,,,,,,,,,,,,,,,pendiente,,
EFDA-F-S097-0012,S097,12,C81a100,"Premier del ""Fogón"" – 3 de junio de 1961",,C81a100-S97-0012.jpg,18EwmKzCk947T6S4AhJ7yz1O-9NQCZVF5,,,,,,,,,,,,,,,,,,,,,,pendiente,,
EFDA-F-S097-0013,S097,13,C81a100,"Premier del ""Fogón"" – 3 de junio de 1961",,C81a100-S97-0013.jpg,1avlmd647yHA-DOybgi4-7BTrs2Jasxxc,,,,,,,,,,,,,,,,,,,,,,pendiente,,
EFDA-F-S097-0014,S097,14,C81a100,"Premier del ""Fogón"" – 3 de junio de 1961",,C81a100-S97-0014.jpg,18uy2kh7zTIBWBlU21EBhEGHYAwNR-4Ha,,,,,,,,,,,,,,,,,,,,,,pendiente,,
EFDA-F-S097-0015,S097,15,C81a100,"Premier del ""Fogón"" – 3 de junio de 1961",,C81a100-S97-0015.jpg,1p3VQJTEq8G5H613gW8pS_lOA3lRoCCK0,,,,,,,,,,,,,,,,,,,,,,pendiente,,
EFDA-F-S097-0016,S097,16,C81a100,"Premier del ""Fogón"" – 3 de junio de 1961",,C81a100-S97-0016.jpg,13oue35Pq2kZak-X-olGqIbPCBWVM1tB3,,,,,,,,,,,,,,,,,,,,,,pendiente,,
EFDA-F-S097-0017,S097,17,C81a100,"Premier del ""Fogón"" – 3 de junio de 1961",,C81a100-S97-0017.jpg,1MGNwFu1R3pqUpEQVuOz--2JEy4F9Lw5h,,,,,,,,,,,,,,,,,,,,,,pendiente,,
EFDA-F-S097-0018,S097,18,C81a100,"Premier del ""Fogón"" – 3 de junio de 1961",,C81a100-S97-0018.jpg,1t3e-lKzpsCZ3VO2qiz4_MGvjYK2MDsgr,,,,,,,,,,,,,,,,,,,,,,pendiente,,
EFDA-F-S097-0019,S097,19,C81a100,"Premier del ""Fogón"" – 3 de junio de 1961",,C81a100-S97-0019.jpg,1lMO060DCiqra_PbEvMlUif4Y5tYYs0eE,,,,,,,,,,,,,,,,,,,,,,pendiente,,
EFDA-F-S097-0020,S097,20,C81a100,"Premier del ""Fogón"" – 3 de junio de 1961",,C81a100-S97-0020.jpg,1D6tH2mxISEeTBEXLdj0-JlvBS2OIbtnM,,,,,,,,,,,,,,,,,,,,,,pendiente,,
EFDA-F-S097-0021,S097,21,C81a100,"Premier del ""Fogón"" – 3 de junio de 1961",,C81a100-S97-0021.jpg,1MFedYr0zNjW_lvm9ImMe6yfqLFN2GWu4,,,,,,,,,,,,,,,,,,,,,,pendiente,,
EFDA-F-S097-0022,S097,22,C81a100,"Premier del ""Fogón"" – 3 de junio de 1961",,C81a100-S97-0022.jpg,1SrhDXiSmt62gmGrjSbbf2GII9SmqodeX,,,,,,,,,,,,,,,,,,,,,,pendiente,,
EFDA-F-S097-0023,S097,23,C81a100,"Premier del ""Fogón"" – 3 de junio de 1961",,C81a100-S97-0023.jpg,1YxO2gVvMB_dGeVvgwOtorxeTb2XAwTgr,,,,,,,,,,,,,,,,,,,,,,pendiente,,
EFDA-F-S097-0024,S097,24,C81a100,"Premier del ""Fogón"" – 3 de junio de 1961",,C81a100-S97-0024.jpg,14bWXMSWOlSFTqMdWDnyr5fCD3-7njH0m,,,,,,,,,,,,,,,,,,,,,,pendiente,,
EFDA-F-S097-0025,S097,25,C81a100,"Premier del ""Fogón"" – 3 de junio de 1961",,C81a100-S97-0025.jpg,1XuhLyPcB575BIwXW79EMcW44HeBhzBhi,,,,,,,,,,,,,,,,,,,,,,pendiente,,
EFDA-F-S097-0026,S097,26,C81a100,"Premier del ""Fogón"" – 3 de junio de 1961",,C81a100-S97-0026.jpg,1NVxacbkwm54rwJbc2xsOlQBvdOlVHi9A,,,,,,,,,,,,,,,,,,,,,,pendiente,,
EFDA-F-S097-0027,S097,27,C81a100,"Premier del ""Fogón"" – 3 de junio de 1961",,C81a100-S97-0027.jpg,1a3eIQmVrVoEFx8MErmUqbyWmTEnlgWNF,,,,,,,,,,,,,,,,,,,,,,pendiente,,
EFDA-F-S097-0028,S097,28,C81a100,"Premier del ""Fogón"" – 3 de junio de 1961",,C81a100-S97-0028.jpg,1gefKV2R7Gh5albqDUXvL83a-lr5IWukN,,,,,,,,,,,,,,,,,,,,,,pendiente,,
EFDA-F-S097-0029,S097,29,C81a100,"Premier del ""Fogón"" – 3 de junio de 1961",,C81a100-S97-0029.jpg,1WTQZaBRg8xn0yNK321tY8Jwn8_nK_kj2,,,,,,,,,,,,,,,,,,,,,,pendiente,,
EFDA-F-S097-0030,S097,30,C81a100,"Premier del ""Fogón"" – 3 de junio de 1961",,C81a100-S97-0030.jpg,1IDmfP4Hq7YSy0IZRDTtpaha7fKCKagzS,,,,,,,,,,,,,,,,,,,,,,pendiente,,
EFDA-F-S097-0031,S097,31,C81a100,"Premier del ""Fogón"" – 3 de junio de 1961",,C81a100-S97-0031.jpg,1zITiY1pfyn8gfXnFPcq2W_AkadIQ0e77,,,,,,,,,,,,,,,,,,,,,,pendiente,,
EFDA-F-S098-0001,S098,1,C81a100,Ernesto Sábato,,C81a100-S98-0001.jpg,1uCdqiQ0iVUPRIBiSlMOtIgasyvbGJPhn,,,,,,,,,,,,,,,,,,,,,,pendiente,,
EFDA-F-S098-0002,S098,2,C81a100,Ernesto Sábato,,C81a100-S98-0002.jpg,1e7pa2hcXpEqA_RUMX8vtns2SYe1ZevXX,,,,,,,,,,,,,,,,,,,,,,pendiente,,
EFDA-F-S099-0001,S099,1,C81a100,"Teatro: ""Un sabor a miel""",,C81a100-S99-0001.jpg,1t9s8QJ9bLZpxTDDgLD6cQsbRPuQRvtzj,,,,,,,,,,,,,,,,,,,,,,pendiente,,
EFDA-F-S099-0002,S099,2,C81a100,"Teatro: ""Un sabor a miel""",,C81a100-S99-0002.jpg,15PhVKeWQtPGRcq9nEhrgHzRnFqY6T1gY,,,,,,,,,,,,,,,,,,,,,,pendiente,,
EFDA-F-S099-0003,S099,3,C81a100,"Teatro: ""Un sabor a miel""",,C81a100-S99-0003.jpg,1LKXcNtR_PpLWGVP6T-PFGIe_ZYkUUSIK,,,,,,,,,,,,,,,,,,,,,,pendiente,,
EFDA-F-S099-0004,S099,4,C81a100,"Teatro: ""Un sabor a miel""",,C81a100-S99-0004.jpg,1mlt2UYHY9P20s7_P8mzGzVv-kDs4nP5l,,,,,,,,,,,,,,,,,,,,,,pendiente,,
EFDA-F-S099-0005,S099,5,C81a100,"Teatro: ""Un sabor a miel""",,C81a100-S99-0005.jpg,1_UgXHj3GPXaOKsEIV4hYWzANYadEkDP6,,,,,,,,,,,,,,,,,,,,,,pendiente,,
EFDA-F-S099-0006,S099,6,C81a100,"Teatro: ""Un sabor a miel""",,C81a100-S99-0006.jpg,1eQIvVJx2IJeJ6JA0GfxWTmsk0MydxPMf,,,,,,,,,,,,,,,,,,,,,,pendiente,,
EFDA-F-S099-0007,S099,7,C81a100,"Teatro: ""Un sabor a miel""",,C81a100-S99-0007.jpg,1_3-z8XZaEEdAT77zg5BY8w1ysNTm5Pk9,,,,,,,,,,,,,,,,,,,,,,pendiente,,
EFDA-F-S099-0008,S099,8,C81a100,"Teatro: ""Un sabor a miel""",,C81a100-S99-0008.jpg,167LX97mYAORZ5iT0V1F4ZJ_2u3kvdFzc,,,,,,,,,,,,,,,,,,,,,,pendiente,,
EFDA-F-S099-0009,S099,9,C81a100,"Teatro: ""Un sabor a miel""",,C81a100-S99-0009.jpg,1iBNyI3lWT8F9-rvA8Ttqnoy68q5RvzBx,,,,,,,,,,,,,,,,,,,,,,pendiente,,
EFDA-F-S099-0010,S099,10,C81a100,"Teatro: ""Un sabor a miel""",,C81a100-S99-0010.jpg,1UR3Lg6hKDTZGaERm7tOJjBIwBk7kaXrr,,,,,,,,,,,,,,,,,,,,,,pendiente,,
EFDA-F-S099-0011,S099,11,C81a100,"Teatro: ""Un sabor a miel""",,C81a100-S99-0011.jpg,1RmLWyYdUhqj-_0ixLyzRf48tjSsqUImT,,,,,,,,,,,,,,,,,,,,,,pendiente,,
EFDA-F-S099-0012,S099,12,C81a100,"Teatro: ""Un sabor a miel""",,C81a100-S99-0012.jpg,1IzW73RvMj_9THsW8RFjHUEknAbsfVzA4,,,,,,,,,,,,,,,,,,,,,,pendiente,,
EFDA-F-S099-0013,S099,13,C81a100,"Teatro: ""Un sabor a miel""",,C81a100-S99-0013.jpg,1BCz2Yp4p3-VBJnZOjVUYsTCYNDWF8NJe,,,,,,,,,,,,,,,,,,,,,,pendiente,,
EFDA-F-S099-0014,S099,14,C81a100,"Teatro: ""Un sabor a miel""",,C81a100-S99-0014.jpg,1nR2XCWfThhSYp_mxDCSHLN2xlYRynP28,,,,,,,,,,,,,,,,,,,,,,pendiente,,
EFDA-F-S099-0015,S099,15,C81a100,"Teatro: ""Un sabor a miel""",,C81a100-S99-0015.jpg,1OYbDVBl7nK8kRA23HbMgk41pPW2tYDEg,,,,,,,,,,,,,,,,,,,,,,pendiente,,
EFDA-F-S100-0001,S100,1,C81a100,Despedida de soltero: Tila Morgs – Jaulín,si,C81a100-S100-0001.jpg,1RGeJW0ocQCQCEGIZotFoKOCpb79AVtWT,,,,,,,,,,,,,,,,,,,,,,pendiente,,
EFDA-F-S100-0002,S100,2,C81a100,Despedida de soltero: Tila Morgs – Jaulín,si,C81a100-S100-0002.jpg,18o6EPHvSfnQq84kUOJZIyQWr9df1Ntb4,,,,,,,,,,,,,,,,,,,,,,pendiente,,
EFDA-F-S100-0003,S100,3,C81a100,Despedida de soltero: Tila Morgs – Jaulín,si,C81a100-S100-0003.jpg,1R2OtWLTudBuPMSbCxoVu2k8lvH1dv60l,,,,,,,,,,,,,,,,,,,,,,pendiente,,
EFDA-F-S100-0004,S100,4,C81a100,Despedida de soltero: Tila Morgs – Jaulín,si,C81a100-S100-0004.jpg,1dbJOwuZW3OjVrWaY3ZA8xbhBIdX3dG1q,,,,,,,,,,,,,,,,,,,,,,pendiente,,
EFDA-F-S100-0005,S100,5,C81a100,Despedida de soltero: Tila Morgs – Jaulín,si,C81a100-S100-0005.jpg,1K6B3O51msUpSXoqKi7lIAMWa6lYBaaDO,,,,,,,,,,,,,,,,,,,,,,pendiente,,
EFDA-F-S100-0006,S100,6,C81a100,Despedida de soltero: Tila Morgs – Jaulín,si,C81a100-S100-0006.jpg,1orezCofKCcHR2hT55DAL4WNJo3up-Zce,,,,,,,,,,,,,,,,,,,,,,pendiente,,
EFDA-F-S100-0007,S100,7,C81a100,Despedida de soltero: Tila Morgs – Jaulín,si,C81a100-S100-0007.jpg,156brjK3VWVjYV-R5DfkX_B0P8b1g8ISW,,,,,,,,,,,,,,,,,,,,,,pendiente,,
EFDA-F-S100-0008,S100,8,C81a100,Despedida de soltero: Tila Morgs – Jaulín,si,C81a100-S100-0008.jpg,1XYwQCK7YE1uBaXhAsQnsKGlkOZcPHELW,,,,,,,,,,,,,,,,,,,,,,pendiente,,
EFDA-F-S100-0009,S100,9,C81a100,Despedida de soltero: Tila Morgs – Jaulín,si,C81a100-S100-0009.jpg,1HhUP0jnpRsAzQIKz3wYhsfNWI8tr8U6R,,,,,,,,,,,,,,,,,,,,,,pendiente,,
EFDA-F-S100-0010,S100,10,C81a100,Despedida de soltero: Tila Morgs – Jaulín,si,C81a100-S100-0010.jpg,1OArcB4nOkJxEn99nsm_cSXX9Gz7-0qtB,,,,,,,,,,,,,,,,,,,,,,pendiente,,
EFDA-F-S100-0011,S100,11,C81a100,Despedida de soltero: Tila Morgs – Jaulín,si,C81a100-S100-0011.jpg,1EQ9aYjzIE3n6c90wxPM-bLKld59DmEhy,,,,,,,,,,,,,,,,,,,,,,pendiente,,
EFDA-F-S100-0012,S100,12,C81a100,Despedida de soltero: Tila Morgs – Jaulín,si,C81a100-S100-0012.jpg,1V2zhpAF_eTRpZkbPUeLzWbJQPZ1jrfIM,,,,,,,,,,,,,,,,,,,,,,pendiente,,
EFDA-F-S100-0013,S100,13,C81a100,Despedida de soltero: Tila Morgs – Jaulín,si,C81a100-S100-0013.jpg,1EazyuzIax0uv9yk4RkcfOCiwsy9olQ1E,,,,,,,,,,,,,,,,,,,,,,pendiente,,
EFDA-F-S100-0014,S100,14,C81a100,Despedida de soltero: Tila Morgs – Jaulín,si,C81a100-S100-0014.jpg,1xQtbyJrToyu6X6P_UZ8ieSxCqkeip_RU,,,,,,,,,,,,,,,,,,,,,,pendiente,,
EFDA-F-S100-0015,S100,15,C81a100,Despedida de soltero: Tila Morgs – Jaulín,si,C81a100-S100-0015.jpg,1qlCFf-af5ZJSuMU5cf6MGnCbEJv2l5N2,,,,,,,,,,,,,,,,,,,,,,pendiente,,
EFDA-F-S100-0016,S100,16,C81a100,Despedida de soltero: Tila Morgs – Jaulín,si,C81a100-S100-0016.jpg,1tY8o12Qig7VbEia6GtmuN7-3kdhorI_N,,,,,,,,,,,,,,,,,,,,,,pendiente,,
EFDA-F-S100-0017,S100,17,C81a100,Despedida de soltero: Tila Morgs – Jaulín,si,C81a100-S100-0017.jpg,1eaebYHJ8c4jW76a5uOwN4xH5pg3gjHCm,,,,,,,,,,,,,,,,,,,,,,pendiente,,
EFDA-F-S100-0018,S100,18,C81a100,Despedida de soltero: Tila Morgs – Jaulín,si,C81a100-S100-0018.jpg,1rSo-Sf6AgeRCOsCNGI3HbZOiBfmIyyrA,,,,,,,,,,,,,,,,,,,,,,pendiente,,
EFDA-F-S100-0019,S100,19,C81a100,Despedida de soltero: Tila Morgs – Jaulín,si,C81a100-S100-0019.jpg,16qtt6IuO_1ZznvaPrlveNOsmZauxERyq,,,,,,,,,,,,,,,,,,,,,,pendiente,,
EFDA-F-S100-0020,S100,20,C81a100,Despedida de soltero: Tila Morgs – Jaulín,si,C81a100-S100-0020.jpg,1Eva43mgcYpgATGJ3dSOkMgc7wT5j2Ug7,,,,,,,,,,,,,,,,,,,,,,pendiente,,
EFDA-F-S100-0021,S100,21,C81a100,Despedida de soltero: Tila Morgs – Jaulín,si,C81a100-S100-0021.jpg,1k16Mt32Ia3xfHU5iXrGjS29vkn8MLMqw,,,,,,,,,,,,,,,,,,,,,,pendiente,,
EFDA-F-S100-0022,S100,22,C81a100,Despedida de soltero: Tila Morgs – Jaulín,si,C81a100-S100-0022.jpg,1cJX9Oov_4oLGttVPG8vMPQel813cpz7L,,,,,,,,,,,,,,,,,,,,,,pendiente,,
EFDA-F-S100-0023,S100,23,C81a100,Despedida de soltero: Tila Morgs – Jaulín,si,C81a100-S100-0023.jpg,1JVc4ARp71Ws9Nc3iKuqHgU1HFBUXDAmp,,,,,,,,,,,,,,,,,,,,,,pendiente,,
EFDA-F-S102-0001,S102,1,C101a119,Despedida matrimonio Bustos y S. de Bustamante,si,C101a119-S102-0001.jpg,1F-TtEE_QychSVZQto5wetXyLRseXjOwz,,,,,,,,,,,,,,,,,,,,,,pendiente,,
EFDA-F-S102-0002,S102,2,C101a119,Despedida matrimonio Bustos y S. de Bustamante,si,C101a119-S102-0002.jpg,1oJkR6czbBkdbiY6Q1z2WuFDwQvr_blRN,,,,,,,,,,,,,,,,,,,,,,pendiente,,
EFDA-F-S102-0003,S102,3,C101a119,Despedida matrimonio Bustos y S. de Bustamante,si,C101a119-S102-0003.jpg,1r31kCPjNSx0MdQ_pMXKo9ATU3gost0JN,,,,,,,,,,,,,,,,,,,,,,pendiente,,
EFDA-F-S102-0004,S102,4,C101a119,Despedida matrimonio Bustos y S. de Bustamante,si,C101a119-S102-0004.jpg,1N0pSJDd2pBQjpTujefMQFypAyJHKZpxs,,,,,,,,,,,,,,,,,,,,,,pendiente,,
EFDA-F-S102-0005,S102,5,C101a119,Despedida matrimonio Bustos y S. de Bustamante,si,C101a119-S102-0005.jpg,1VYdGj-2iJaeK6Z5UBo45wXr5OU9dbbgS,,,,,,,,,,,,,,,,,,,,,,pendiente,,
EFDA-F-S102-0006,S102,6,C101a119,Despedida matrimonio Bustos y S. de Bustamante,si,C101a119-S102-0006.jpg,1nNu5B3VR2KwPSOK_xT2yYYl272QiXLbu,,,,,,,,,,,,,,,,,,,,,,pendiente,,
EFDA-F-S102-0007,S102,7,C101a119,Despedida matrimonio Bustos y S. de Bustamante,si,C101a119-S102-0007.jpg,19RtVBkbv3gG8_mxmhVVH_MU-nuP3H-pH,,,,,,,,,,,,,,,,,,,,,,pendiente,,
EFDA-F-S102-0008,S102,8,C101a119,Despedida matrimonio Bustos y S. de Bustamante,si,C101a119-S102-0008.jpg,1UWNxqnQi9k2XzFj8WaKYr8wZoKHFG40x,,,,,,,,,,,,,,,,,,,,,,pendiente,,
EFDA-F-S102-0009,S102,9,C101a119,Despedida matrimonio Bustos y S. de Bustamante,si,C101a119-S102-0009.jpg,1kU0XdnbTwgf13Bqqy5A8UVAoBZOSVLOs,,,,,,,,,,,,,,,,,,,,,,pendiente,,
EFDA-F-S102-0010,S102,10,C101a119,Despedida matrimonio Bustos y S. de Bustamante,si,C101a119-S102-0010.jpg,12aUd-856aCg3Ytld-A7m-E4DebxSIK6e,,,,,,,,,,,,,,,,,,,,,,pendiente,,
EFDA-F-S102-0011,S102,11,C101a119,Despedida matrimonio Bustos y S. de Bustamante,si,C101a119-S102-0011.jpg,1AYej4BX3sCHJXQ-is-n-J50IzvRWl7CG,,,,,,,,,,,,,,,,,,,,,,pendiente,,
EFDA-F-S102-0012,S102,12,C101a119,Despedida matrimonio Bustos y S. de Bustamante,si,C101a119-S102-0012.jpg,1J-oO5sU79WLNGP3X93g8QAKov3tN9M64,,,,,,,,,,,,,,,,,,,,,,pendiente,,
EFDA-F-S103-0001,S103,1,C101a119,Cónsul General de Italia – 1961,,C101a119-S103-0001.jpg,1hqi0T0y0cRQXncYd9s_ZhVSkqwkzXs0Y,,,,,,,,,,,,,,,,,,,,,,pendiente,,
EFDA-F-S103-0002,S103,2,C101a119,Cónsul General de Italia – 1961,,C101a119-S103-0002.jpg,1os3jYUYvO3rSrZeTP6aA12tCyzaiqvS7,,,,,,,,,,,,,,,,,,,,,,pendiente,,
EFDA-F-S103-0003,S103,3,C101a119,Cónsul General de Italia – 1961,,C101a119-S103-0003.jpg,1pnj5hfaPUR8CFLXUq0PTUI0rJeAl1TF5,,,,,,,,,,,,,,,,,,,,,,pendiente,,
EFDA-F-S103-0004,S103,4,C101a119,Cónsul General de Italia – 1961,,C101a119-S103-0004.jpg,1uFaB_UUp04iOlu0btngBT9O0a6Mzaynk,,,,,,,,,,,,,,,,,,,,,,pendiente,,
EFDA-F-S103-0005,S103,5,C101a119,Cónsul General de Italia – 1961,,C101a119-S103-0005.jpg,1GqvBuWGDfagIJdR2vEdAahULxoKxizPa,,,,,,,,,,,,,,,,,,,,,,pendiente,,
EFDA-F-S103-0006,S103,6,C101a119,Cónsul General de Italia – 1961,,C101a119-S103-0006.jpg,1s6iIgIDv-852hMSHsL5jG2gVO52Zxcl7,,,,,,,,,,,,,,,,,,,,,,pendiente,,
EFDA-F-S103-0007,S103,7,C101a119,Cónsul General de Italia – 1961,,C101a119-S103-0007.jpg,142-RtkOn3iZHmllp8meL9Vd5YZz_x95b,,,,,,,,,,,,,,,,,,,,,,pendiente,,
EFDA-F-S103-0008,S103,8,C101a119,Cónsul General de Italia – 1961,,C101a119-S103-0008.jpg,1gZ2dG83KvRByejKom33P7-3PW71fRgBF,,,,,,,,,,,,,,,,,,,,,,pendiente,,
EFDA-F-S103-0009,S103,9,C101a119,Cónsul General de Italia – 1961,,C101a119-S103-0009.jpg,1CM_m8PbVFSiWkPcnuM5x8imGCxrKAttu,,,,,,,,,,,,,,,,,,,,,,pendiente,,
EFDA-F-S103-0010,S103,10,C101a119,Cónsul General de Italia – 1961,,C101a119-S103-0010.jpg,1ot593Xmfq3v7aKuZ2xunuAiqEdLaSy3I,,,,,,,,,,,,,,,,,,,,,,pendiente,,
EFDA-F-S103-0011,S103,11,C101a119,Cónsul General de Italia – 1961,,C101a119-S103-0011.jpg,1N1d4-OTBWDE_NFQ9D42X6yUgtpGrCTiK,,,,,,,,,,,,,,,,,,,,,,pendiente,,
EFDA-F-S103-0012,S103,12,C101a119,Cónsul General de Italia – 1961,,C101a119-S103-0012.jpg,1cyoiHkpfXInumIf2ROkWbWN234AcHnRb,,,,,,,,,,,,,,,,,,,,,,pendiente,,
EFDA-F-S103-0013,S103,13,C101a119,Cónsul General de Italia – 1961,,C101a119-S103-0013.jpg,1EwO0apuwOxYPlJeISVIAJTjLRit3RHjx,,,,,,,,,,,,,,,,,,,,,,pendiente,,
EFDA-F-S103-0014,S103,14,C101a119,Cónsul General de Italia – 1961,,C101a119-S103-0014.jpg,1dVMTYQU3LKGCLeT1PEq1ZlR0TdrGX5Hq,,,,,,,,,,,,,,,,,,,,,,pendiente,,
EFDA-F-S103-0015,S103,15,C101a119,Cónsul General de Italia – 1961,,C101a119-S103-0015.jpg,1MGVgN7qkbyERPORcz-3v7q4gyuNswGb7,,,,,,,,,,,,,,,,,,,,,,pendiente,,
EFDA-F-S103-0016,S103,16,C101a119,Cónsul General de Italia – 1961,,C101a119-S103-0016.jpg,1irJ6WTvtdqAOShjmJijrMp4SCYqJ7L-C,,,,,,,,,,,,,,,,,,,,,,pendiente,,
EFDA-F-S103-0017,S103,17,C101a119,Cónsul General de Italia – 1961,,C101a119-S103-0017.jpg,13u5KIdgvwGrONWB5i-xsqtQu_7bRA7s3,,,,,,,,,,,,,,,,,,,,,,pendiente,,
EFDA-F-S104-0001,S104,1,C101a119,Juan Manuel Fangio – Eduardo Falú,,C101a119-S104-0001.jpg,11yW4Jkul3dDQRqGP6YcUgXB9TEVngJ6G,,,,,,,,,,,,,,,,,,,,,,pendiente,,
EFDA-F-S104-0002,S104,2,C101a119,Juan Manuel Fangio – Eduardo Falú,,C101a119-S104-0002.jpg,1FoCcUhjflUk2GCtOYlVT6jKxTdvE9wZa,,,,,,,,,,,,,,,,,,,,,,pendiente,,
EFDA-F-S104-0003,S104,3,C101a119,Juan Manuel Fangio – Eduardo Falú,,C101a119-S104-0003.jpg,1E7Z748K0Rd6Y7YYQRguKplcKtc0oiEG4,,,,,,,,,,,,,,,,,,,,,,pendiente,,
EFDA-F-S104-0004,S104,4,C101a119,Juan Manuel Fangio – Eduardo Falú,,C101a119-S104-0004.jpg,1PdRw_2ticn5iyrAIjhc1P1oGp5OXCTo2,,,,,,,,,,,,,,,,,,,,,,pendiente,,
EFDA-F-S104-0005,S104,5,C101a119,Juan Manuel Fangio – Eduardo Falú,,C101a119-S104-0005.jpg,1K6aRknOwhBHFBwFA0Xr2PpuY7vc7gsD8,,,,,,,,,,,,,,,,,,,,,,pendiente,,
EFDA-F-S104-0006,S104,6,C101a119,Juan Manuel Fangio – Eduardo Falú,,C101a119-S104-0006.jpg,11G9rgdf55J62LhvOAk1UtoxYJBVH0LMi,,,,,,,,,,,,,,,,,,,,,,pendiente,,
EFDA-F-S104-0007,S104,7,C101a119,Juan Manuel Fangio – Eduardo Falú,,C101a119-S104-0007.jpg,1gJRNb5M5YUmR-XjCJIz0d4hstAKSXwZO,,,,,,,,,,,,,,,,,,,,,,pendiente,,
EFDA-F-S104-0008,S104,8,C101a119,Juan Manuel Fangio – Eduardo Falú,,C101a119-S104-0008.jpg,1YaV-30XlqxPMXCBfgo6gO5ZzJckn3-ZJ,,,,,,,,,,,,,,,,,,,,,,pendiente,,
EFDA-F-S104-0009,S104,9,C101a119,Juan Manuel Fangio – Eduardo Falú,,C101a119-S104-0009.jpg,1W0vUBwvHipfqFN7AN1nD0oVO7erJhC5M,C101a119-S104-0009r.jpg,1gfj0O2u9Dh33oySQaMGaHGfZmwLvaG6l,,,,,,,,,,,,,,,,,,,,pendiente,,
EFDA-F-S105-0001,S105,1,C101a119,Oberdan Caletti,,C101a119-S105-0001.jpg,1XkTmxl0eXAWcyjy5ZahVAUUjtn1VP_om,,,,,,,,,,,,,,,,,,,,,,pendiente,,
EFDA-F-S105-0002,S105,2,C101a119,Oberdan Caletti,,C101a119-S105-0002.jpg,15N4UaLaKkw-zC-Y0a6UzCJrpxHWUi1b8,,,,,,,,,,,,,,,,,,,,,,pendiente,,
EFDA-F-S105-0003,S105,3,C101a119,Oberdan Caletti,,C101a119-S105-0003.jpg,1xpmsFx2ju4Dzq71bVQDBLgwYoUgrmJwS,,,,,,,,,,,,,,,,,,,,,,pendiente,,
EFDA-F-S105-0004,S105,4,C101a119,Oberdan Caletti,,C101a119-S105-0004.jpg,1pygEVnMJpZdjm9C_sy6MxhVajGIN_u9S,,,,,,,,,,,,,,,,,,,,,,pendiente,,
EFDA-F-S105-0005,S105,5,C101a119,Oberdan Caletti,,C101a119-S105-0005.jpg,1AenlyoNcPZ3tHZ2ktqOJhqJUWBqa4IWC,,,,,,,,,,,,,,,,,,,,,,pendiente,,
EFDA-F-S106-0001,S106,1,C101a119,"Interiores y exteriores de ""El Fogón de los Arrieros""",,C101a119-S106-0001.jpg,1YzoBJJgsW_QSz4fdMH3wGh7oTiRTgnpz,,,,,,,,,,,,,,,,,,,,,,pendiente,,
EFDA-F-S106-0002,S106,2,C101a119,"Interiores y exteriores de ""El Fogón de los Arrieros""",,C101a119-S106-0002.jpg,1HBHQXASjAg85hdbATu8IRdbXgRI5q5qD,,,,,,,,,,,,,,,,,,,,,,pendiente,,
EFDA-F-S106-0003,S106,3,C101a119,"Interiores y exteriores de ""El Fogón de los Arrieros""",,C101a119-S106-0003.jpg,1yM-xNF1ixKUwTWZ7Hf4Q9sbDVhUUsiiG,,,,,,,,,,,,,,,,,,,,,,pendiente,,
EFDA-F-S106-0004,S106,4,C101a119,"Interiores y exteriores de ""El Fogón de los Arrieros""",,C101a119-S106-0004.jpg,1xVu0mGeG5AsxdtFbJFs5-fvXraMs2sTT,,,,,,,,,,,,,,,,,,,,,,pendiente,,
EFDA-F-S106-0005,S106,5,C101a119,"Interiores y exteriores de ""El Fogón de los Arrieros""",,C101a119-S106-0005.jpg,1MX2wGFF199x9rYJH--DdOcu_jeFG4mXZ,,,,,,,,,,,,,,,,,,,,,,pendiente,,
EFDA-F-S106-0006,S106,6,C101a119,"Interiores y exteriores de ""El Fogón de los Arrieros""",,C101a119-S106-0006.jpg,1vMvpkXoLwJtf-jvIKwUAowioPpfp-fyG,,,,,,,,,,,,,,,,,,,,,,pendiente,,
EFDA-F-S106-0007,S106,7,C101a119,"Interiores y exteriores de ""El Fogón de los Arrieros""",,C101a119-S106-0007.jpg,11F3zYCivKwgTrVpk2AqQ4JdoCro-twhq,,,,,,,,,,,,,,,,,,,,,,pendiente,,
EFDA-F-S106-0008,S106,8,C101a119,"Interiores y exteriores de ""El Fogón de los Arrieros""",,C101a119-S106-0008.jpg,1k26Ym6PjpzNx4gUuCYxrm40onhbIVO6q,,,,,,,,,,,,,,,,,,,,,,pendiente,,
EFDA-F-S106-0009,S106,9,C101a119,"Interiores y exteriores de ""El Fogón de los Arrieros""",,C101a119-S106-0009.jpg,1W12Bgd724hH3uPjVGucDgo_kE2C0aqyH,,,,,,,,,,,,,,,,,,,,,,pendiente,,
EFDA-F-S106-0010,S106,10,C101a119,"Interiores y exteriores de ""El Fogón de los Arrieros""",,C101a119-S106-0010.jpg,1ByOho2bSMaoa8M5wIGojVbok0kyQHL39,,,,,,,,,,,,,,,,,,,,,,pendiente,,
EFDA-F-S106-0011,S106,11,C101a119,"Interiores y exteriores de ""El Fogón de los Arrieros""",,C101a119-S106-0011.jpg,1D6tSN1CpQEOAteBzbazB3jUOuqVAUEiz,,,,,,,,,,,,,,,,,,,,,,pendiente,,
EFDA-F-S106-0012,S106,12,C101a119,"Interiores y exteriores de ""El Fogón de los Arrieros""",,C101a119-S106-0012.jpg,1ouDUa5ONekWDotQ7YevO4Hx_8wL7UkKy,,,,,,,,,,,,,,,,,,,,,,pendiente,,
EFDA-F-S106-0013,S106,13,C101a119,"Interiores y exteriores de ""El Fogón de los Arrieros""",,C101a119-S106-0013.jpg,1ENL0gTISJ3mQVSjXL-F1FEuHFuoITK3G,,,,,,,,,,,,,,,,,,,,,,pendiente,,
EFDA-F-S106-0014,S106,14,C101a119,"Interiores y exteriores de ""El Fogón de los Arrieros""",,C101a119-S106-0014.jpg,1ph650HH1oW82_NYxOtbiJcYxcfoAD8XO,,,,,,,,,,,,,,,,,,,,,,pendiente,,
EFDA-F-S106-0015,S106,15,C101a119,"Interiores y exteriores de ""El Fogón de los Arrieros""",,C101a119-S106-0015.jpg,1cywoiXMP8g-EO-6BZ27Z_ZM2hnQHH4rV,,,,,,,,,,,,,,,,,,,,,,pendiente,,
EFDA-F-S106-0016,S106,16,C101a119,"Interiores y exteriores de ""El Fogón de los Arrieros""",,C101a119-S106-0016.jpg,1DkFntlOL1FNGQy6ThKUC__nve-JxOO1-,C101a119-S106-0016r.jpg,1pL1KK1-a2D1hAeWg6Tv8yo6Y2U8DJqYC,,,,,,,,,,,,,,,,,,,,pendiente,,
EFDA-F-S106-0017,S106,17,C101a119,"Interiores y exteriores de ""El Fogón de los Arrieros""",,C101a119-S106-0017.jpg,1yrTNog-bmm7KQSNE4KTPM6Kp90aJ8Ds8,C101a119-S106-0017r.jpg,1gBv-0hs_V0znCBFQYC4Hjk-7hq7FJbvm,,,,,,,,,,,,,,,,,,,,pendiente,,
EFDA-F-S106b-0001,S106b,1,C101a119,"Interiores y exteriores de ""El Fogón de los Arrieros""",,C101a119-S106b-0001.jpg,1ZVizy1KYRQejIiPaJL7CXCTw7SARexCe,,,,,,,,,,,,,,,,,,,,,,pendiente,,
EFDA-F-S106b-0002,S106b,2,C101a119,"Interiores y exteriores de ""El Fogón de los Arrieros""",,C101a119-S106b-0002.jpg,12RR9QaYV4bB5MGZdhz0wqm8_RlMuyi21,,,,,,,,,,,,,,,,,,,,,,pendiente,,
EFDA-F-S106b-0003,S106b,3,C101a119,"Interiores y exteriores de ""El Fogón de los Arrieros""",,C101a119-S106b-0003.jpg,1tiYNqVVcx3ELgynGQLQDrkW39wVuQM0g,,,,,,,,,,,,,,,,,,,,,,pendiente,,
EFDA-F-S106b-0004,S106b,4,C101a119,"Interiores y exteriores de ""El Fogón de los Arrieros""",,C101a119-S106b-0004.jpg,1gbeED4WcrtAiwTZCzUjmOEZm7HqTxste,,,,,,,,,,,,,,,,,,,,,,pendiente,,
EFDA-F-S106b-0005,S106b,5,C101a119,"Interiores y exteriores de ""El Fogón de los Arrieros""",,C101a119-S106b-0005.jpg,1FoTryo7RHPTYOulQ4IlbM6JIRZrDMW6k,,,,,,,,,,,,,,,,,,,,,,pendiente,,
EFDA-F-S106b-0006,S106b,6,C101a119,"Interiores y exteriores de ""El Fogón de los Arrieros""",,C101a119-S106b-0006.jpg,1pM_po-1Z6ioHKKgja0bd-lqjNvOH-EG6,,,,,,,,,,,,,,,,,,,,,,pendiente,,
EFDA-F-S106b-0007,S106b,7,C101a119,"Interiores y exteriores de ""El Fogón de los Arrieros""",,C101a119-S106b-0007.jpg,1OoBjvx-v_PrYF-qb7TGrtqoclCLUwTQh,,,,,,,,,,,,,,,,,,,,,,pendiente,,
EFDA-F-S106b-0008,S106b,8,C101a119,"Interiores y exteriores de ""El Fogón de los Arrieros""",,C101a119-S106b-0008.jpg,1aw9cWZ6V9TIv3tYVHL3pEOF_G2VVipOV,,,,,,,,,,,,,,,,,,,,,,pendiente,,
EFDA-F-S106b-0009,S106b,9,C101a119,"Interiores y exteriores de ""El Fogón de los Arrieros""",,C101a119-S106b-0009.jpg,1ptgX7IV8P0IUVUs1qE3I8waY9Zkd1UY0,,,,,,,,,,,,,,,,,,,,,,pendiente,,
EFDA-F-S106b-0010,S106b,10,C101a119,"Interiores y exteriores de ""El Fogón de los Arrieros""",,C101a119-S106b-0010.jpg,1LbRg3f62zs1PI8CV8qtvt2H8ja8uPs7L,,,,,,,,,,,,,,,,,,,,,,pendiente,,
EFDA-F-S106b-0011,S106b,11,C101a119,"Interiores y exteriores de ""El Fogón de los Arrieros""",,C101a119-S106b-0011.jpg,17vvQ6rSqyEYSLrm2zFFidVDSYLdu56qr,,,,,,,,,,,,,,,,,,,,,,pendiente,,
EFDA-F-S106b-0012,S106b,12,C101a119,"Interiores y exteriores de ""El Fogón de los Arrieros""",,C101a119-S106b-0012.jpg,1gq2jHYQwHKaZWuyNesLOv0-t1_0Og7bT,,,,,,,,,,,,,,,,,,,,,,pendiente,,
EFDA-F-S106b-0013,S106b,13,C101a119,"Interiores y exteriores de ""El Fogón de los Arrieros""",,C101a119-S106b-0013.jpg,19jH1F9rfwClbdSMUjnZ3sA801mM94owj,,,,,,,,,,,,,,,,,,,,,,pendiente,,
EFDA-F-S106b-0014,S106b,14,C101a119,"Interiores y exteriores de ""El Fogón de los Arrieros""",,C101a119-S106b-0014.jpg,1Ql5FL8R0eMh5kna7xfUIy4sYsFYpQZ1m,,,,,,,,,,,,,,,,,,,,,,pendiente,,
EFDA-F-S106b-0015,S106b,15,C101a119,"Interiores y exteriores de ""El Fogón de los Arrieros""",,C101a119-S106b-0015.jpg,1vEkJbkTNOgqXdeGvuEVKLZyPNxoamjjP,,,,,,,,,,,,,,,,,,,,,,pendiente,,
EFDA-F-S106b-0016,S106b,16,C101a119,"Interiores y exteriores de ""El Fogón de los Arrieros""",,C101a119-S106b-0016.jpg,1vh0HEBGSZKczPqnh3iCtdBQAxzAetiZy,,,,,,,,,,,,,,,,,,,,,,pendiente,,
EFDA-F-S106b-0017,S106b,17,C101a119,"Interiores y exteriores de ""El Fogón de los Arrieros""",,C101a119-S106b-0017.jpg,1KDuE7XWOMkDW9cVPQVfw4c42pk8D7PAK,,,,,,,,,,,,,,,,,,,,,,pendiente,,
EFDA-F-S106b-0017b,S106b,17,C101a119,"Interiores y exteriores de ""El Fogón de los Arrieros""",,C101a119-S106b-0017b.jpg,1Xgox-94C63qUAmNwH30b3y155mHqFsmi,,,,,,,,,,,,,,,,,,,,,,pendiente,,
EFDA-F-S107-0001,S107,1,C101a119,Bernardo Canal Feijóo,,C101a119-S107-0001.jpg,1e963lJOBYTBVH1Qyz3bw_Cx2I9BawQqU,,,,,,,,,,,,,,,,,,,,,,pendiente,,
EFDA-F-S107-0002,S107,2,C101a119,Bernardo Canal Feijóo,,C101a119-S107-0002.jpg,1Ys5_xspYwcjiaah1MBA4Q82sqqhSslTV,,,,,,,,,,,,,,,,,,,,,,pendiente,,
EFDA-F-S107-0003,S107,3,C101a119,Bernardo Canal Feijóo,,C101a119-S107-0003.jpg,1RbZ69ILg2JzNyy0NFyMyCwCtU4L8xH7S,,,,,,,,,,,,,,,,,,,,,,pendiente,,
EFDA-F-S107-0004,S107,4,C101a119,Bernardo Canal Feijóo,,C101a119-S107-0004.jpg,19lLzjEBfB7DQyzdBy4Zn-IOByjhak7EZ,,,,,,,,,,,,,,,,,,,,,,pendiente,,
EFDA-F-S108-0001,S108,1,C101a119,Despedida Gallego Hermida – 30-6-61,si,C101a119-S108-0001.jpg,1hhD_4yqIFD4VdfDGyBQO2swabcjTBKdK,,,,,,,,,,,,,,,,,,,,,,pendiente,,
EFDA-F-S108-0002,S108,2,C101a119,Despedida Gallego Hermida – 30-6-61,si,C101a119-S108-0002.jpg,1m27DWCzskuQVsRHYCWI51xDvl3aRGzsq,,,,,,,,,,,,,,,,,,,,,,pendiente,,
EFDA-F-S108-0003,S108,3,C101a119,Despedida Gallego Hermida – 30-6-61,si,C101a119-S108-0003.jpg,17v7YXzzwvMG5QPYJvqzEIt83uUzGdF7R,,,,,,,,,,,,,,,,,,,,,,pendiente,,
EFDA-F-S108-0004,S108,4,C101a119,Despedida Gallego Hermida – 30-6-61,si,C101a119-S108-0004.jpg,1YVRLFs4MQkQRMM2AMBR_smDsZbNTn42T,,,,,,,,,,,,,,,,,,,,,,pendiente,,
EFDA-F-S108-0005,S108,5,C101a119,Despedida Gallego Hermida – 30-6-61,si,C101a119-S108-0005.jpg,1TUBK17EGeaB0HpxkiuEzWOmS7swSPjI8,,,,,,,,,,,,,,,,,,,,,,pendiente,,
EFDA-F-S108-0006,S108,6,C101a119,Despedida Gallego Hermida – 30-6-61,si,C101a119-S108-0006.jpg,17qMMe5jgLNmFaTb6o_ajwK3p7zKP0Dfn,,,,,,,,,,,,,,,,,,,,,,pendiente,,
EFDA-F-S109-0001,S109,1,C101a119,Banquines y jardines,,C101a119-S109-0001.jpg,1uhZTDeJo0o2oA8MNbJPwCRDY4bQ0-lvY,,,,,,,,,,,,,,,,,,,,,,pendiente,,
EFDA-F-S109-0002,S109,2,C101a119,Banquines y jardines,,C101a119-S109-0002.jpg,1xe6TvI9hzN74jjJJKqV_k0G-1a9txd-8,,,,,,,,,,,,,,,,,,,,,,pendiente,,
EFDA-F-S109-0003,S109,3,C101a119,Banquines y jardines,,C101a119-S109-0003.jpg,15ZYJieHDKoD1jNQw_3ZfGNpoUA9nA3Wj,,,,,,,,,,,,,,,,,,,,,,pendiente,,
EFDA-F-S109-0004,S109,4,C101a119,Banquines y jardines,,C101a119-S109-0004.jpg,1soQEP2ClgqNYdzjlIf35rBBGI-W8wGqj,,,,,,,,,,,,,,,,,,,,,,pendiente,,
EFDA-F-S109-0005,S109,5,C101a119,Banquines y jardines,,C101a119-S109-0005.jpg,18EtpqlL3IWoOHJoTW0jV9_QB_GGbzn3p,,,,,,,,,,,,,,,,,,,,,,pendiente,,
EFDA-F-S109-0006,S109,6,C101a119,Banquines y jardines,,C101a119-S109-0006.jpg,1ZERyls84_fsHf2IjHSbS8apsog-vfDPQ,,,,,,,,,,,,,,,,,,,,,,pendiente,,
EFDA-F-S109-0007,S109,7,C101a119,Banquines y jardines,,C101a119-S109-0007.jpg,1f_5G13s26E2iwGQqLn9DkBNTgJlg8p73,,,,,,,,,,,,,,,,,,,,,,pendiente,,
EFDA-F-S109-0008,S109,8,C101a119,Banquines y jardines,,C101a119-S109-0008.jpg,1jk5N-ooj-89Nyb6ghDOrycWwSlkVOV9Y,,,,,,,,,,,,,,,,,,,,,,pendiente,,
EFDA-F-S109-0009,S109,9,C101a119,Banquines y jardines,,C101a119-S109-0009.jpg,1JjxFUMSIatHuS3CqgwAXFjcwkwLJ4S6A,,,,,,,,,,,,,,,,,,,,,,pendiente,,
EFDA-F-S109-0010,S109,10,C101a119,Banquines y jardines,,C101a119-S109-0010.jpg,1XymGUrcN_6ediCN-zHvmU4FupFZ-0hh-,,,,,,,,,,,,,,,,,,,,,,pendiente,,
EFDA-F-S109-0011,S109,11,C101a119,Banquines y jardines,,C101a119-S109-0011.jpg,1rLniqs-aDyorpU8DCGpCuQiO3RDX-5R3,,,,,,,,,,,,,,,,,,,,,,pendiente,,
EFDA-F-S110-0001,S110,1,C101a119,Homenaje al Maestro Luis Gusberti,,C101a119-S110-0001.jpg,15hf448OS3-7RH3riHrlcbIkj0nUu9T7j,,,,,,,,,,,,,,,,,,,,,,pendiente,,
EFDA-F-S110-0002,S110,2,C101a119,Homenaje al Maestro Luis Gusberti,,C101a119-S110-0002.jpg,1uUFLls-qwSuJkSa_Gq03yPb6ZmiyN7mQ,,,,,,,,,,,,,,,,,,,,,,pendiente,,
EFDA-F-S110-0003,S110,3,C101a119,Homenaje al Maestro Luis Gusberti,,C101a119-S110-0003.jpg,1BHUh5n8qqC_nkZRtM5VrOz77yTAXagSE,,,,,,,,,,,,,,,,,,,,,,pendiente,,
EFDA-F-S110-0004,S110,4,C101a119,Homenaje al Maestro Luis Gusberti,,C101a119-S110-0004.jpg,1UqriZ_lEI1p771XjAAL__rMPAxhqP4Zv,,,,,,,,,,,,,,,,,,,,,,pendiente,,
EFDA-F-S110-0005,S110,5,C101a119,Homenaje al Maestro Luis Gusberti,,C101a119-S110-0005.jpg,1-EeNoS8TpakY30wb-ePlenMYUPN0Lgk2,,,,,,,,,,,,,,,,,,,,,,pendiente,,
EFDA-F-S111-0001,S111,1,C101a119,Paulina Ossona y su conjunto – 1962,,C101a119-S111-0001.jpg,1f-Q-PxiZ0faBLhkxQRsy5VeOzIAVixf3,,,,,,,,,,,,,,,,,,,,,,pendiente,,
EFDA-F-S111-0002,S111,2,C101a119,Paulina Ossona y su conjunto – 1962,,C101a119-S111-0002.jpg,11u4tlWqUD5gse3rVSgsj1-fW6_Irv3p6,,,,,,,,,,,,,,,,,,,,,,pendiente,,
EFDA-F-S111-0003,S111,3,C101a119,Paulina Ossona y su conjunto – 1962,,C101a119-S111-0003.jpg,1auD6m7qewKzmoAof0pJsoHC2vd3fWlqP,,,,,,,,,,,,,,,,,,,,,,pendiente,,
EFDA-F-S111-0004,S111,4,C101a119,Paulina Ossona y su conjunto – 1962,,C101a119-S111-0004.jpg,1geTwJgSJI8FcoVtO_Dtp7HYpdMvNOhDd,,,,,,,,,,,,,,,,,,,,,,pendiente,,
EFDA-F-S111-0005,S111,5,C101a119,Paulina Ossona y su conjunto – 1962,,C101a119-S111-0005.jpg,1cgJrcevRHa6V28OXWt0X6XZtyp7pFzyV,,,,,,,,,,,,,,,,,,,,,,pendiente,,
EFDA-F-S111-0006,S111,6,C101a119,Paulina Ossona y su conjunto – 1962,,C101a119-S111-0006.jpg,1dT6f4cR0uATFfKAiV5Kw8NUh4rFFRzew,,,,,,,,,,,,,,,,,,,,,,pendiente,,
EFDA-F-S111-0007,S111,7,C101a119,Paulina Ossona y su conjunto – 1962,,C101a119-S111-0007.jpg,1kCVrXPSorVQvc0ueuFiVmgeUvQj2VYc7,,,,,,,,,,,,,,,,,,,,,,pendiente,,
EFDA-F-S111-0008,S111,8,C101a119,Paulina Ossona y su conjunto – 1962,,C101a119-S111-0008.jpg,1jWtN2hoNqDs9ib1qhpNjXJpCCSviHl-L,,,,,,,,,,,,,,,,,,,,,,pendiente,,
EFDA-F-S111-0009,S111,9,C101a119,Paulina Ossona y su conjunto – 1962,,C101a119-S111-0009.jpg,1N-6VcEkhWKHP6_BrVizlzZGTDRxuUOTf,,,,,,,,,,,,,,,,,,,,,,pendiente,,
EFDA-F-S111-0010,S111,10,C101a119,Paulina Ossona y su conjunto – 1962,,C101a119-S111-0010.jpg,1CewbjYg8lrTEbN0LjkdiG1750qJFhr2X,,,,,,,,,,,,,,,,,,,,,,pendiente,,
EFDA-F-S111-0011,S111,11,C101a119,Paulina Ossona y su conjunto – 1962,,C101a119-S111-0011.jpg,1yY5vj0mIo9sEegikqhjOFK-g5uQkro6Q,,,,,,,,,,,,,,,,,,,,,,pendiente,,
EFDA-F-S111-0012,S111,12,C101a119,Paulina Ossona y su conjunto – 1962,,C101a119-S111-0012.jpg,1xBh5IoZgzCgkHSFH5vnUCM5K-u_BwySq,,,,,,,,,,,,,,,,,,,,,,pendiente,,
EFDA-F-S112-0001,S112,1,C101a119,Festejo Día del Niño,si,C101a119-S112-0001.jpg,164atd_gDbLWar2-tVehdyntexLcJ11_n,,,,,,,,,,,,,,,,,,,,,,pendiente,,
EFDA-F-S112-0002,S112,2,C101a119,Festejo Día del Niño,si,C101a119-S112-0002.jpg,1NKUZAy4cxOCvjpNzv2YSYtIqBmIy4BOB,,,,,,,,,,,,,,,,,,,,,,pendiente,,
EFDA-F-S112-0003,S112,3,C101a119,Festejo Día del Niño,si,C101a119-S112-0003.jpg,1zxme3SFr5SHbtO3X-gdKNfeOBU8LmK7k,,,,,,,,,,,,,,,,,,,,,,pendiente,,
EFDA-F-S112-0004,S112,4,C101a119,Festejo Día del Niño,si,C101a119-S112-0004.jpg,1gZP-DlU_LH6flW0m6_4Yuvb_y1D_H_p2,,,,,,,,,,,,,,,,,,,,,,pendiente,,
EFDA-F-S112-0005,S112,5,C101a119,Festejo Día del Niño,si,C101a119-S112-0005.jpg,1jDNiCWvbXmM3qmkgYwkMIDdqKJzf5-Gc,,,,,,,,,,,,,,,,,,,,,,pendiente,,
EFDA-F-S112-0006,S112,6,C101a119,Festejo Día del Niño,si,C101a119-S112-0006.jpg,1rpXA-v22Ebrttubmv3sLBI9YPIRKTkEZ,,,,,,,,,,,,,,,,,,,,,,pendiente,,
EFDA-F-S112-0007,S112,7,C101a119,Festejo Día del Niño,si,C101a119-S112-0007.jpg,1z_WUg45rYWpaCand5JYJUct8wkcQcvV7,,,,,,,,,,,,,,,,,,,,,,pendiente,,
EFDA-F-S112-0008,S112,8,C101a119,Festejo Día del Niño,si,C101a119-S112-0008.jpg,1Q3o4T_18-z3aPrg14sx5z8z5Jm2_syx7,,,,,,,,,,,,,,,,,,,,,,pendiente,,duplicado en Drive: C101a119-S112-0008(1).jpg
EFDA-F-S112-0009,S112,9,C101a119,Festejo Día del Niño,si,C101a119-S112-0009.jpg,1v7qxMivEMxllI5qgSHWSFlN1M-HyouAT,,,,,,,,,,,,,,,,,,,,,,pendiente,,
EFDA-F-S112-0010,S112,10,C101a119,Festejo Día del Niño,si,C101a119-S112-0010.jpg,1OkzmhNt1QdBPIPaibHXdYQF9r2PTNMGW,,,,,,,,,,,,,,,,,,,,,,pendiente,,
EFDA-F-S114-0001,S114,1,C101a119,Libero Badii,,C101a119-S114-0001.jpg,1YwQQGB9oVOj82JL6_WETN-bdImaH29ou,,,,,,,,,,,,,,,,,,,,,,pendiente,,
EFDA-F-S114-0002,S114,2,C101a119,Libero Badii,,C101a119-S114-0002.jpg,1NtZ7M4lnVkWxGFxcM--d6J365RkcVife,,,,,,,,,,,,,,,,,,,,,,pendiente,,
EFDA-F-S114-0003,S114,3,C101a119,Libero Badii,,C101a119-S114-0003.jpg,1HPhhbOK18oSkK_Y35Qrzmexav1mu_QSs,,,,,,,,,,,,,,,,,,,,,,pendiente,,
EFDA-F-S114-0004,S114,4,C101a119,Libero Badii,,C101a119-S114-0004.jpg,1krMHNfqJRyPnRXDRuV_pJwAMH-7abCTf,C101a119-S114-0004r.jpg,1brYP0s4pbcjpcT-mn_fYjPaFPl0HPbof,,,,,,,,,,,,,,,,,,,,pendiente,,
EFDA-F-S115-0001,S115,1,C101a119,Mabel Bonome,,C101a119-S115-0001.jpg,1ocwQ6eQX-7Zezc3ntormTy9ZpKa2TkUM,,,,,,,,,,,,,,,,,,,,,,pendiente,,
EFDA-F-S115-0002,S115,2,C101a119,Mabel Bonome,,C101a119-S115-0002.jpg,1r6qXOnIsG5HRjIZJR9SYm4iO6KUXaR3d,C101a119-S115-0002r.jpg,1He8mJtZZ5ckCJqPyrRLIQE6sB-trCkGH,,,,,,,,,,,,,,,,,,,,pendiente,,
EFDA-F-S115-0003,S115,3,C101a119,Mabel Bonome,,C101a119-S115-0003.jpg,1-fpWjtdvrVOjofZtgh6KKIfI5nyRepFF,C101a119-S115-0003r.jpg,1IbaSNFKVcdaiPZOUhTNEoxTQa1WsxWpX,,,,,,,,,,,,,,,,,,,,pendiente,,
EFDA-F-S116-0001,S116,1,C101a119,María Fux – 1962,,C101a119-S116-0001.jpg,17MuTRxgnSr_vmNYV3b_vaqUjM6rjEtad,,,,,,,,,,,,,,,,,,,,,,pendiente,,
EFDA-F-S117-0001,S117,1,C101a119,"Teatro: ""La gran furia de Felipe Hotz""",,C101a119-S117-0001.jpg,1gDbSRbVM1F7w8tVNzbR0Mo_tFGyFeeiy,,,,,,,,,,,,,,,,,,,,,,pendiente,,
EFDA-F-S117-0002,S117,2,C101a119,"Teatro: ""La gran furia de Felipe Hotz""",,C101a119-S117-0002.jpg,1VaywwyR-JgkO2vHmG0P2TDIZLFU8CaTq,,,,,,,,,,,,,,,,,,,,,,pendiente,,
EFDA-F-S117-0003,S117,3,C101a119,"Teatro: ""La gran furia de Felipe Hotz""",,C101a119-S117-0003.jpg,1Nw_60Fz1W3Bg99B3UKB1z8-2jT5tLaX9,,,,,,,,,,,,,,,,,,,,,,pendiente,,
EFDA-F-S117-0004,S117,4,C101a119,"Teatro: ""La gran furia de Felipe Hotz""",,C101a119-S117-0004.jpg,1dG_w4QVDlL9qe6GTyr16jieQPynH6o2V,,,,,,,,,,,,,,,,,,,,,,pendiente,,
EFDA-F-S117-0005,S117,5,C101a119,"Teatro: ""La gran furia de Felipe Hotz""",,C101a119-S117-0005.jpg,1i2cUfjR2abZMDWdWwoM1NemmKitCA-hQ,,,,,,,,,,,,,,,,,,,,,,pendiente,,
EFDA-F-S117-0006,S117,6,C101a119,"Teatro: ""La gran furia de Felipe Hotz""",,C101a119-S117-0006.jpg,10K7fiK-SdLxJ4Li9jp0JaNgv50UTHKFr,,,,,,,,,,,,,,,,,,,,,,pendiente,,
EFDA-F-S117-0007,S117,7,C101a119,"Teatro: ""La gran furia de Felipe Hotz""",,C101a119-S117-0007.jpg,1dGYsC7UWFyymZ4ALH89WpOEll_LWpR9u,,,,,,,,,,,,,,,,,,,,,,pendiente,,
EFDA-F-S117-0008,S117,8,C101a119,"Teatro: ""La gran furia de Felipe Hotz""",,C101a119-S117-0008.jpg,1gncDUhQzbbqFaH_ZQ98mSQKnwKvQc8SA,,,,,,,,,,,,,,,,,,,,,,pendiente,,
EFDA-F-S118-0001,S118,1,C101a119,"Teatro: ""El que dice sí, el que dice no""",,C101a119-S118-0001.jpg,1G_tTR_KKUiL_KnTwepIUubcxZ0bx74al,,,,,,,,,,,,,,,,,,,,,,pendiente,,
EFDA-F-S118-0002,S118,2,C101a119,"Teatro: ""El que dice sí, el que dice no""",,C101a119-S118-0002.jpg,1eaTewccTmxna6ImPBK9866AoLWVLa9b1,,,,,,,,,,,,,,,,,,,,,,pendiente,,
EFDA-F-S118-0003,S118,3,C101a119,"Teatro: ""El que dice sí, el que dice no""",,C101a119-S118-0003.jpg,1yggxZuz7rv3g87VtXymRlM7YSQ-0bWxJ,,,,,,,,,,,,,,,,,,,,,,pendiente,,
EFDA-F-S118-0004,S118,4,C101a119,"Teatro: ""El que dice sí, el que dice no""",,C101a119-S118-0004.jpg,14U3MOZoYLG3qc6S7xq2umvNFcTbK1bP2,,,,,,,,,,,,,,,,,,,,,,pendiente,,
EFDA-F-S119-0001,S119,1,C101a119,Muestra de las obras de Mena,,C101a119-S119-0001.jpg,1akglZoy600ECzC1bJxjv1OW2GvIyMngA,,,,,,,,,,,,,,,,,,,,,,pendiente,,
EFDA-F-S119-0002,S119,2,C101a119,Muestra de las obras de Mena,,C101a119-S119-0002.jpg,1I6U1T5I_pnRNeF1BnFdPA-GVtIESn_mu,,,,,,,,,,,,,,,,,,,,,,pendiente,,
EFDA-F-S119-0003,S119,3,C101a119,Muestra de las obras de Mena,,C101a119-S119-0003.jpg,170ziN73Gu8A6QLd_Bnt-Fp3OnAOpaU1b,,,,,,,,,,,,,,,,,,,,,,pendiente,,
EFDA-F-S119-0004,S119,4,C101a119,Muestra de las obras de Mena,,C101a119-S119-0004.jpg,1lg-R3ZIOYMm78l3BfNIJ7_H4e3R0bcP5,,,,,,,,,,,,,,,,,,,,,,pendiente,,
EFDA-F-S119-0005,S119,5,C101a119,Muestra de las obras de Mena,,C101a119-S119-0005.jpg,1_Ir8pO0am0GeaEi3yJ92IezaDllXZnhc,,,,,,,,,,,,,,,,,,,,,,pendiente,,
EFDA-F-S119-0006,S119,6,C101a119,Muestra de las obras de Mena,,C101a119-S119-0006.jpg,1WL_MO99rG_qk1LG3Byrhh8QrsFYd94ca,,,,,,,,,,,,,,,,,,,,,,pendiente,,
EFDA-F-S119-0007,S119,7,C101a119,Muestra de las obras de Mena,,C101a119-S119-0007.jpg,1LDvDo83GJ7y41bQ4DRLI9OB1Sjof0b23,,,,,,,,,,,,,,,,,,,,,,pendiente,,
EFDA-F-S119-0008,S119,8,C101a119,Muestra de las obras de Mena,,C101a119-S119-0008.jpg,1IXo-5oxKoI93L8pVTikH6QzFiUj3KY7x,,,,,,,,,,,,,,,,,,,,,,pendiente,,
EFDA-F-S119-0009,S119,9,C101a119,Muestra de las obras de Mena,,C101a119-S119-0009.jpg,11X9zc1n0uV-8V8kBL5QlMHlUusT31STE,,,,,,,,,,,,,,,,,,,,,,pendiente,,
EFDA-F-S119-0010,S119,10,C101a119,Muestra de las obras de Mena,,C101a119-S119-0010.jpg,1oZLM7JBx0Q1MJ1pxgDMIOU5nVgbp0Uyz,,,,,,,,,,,,,,,,,,,,,,pendiente,,
EFDA-F-S119-0011,S119,11,C101a119,Muestra de las obras de Mena,,C101a119-S119-0011.jpg,1f39fEhLw62JEOtiAgWYqlJ1b0BXZHFIt,,,,,,,,,,,,,,,,,,,,,,pendiente,,
EFDA-F-S119-0012,S119,12,C101a119,Muestra de las obras de Mena,,C101a119-S119-0012.jpg,1YcpL7IC31y34fyOfbKrgCX0OngSE_xUx,C101a119-S119-0012r.jpg,14gE09czaXaxGgffZ5PaXG5OVcivENhJJ,,,,,,,,,,,,,,,,,,,,pendiente,,
EFDA-F-S119-0013,S119,13,C101a119,Muestra de las obras de Mena,,C101a119-S119-0013.jpg,1pe1l240tIyfWVs83n8l1J32fty2lLFAf,,,,,,,,,,,,,,,,,,,,,,pendiente,,
EFDA-F-S119-0014,S119,14,C101a119,Muestra de las obras de Mena,,C101a119-S119-0014.jpg,1E0966WfHeIZygSAadBabHYGrGem8N1Pe,C101a119-S119-0014r.jpg,1IgPs7UEQRwgdiBpYq7CAHMLXL7lfzvjs,,,,,,,,,,,,,,,,,,,,pendiente,,
EFDA-F-S120-0001,S120,1,C120a149,,,C120a149-S120-0001.jpg,1vwb8Wj2YNWy3CQ6g-AR8695ve0wguY3s,,,,,,,,,,,,,,,,,,,,,,pendiente,,
EFDA-F-S120-0002,S120,2,C120a149,,,C120a149-S120-0002.jpg,17kjtwygtO_WbecLLVw_3jiBAzBgWdTPe,,,,,,,,,,,,,,,,,,,,,,pendiente,,
EFDA-F-S120-0003,S120,3,C120a149,,,C120a149-S120-0003.jpg,1EJGMDkOOTEn6TrnZb30Fml16f6YspffY,,,,,,,,,,,,,,,,,,,,,,pendiente,,
EFDA-F-S121-0001,S121,1,C120a149,,,C120a149-S121-0001.jpg,1fSq-qylAMlUuc-2KTq7IXJV9X4ZfrQ10,,,,,,,,,,,,,,,,,,,,,,pendiente,,
EFDA-F-S121-0002,S121,2,C120a149,,,C120a149-S121-0002.jpg,14TAuoNQ6TrUxsqCgEAagteGWVhTav0UU,,,,,,,,,,,,,,,,,,,,,,pendiente,,
EFDA-F-S122-0001,S122,1,C120a149,,,C120a149-S122-0001.jpg,1fECI6x_OJgwOfwQNWpTyl-XyPjDBVA6y,,,,,,,,,,,,,,,,,,,,,,pendiente,,
EFDA-F-S122-0002,S122,2,C120a149,,,C120a149-S122-0002.jpg,1hE_nRwieSNypmKkQJhe9IQXjWMw3bIgV,,,,,,,,,,,,,,,,,,,,,,pendiente,,
EFDA-F-S122-0003,S122,3,C120a149,,,C120a149-S122-0003.jpg,1Bg-oCpcwdS9KvjejWo7Z47YzIsF2K2GD,,,,,,,,,,,,,,,,,,,,,,pendiente,,
EFDA-F-S123-0001,S123,1,C120a149,,,C120a149-S123-0001.jpg,1JNkevGCqVyZGnxqAZpmjbAJE1243EfrD,,,,,,,,,,,,,,,,,,,,,,pendiente,,
EFDA-F-S123-0002,S123,2,C120a149,,,C120a149-S123-0002.jpg,1p7wZaJsjJcgazcj8eCPrJ927K0nR1Nr5,,,,,,,,,,,,,,,,,,,,,,pendiente,,
EFDA-F-S123-0003,S123,3,C120a149,,,C120a149-S123-0003.jpg,1bWWYQXnM2GCxpzhFL-KUPWM1RrVL-uZC,,,,,,,,,,,,,,,,,,,,,,pendiente,,
EFDA-F-S123-0004,S123,4,C120a149,,,C120a149-S123-0004.jpg,1zGTXwy54BQFPuQCjftXZgNtvtYmUCAT2,,,,,,,,,,,,,,,,,,,,,,pendiente,,
EFDA-F-S123-0005,S123,5,C120a149,,,C120a149-S123-0005.jpg,1dgKNn5TXP-w4lCLD8UET9Yo6lKgF7QKh,,,,,,,,,,,,,,,,,,,,,,pendiente,,
EFDA-F-S123-0006,S123,6,C120a149,,,C120a149-S123-0006.jpg,1z4yWw_JU2WHjpv3_cgD4kMtjUDS4hGTZ,,,,,,,,,,,,,,,,,,,,,,pendiente,,
EFDA-F-S123-0007,S123,7,C120a149,,,C120a149-S123-0007.jpg,1m1e_rLd71NJsFdC_hgdvgk4jmWt4gJNn,,,,,,,,,,,,,,,,,,,,,,pendiente,,
EFDA-F-S123-0008,S123,8,C120a149,,,C120a149-S123-0008.jpg,1mInOje8HdEC6DQamj3X3BKpm53o91zkt,,,,,,,,,,,,,,,,,,,,,,pendiente,,
EFDA-F-S123-0009,S123,9,C120a149,,,C120a149-S123-0009.jpg,1_RJ1X5OSLGpSaQaKbrcOJrgycf5Iy6YJ,,,,,,,,,,,,,,,,,,,,,,pendiente,,
EFDA-F-S123-0010,S123,10,C120a149,,,C120a149-S123-0010.jpg,1f0wDTT0POL38QA1F0wKplC7B6BJuA89f,,,,,,,,,,,,,,,,,,,,,,pendiente,,
EFDA-F-S123-0011,S123,11,C120a149,,,C120a149-S123-0011.jpg,1ZkLgzCiWLZrHJj0aUE9qiRKSwH5UQcrm,,,,,,,,,,,,,,,,,,,,,,pendiente,,
EFDA-F-S123-0012,S123,12,C120a149,,,C120a149-S123-0012.jpg,1ZBvay0HRF20SnDvnXscE_D2kkmLP-sWB,,,,,,,,,,,,,,,,,,,,,,pendiente,,
EFDA-F-S124-0001,S124,1,C120a149,,,C120a149-S124-0001.jpg,1eHjNRzNlLYku9Qg-_pmMqV8K74v6Nyh6,,,,,,,,,,,,,,,,,,,,,,pendiente,,
EFDA-F-S124-0002,S124,2,C120a149,,,C120a149-S124-0002.jpg,1z1gMNb0e_dh0fp5kOGIvHijLgptAL3SM,,,,,,,,,,,,,,,,,,,,,,pendiente,,
EFDA-F-S124-0003,S124,3,C120a149,,,C120a149-S124-0003.jpg,1q2voAdbdsNSRPNew0GAr9r6PLlMGqG2X,,,,,,,,,,,,,,,,,,,,,,pendiente,,
EFDA-F-S124-0004,S124,4,C120a149,,,C120a149-S124-0004.jpg,1R2OYg9Cx8nZ6dZO80Z9rLAOsp4bCVgu-,,,,,,,,,,,,,,,,,,,,,,pendiente,,
EFDA-F-S124-0005,S124,5,C120a149,,,C120a149-S124-0005.jpg,1-VaMRAiqEINprhdYT0o2xwu9x5JVSRFm,,,,,,,,,,,,,,,,,,,,,,pendiente,,
EFDA-F-S125-0001,S125,1,C120a149,,,C120a149-S125-0001.jpg,154ZgZ_nNvh7RConDhW1sZPNNyLqMs8EC,,,,,,,,,,,,,,,,,,,,,,pendiente,,
EFDA-F-S125-0002,S125,2,C120a149,,,C120a149-S125-0002.jpg,1q360Kx-kalJKlNPiLi9pivlTNCVdEX87,C120a149-S125-0002r.jpg,1-0SS-UzLZWd-r-23pgxDRFpGdEvpAwY1,,,,,,,,,,,,,,,,,,,,pendiente,,
EFDA-F-S125-0003,S125,3,C120a149,,,C120a149-S125-0003.jpg,1129SgK2kHphoQ3DnC_NwSQQgMRWtqgjD,C120a149-S125-0003r.jpg,1CkMmche2b86frH0-hDNrqG977PVmNRni,,,,,,,,,,,,,,,,,,,,pendiente,,
EFDA-F-S125-0004,S125,4,C120a149,,,C120a149-S125-0004.jpg,1b9h0YiPcm8qiQ0mmBYpmOmkiiAJm2CWs,C120a149-S125-0004r.jpg,1ixEQkjEsaZ2D5_LuBRYepjK1v7M5TrlF,,,,,,,,,,,,,,,,,,,,pendiente,,
EFDA-F-S125-0005,S125,5,C120a149,,,C120a149-S125-0005.jpg,11_BZ9geGgxeszLcAhEMzHZlAPAk81UeO,C120a149-S125-0005r.jpg,1vaKr-lYD13ANtwwslzWyCS9X__GzV_FU,,,,,,,,,,,,,,,,,,,,pendiente,,
EFDA-F-S125-0006,S125,6,C120a149,,,C120a149-S125-0006.jpg,10GBULm-jd_6B01LYmbGgwEVKSurNY7XP,C120a149-S125-0006r.jpg,1VTvPzTY2UlIJzUWI1JBPQShDnRATiRUH,,,,,,,,,,,,,,,,,,,,pendiente,,
EFDA-F-S125-0007,S125,7,C120a149,,,C120a149-S125-0007.jpg,1-IxbPyF-_O6RHVdFHFdIJ_TjaT_gh6_K,C120a149-S125-0007r.jpg,1D7ndTmJEPef3-nBIlHksP6g1iRRufRSE,,,,,,,,,,,,,,,,,,,,pendiente,,
EFDA-F-S125-0008,S125,8,C120a149,,,C120a149-S125-0008.jpg,1X-T1nzVfl1UckUeftwQ3kzeuSXUL5Xzu,C120a149-S125-0008r.jpg,1AOC1w-xXy1l7CaZ-UdYmjLxAjalWY6N3,,,,,,,,,,,,,,,,,,,,pendiente,,
EFDA-F-S126-0001,S126,1,C120a149,,,C120a149-S126-0001.jpg,1KvoqdO0NOTpclNAsdLAcpfz19wxU7Ts6,,,,,,,,,,,,,,,,,,,,,,pendiente,,
EFDA-F-S126-0002,S126,2,C120a149,,,C120a149-S126-0002.jpg,1lFn3WTd854QurrHFvKzCR9nJ5aTWcgyH,,,,,,,,,,,,,,,,,,,,,,pendiente,,
EFDA-F-S126-0003,S126,3,C120a149,,,C120a149-S126-0003.jpg,198ZshFx-M5UvJNm9jQQbxa8bYV1Pa0Q5,,,,,,,,,,,,,,,,,,,,,,pendiente,,
EFDA-F-S126-0004,S126,4,C120a149,,,C120a149-S126-0004.jpg,1hgKMcp1t7cqjcbVimuBp0uNRtAJa32IM,,,,,,,,,,,,,,,,,,,,,,pendiente,,
EFDA-F-S126-0005,S126,5,C120a149,,,C120a149-S126-0005.jpg,1zI4vh7NMuFSmfDl8nmXAKTPzpzptYx7e,,,,,,,,,,,,,,,,,,,,,,pendiente,,
EFDA-F-S126-0006,S126,6,C120a149,,,C120a149-S126-0006.jpg,1MallvBcYKWaPmNnlNhRm071WyAKiq3a1,,,,,,,,,,,,,,,,,,,,,,pendiente,,
EFDA-F-S126-0007,S126,7,C120a149,,,C120a149-S126-0007.jpg,161v-xG-ssVM3hYhzIJQYDA1_z1TM8lCe,,,,,,,,,,,,,,,,,,,,,,pendiente,,
EFDA-F-S126-0008,S126,8,C120a149,,,C120a149-S126-0008.jpg,1aMTmkUQfPY2hqoPV3u8hfCami5JS2fqj,,,,,,,,,,,,,,,,,,,,,,pendiente,,
EFDA-F-S126-0009,S126,9,C120a149,,,C120a149-S126-0009.jpg,1jkL9WeTiQ0firw2QHkKcY6qF-91fLaKN,,,,,,,,,,,,,,,,,,,,,,pendiente,,
EFDA-F-S126-0010,S126,10,C120a149,,,C120a149-S126-0010.jpg,1Ep57AlAN9J_CteWNFiTALp7AOjj1SFeE,,,,,,,,,,,,,,,,,,,,,,pendiente,,
EFDA-F-S126-0011,S126,11,C120a149,,,C120a149-S126-0011.jpg,1Jc5BOZ_7cKWJqIFjzEnAi_Blki6b4bXO,,,,,,,,,,,,,,,,,,,,,,pendiente,,
EFDA-F-S126-0012,S126,12,C120a149,,,C120a149-S126-0012.jpg,1f0rEGwSjVZI9A1Wc4WSwC5elXnbITfU1,,,,,,,,,,,,,,,,,,,,,,pendiente,,
EFDA-F-S126-0013,S126,13,C120a149,,,C120a149-S126-0013.jpg,1K7IpphtRFltvdmR5ByZ-sfzFqP_tAHrk,,,,,,,,,,,,,,,,,,,,,,pendiente,,
EFDA-F-S126-0014,S126,14,C120a149,,,C120a149-S126-0014.jpg,16AuzDlYngHd-kl0WOfYKgxpVUHu_YVH8,,,,,,,,,,,,,,,,,,,,,,pendiente,,
EFDA-F-S126-0015,S126,15,C120a149,,,C120a149-S126-0015.jpg,1wAn7hdg4MTZEBHTCDvo0RsJLUWpYSyUg,C120a149-S126-0015r.jpg,1kDLcVJiBZraJAc9KVv5_9FbOnRBhRvc9,,,,,,,,,,,,,,,,,,,,pendiente,,
EFDA-F-S126-0016,S126,16,C120a149,,,C120a149-S126-0016.jpg,1ap9EiANgZ4ND6TZIFGjgXPxhmVlQiSPO,,,,,,,,,,,,,,,,,,,,,,pendiente,,
EFDA-F-S126-0017,S126,17,C120a149,,,C120a149-S126-0017.jpg,1Gn_1HakerxzagoHH597xHPbaemKj49cY,C120a149-S126-0017r.jpg,1QSXK8sE-pEOVSZgxmgSpVcwhO9_L5SIg,,,,,,,,,,,,,,,,,,,,pendiente,,
EFDA-F-S127-0001,S127,1,C120a149,,,C120a149-S127-0001.jpg,1VYbOmYSlHaBFvIUjQCic4qop6B-Gt3l_,,,,,,,,,,,,,,,,,,,,,,pendiente,,
EFDA-F-S127-0002,S127,2,C120a149,,,C120a149-S127-0002.jpg,1dsDW5DTpkf-slUFZ2UYHlFswCPx7QgRY,C120a149-S127-0002r.jpg,1cVOP549jneYSHQItivL-hQnm0BpbQZV7,,,,,,,,,,,,,,,,,,,,pendiente,,
EFDA-F-S127-0003,S127,3,C120a149,,,C120a149-S127-0003.jpg,1jMugVPiED4Zmrddeh8mGIAWsK5R1hB6Y,C120a149-S127-0003r.jpg,1Y3PkCeWIbVC3YmUtcF70jfqA34LU3j4M,,,,,,,,,,,,,,,,,,,,pendiente,,
EFDA-F-S127-0004,S127,4,C120a149,,,C120a149-S127-0004.jpg,1mZu_pG7ASKHy_XRSZFUsAFTaEJBrDia_,C120a149-S127-0004r.jpg,1u8KrAcs-CHU0cwvzMZrcTT5DbMmbwsTq,,,,,,,,,,,,,,,,,,,,pendiente,,
EFDA-F-S127-0005,S127,5,C120a149,,,C120a149-S127-0005.jpg,14IZgJvVuYDomdn6BPj0rX0kZYBpq62Mm,C120a149-S127-0005r.jpg,1wE0_lzuHnktQCGMsMQmg62sQt1UE9aWF,,,,,,,,,,,,,,,,,,,,pendiente,,
EFDA-F-S128-0001,S128,1,C120a149,,,C120a149-S128-0001.jpg,1RBlYqryi9KG5YqTwayJN8bmxOn7LYqGH,,,,,,,,,,,,,,,,,,,,,,pendiente,,
EFDA-F-S128-0002,S128,2,C120a149,,,C120a149-S128-0002.jpg,1rFekVl-B3PFi3gwoTnQS5IlMc5TuZDtE,,,,,,,,,,,,,,,,,,,,,,pendiente,,
EFDA-F-S128-0003,S128,3,C120a149,,,C120a149-S128-0003.jpg,1vcVz2obEKZJ-jRZNSHTRw01GVSCUqBYC,,,,,,,,,,,,,,,,,,,,,,pendiente,,
EFDA-F-S128-0004,S128,4,C120a149,,,C120a149-S128-0004.jpg,13b6Ninkf7iLbP842RlPx7_dZXU79wNXR,,,,,,,,,,,,,,,,,,,,,,pendiente,,
EFDA-F-S128-0005,S128,5,C120a149,,,C120a149-S128-0005.jpg,11LDFR-MT6vux76tEtQ91bujy1NUCqHjb,,,,,,,,,,,,,,,,,,,,,,pendiente,,
EFDA-F-S128-0006,S128,6,C120a149,,,C120a149-S128-0006.jpg,1Tqbx0fnzyCZPoqg-nvsJjMx22cUhRkq5,,,,,,,,,,,,,,,,,,,,,,pendiente,,
EFDA-F-S129-0001,S129,1,C120a149,,,C120a149-S129-0001.jpg,1SiYGbhOgJLGmSONmiigK_OhQJpmIQcMU,,,,,,,,,,,,,,,,,,,,,,pendiente,,
EFDA-F-S129-0002,S129,2,C120a149,,,C120a149-S129-0002.jpg,1QFKEYknCEL1cEZZtOOENpMBo029vc5gH,,,,,,,,,,,,,,,,,,,,,,pendiente,,
EFDA-F-S129-0003,S129,3,C120a149,,,C120a149-S129-0003.jpg,1I8WpqhBAaxiH-ZzzYt0hZ5XnR2HlL2JX,C120a149-S129-0003r.jpg,1IcV_mZiW7x4K2vNPp2ECWqgvjoO6lq2-,,,,,,,,,,,,,,,,,,,,pendiente,,
EFDA-F-S130-0001,S130,1,C120a149,,,C120a149-S130-0001.jpg,1R2KV6qVPYS4D-O76gZjnGxiejM4SC9OQ,,,,,,,,,,,,,,,,,,,,,,pendiente,,
EFDA-F-S130-0002,S130,2,C120a149,,,C120a149-S130-0002.jpg,1ayFwrHFDyprttowAfyXUIAez9CIvCesx,C120a149-S130-0002r.jpg,1iXIoZ9XGMXhfoss5pN6J5xcQHtx28MCi,,,,,,,,,,,,,,,,,,,,pendiente,,
EFDA-F-S131-0001,S131,1,C120a149,,,C120a149-S131-0001.jpg,1fwWOncr15ns8IN2_vi55MswZWOAGU0Lz,C120a149-S131-0001r.jpg,1v_S8lXJx7l5SNcOv7f7KDWe-aFvG2-xe,,,,,,,,,,,,,,,,,,,,pendiente,,
EFDA-F-S131-0002,S131,2,C120a149,,,C120a149-S131-0002.jpg,1r-aj7NmDmaZ5smKXbet67FljVKmhWABH,C120a149-S131-0002r.jpg,1WmiUd617YFqcPUWatdfMNhB-vF2ZGPal,,,,,,,,,,,,,,,,,,,,pendiente,,
EFDA-F-S132-0001,S132,1,C120a149,,,C120a149-S132-0001.jpg,15-4yqIxxSjpJ36i6JZpCY3MiOzdkGpEw,,,,,,,,,,,,,,,,,,,,,,pendiente,,
EFDA-F-S132-0002,S132,2,C120a149,,,C120a149-S132-0002.jpg,1UguHwBHShEFyWnWVYy7Xao42HfkClw68,C120a149-S132-0002r.jpg,1OTUFik4PiEmrIpsf5zvXs8LKMKhYqHH3,,,,,,,,,,,,,,,,,,,,pendiente,,
EFDA-F-S133-0001,S133,1,C120a149,,,C120a149-S133-0001.jpg,1uDuMSOHmmjRaFNsUKsg2JLtPGmLenhst,,,,,,,,,,,,,,,,,,,,,,pendiente,,
EFDA-F-S133-0002,S133,2,C120a149,,,C120a149-S133-0002.jpg,1HH94B6E3Cud7yqiAAq_ubg7bJooGBT3o,C120a149-S133-0002r.jpg,158ia6ALQy9f_9U6XU5x-OGPQA_YwtW1F,,,,,,,,,,,,,,,,,,,,pendiente,,
EFDA-F-S134-0001,S134,1,C120a149,,,C120a149-S134-0001.jpg,1IZ7JkJhEQCeY91iHd6DzOjDg7inSrInn,,,,,,,,,,,,,,,,,,,,,,pendiente,,
EFDA-F-S134-0002,S134,2,C120a149,,,C120a149-S134-0002.jpg,13Y6lRX79ORxxKBebP_5_5UXVcn0_Yob5,,,,,,,,,,,,,,,,,,,,,,pendiente,,
EFDA-F-S134-0003,S134,3,C120a149,,,C120a149-S134-0003.jpg,1rL9oBEMOREjQEGAp15ceGCvskSlfvLqT,,,,,,,,,,,,,,,,,,,,,,pendiente,,
EFDA-F-S134-0004,S134,4,C120a149,,,C120a149-S134-0004.jpg,1EqrAScDVU9BXLHZvWCmWv0wg7sFd7K2R,,,,,,,,,,,,,,,,,,,,,,pendiente,,
EFDA-F-S134-0005,S134,5,C120a149,,,C120a149-S134-0005.jpg,1tmiRL35GdV23QGAAWZ1rAtg3Ay0N3iqp,,,,,,,,,,,,,,,,,,,,,,pendiente,,
EFDA-F-S134-0006,S134,6,C120a149,,,C120a149-S134-0006.jpg,1eLMWeoExUjtZJPPjE-D1KEy7-1Rwtx4z,,,,,,,,,,,,,,,,,,,,,,pendiente,,
EFDA-F-S134-0007,S134,7,C120a149,,,C120a149-S134-0007.jpg,17n9i4aM96fsprn3IB0q0M1xIhq9unw9d,,,,,,,,,,,,,,,,,,,,,,pendiente,,
EFDA-F-S134-0008,S134,8,C120a149,,,C120a149-S134-0008.jpg,1o3Iog5KimzDxcG2O1aOKKKSahsA5K59w,,,,,,,,,,,,,,,,,,,,,,pendiente,,
EFDA-F-S134-0009,S134,9,C120a149,,,C120a149-S134-0009.jpg,1HCxZZ7fItaMTmI9m6G7pD8Y-gvI2C7Lo,,,,,,,,,,,,,,,,,,,,,,pendiente,,
EFDA-F-S134-0010,S134,10,C120a149,,,C120a149-S134-0010.jpg,1xfXExDGspE5nrM0XfXKjF4pbWpvo3CiU,,,,,,,,,,,,,,,,,,,,,,pendiente,,
EFDA-F-S134-0011,S134,11,C120a149,,,C120a149-S134-0011.jpg,1BNfKf7rpGSrX5uj5q6JYqlLpDLX5SQO9,,,,,,,,,,,,,,,,,,,,,,pendiente,,
EFDA-F-S135-0001,S135,1,C120a149,,,C120a149-S135-0001.jpg,1eFger9c-ibwbMFso-z-UmJjhppQBf38N,,,,,,,,,,,,,,,,,,,,,,pendiente,,
EFDA-F-S135-0002,S135,2,C120a149,,,C120a149-S135-0002.jpg,1UrPQptnGvku9pvFdt8e8ZAehsFa9seK_,,,,,,,,,,,,,,,,,,,,,,pendiente,,
EFDA-F-S135-0003,S135,3,C120a149,,,C120a149-S135-0003.jpg,187mVo5B8Trhz_Fv864OPUT0K1byT9vgR,,,,,,,,,,,,,,,,,,,,,,pendiente,,
EFDA-F-S135-0004,S135,4,C120a149,,,C120a149-S135-0004.jpg,1d7g8Scolzgg2Yls7DPcRLgqOFbmGe0QW,,,,,,,,,,,,,,,,,,,,,,pendiente,,
EFDA-F-S135-0005,S135,5,C120a149,,,C120a149-S135-0005.jpg,10huWexaYVdhgobmVe3oqHvrgDuYDc2eo,,,,,,,,,,,,,,,,,,,,,,pendiente,,
EFDA-F-S135-0006,S135,6,C120a149,,,C120a149-S135-0006.jpg,1GGVLJ-HWaBIw-Fcgo8wK1WUHbBBROeDA,,,,,,,,,,,,,,,,,,,,,,pendiente,,
EFDA-F-S135-0007,S135,7,C120a149,,,C120a149-S135-0007.jpg,1PuyngIfz9oS5XeITlYQkDvChRQ6qowfN,,,,,,,,,,,,,,,,,,,,,,pendiente,,
EFDA-F-S135-0008,S135,8,C120a149,,,C120a149-S135-0008.jpg,1vTDvHrgsjPMS_4gWyEKQLYhgT2yUqlQy,,,,,,,,,,,,,,,,,,,,,,pendiente,,
EFDA-F-S135-0009,S135,9,C120a149,,,C120a149-S135-0009.jpg,17-EMXxx4LUihAlwg37Kt1zcYmEztTRWY,,,,,,,,,,,,,,,,,,,,,,pendiente,,
EFDA-F-S136-0001,S136,1,C120a149,,,C120a149-S136-0001.jpg,1O-WdQZvzxrztVE06zTqP2H-_lr9-1hRl,,,,,,,,,,,,,,,,,,,,,,pendiente,,
EFDA-F-S136-0002,S136,2,C120a149,,,C120a149-S136-0002.jpg,1U49G-UvlQQwtWdOqPI03qPzIsuzGezMV,,,,,,,,,,,,,,,,,,,,,,pendiente,,
EFDA-F-S136-0003,S136,3,C120a149,,,C120a149-S136-0003.jpg,1XuEzS2nuYFHDw_-513JIh933BI4OWPpw,,,,,,,,,,,,,,,,,,,,,,pendiente,,
EFDA-F-S136-0004,S136,4,C120a149,,,C120a149-S136-0004.jpg,1FytGBM76QoGbFGVCGg0Gz645mAqZ_KbY,,,,,,,,,,,,,,,,,,,,,,pendiente,,
EFDA-F-S136-0005,S136,5,C120a149,,,C120a149-S136-0005.jpg,1eoCc8OfNiPYKteIJBf9FADA2Yr5Jrw-Y,C120a149-S136-0005r.jpg,1BDyGPjjAJ1jVfZcy1ordrPH9sSnMnKw2,,,,,,,,,,,,,,,,,,,,pendiente,,
EFDA-F-S136-0006,S136,6,C120a149,,,C120a149-S136-0006.jpg,14JmZVed5UBT5T_aXU8SBKme65WX43pGX,,,,,,,,,,,,,,,,,,,,,,pendiente,,
EFDA-F-S136-0007,S136,7,C120a149,,,C120a149-S136-0007.jpg,1DdLfdEiT-fp0rVl_Nqn4CpyFsrEY8nC6,,,,,,,,,,,,,,,,,,,,,,pendiente,,
EFDA-F-S137-0001,S137,1,C120a149,,,C120a149-S137-0001.jpg,1OGwN03tfcpl8qQaPfpeVBI_1zX_Q417b,,,,,,,,,,,,,,,,,,,,,,pendiente,,
EFDA-F-S137-0002,S137,2,C120a149,,,C120a149-S137-0002.jpg,1LpuW0-MD2hqDBpbXvla90PE7XqItZtv-,,,,,,,,,,,,,,,,,,,,,,pendiente,,
EFDA-F-S138-0001,S138,1,C120a149,,,C120a149-S138-0001.jpg,1bFtUmqmBwbFja2IG1OWI3zgwt56RciQs,,,,,,,,,,,,,,,,,,,,,,pendiente,,
EFDA-F-S138-0002,S138,2,C120a149,,,C120a149-S138-0002.jpg,1ii3smGcFMrGPpFhhNXcFBrBajT6wCBeB,,,,,,,,,,,,,,,,,,,,,,pendiente,,
EFDA-F-S139-0001,S139,1,C120a149,,,C120a149-S139-0001.jpg,1Xmlb9PXQg0eetv8_O81TKX0qKxqFKYpo,,,,,,,,,,,,,,,,,,,,,,pendiente,,
EFDA-F-S139-0002,S139,2,C120a149,,,C120a149-S139-0002.jpg,1-UaulouY-tEx9fUq8jib88gre-116Lru,C120a149-S139-0002r.jpg,1iNzjhtpvOHbkbyBkSxXBEymVGnC15ItD,,,,,,,,,,,,,,,,,,,,pendiente,,
EFDA-F-S140-0001,S140,1,C120a149,,,C120a149-S140-0001.jpg,1bwHIt9AGYTP6nXmhyyEBa7pT6SA_rQ0E,,,,,,,,,,,,,,,,,,,,,,pendiente,,
EFDA-F-S140-0002,S140,2,C120a149,,,C120a149-S140-0002.jpg,1wsFkPBo_FAPzOUH87mPZlwBN4l067JOx,,,,,,,,,,,,,,,,,,,,,,pendiente,,
EFDA-F-S141-0001,S141,1,C120a149,,,C120a149-S141-0001.jpg,1wtdVPRq2gPr6I_8puYGJn1UjFD2FyfXP,,,,,,,,,,,,,,,,,,,,,,pendiente,,
EFDA-F-S141-0002,S141,2,C120a149,,,C120a149-S141-0002.jpg,1-IHBx4KzT32VS2dYPy6LulLVHSDPfUpM,C120a149-S141-0002r.jpg,1-yqqHTDVeEl4D2yJnLSKIHq7npeDW7Y9,,,,,,,,,,,,,,,,,,,,pendiente,,
EFDA-F-S141b-0001,S141b,1,C120a149,,,C120a149-S141b-0001.jpg,1cgR3NFgKuLgkBrHb5Y1y9G52Ts2qfOYn,,,,,,,,,,,,,,,,,,,,,,pendiente,,
EFDA-F-S141b-0002,S141b,2,C120a149,,,C120a149-S141b-0002.jpg,1-LB0L21SJ3Lh14UBYNKQSopsEBHJkX4Q,,,,,,,,,,,,,,,,,,,,,,pendiente,,
EFDA-F-S142-0001,S142,1,C120a149,,,C120a149-S142-0001.jpg,1XiIdFMONX0YWj76WcvKEiKWJvEE2ZOOq,,,,,,,,,,,,,,,,,,,,,,pendiente,,
EFDA-F-S142-0002,S142,2,C120a149,,,C120a149-S142-0002.jpg,112fZpAbndi1TYS7yVgbitIMGjULg-jbU,,,,,,,,,,,,,,,,,,,,,,pendiente,,
EFDA-F-S142-0003,S142,3,C120a149,,,C120a149-S142-0003.jpg,1GK604Ops9bM6l_DbXDYQkefMu8lD4Gk9,,,,,,,,,,,,,,,,,,,,,,pendiente,,
EFDA-F-S142-0004,S142,4,C120a149,,,C120a149-S142-0004.jpg,1_Vox4eizhF8BJ1ruEDmLEVg2YYnm95id,,,,,,,,,,,,,,,,,,,,,,pendiente,,
EFDA-F-S142-0005,S142,5,C120a149,,,C120a149-S142-0005.jpg,1IJXmtJOYjJDW0UyhTiY2WIvUGKBUU0Ww,,,,,,,,,,,,,,,,,,,,,,pendiente,,
EFDA-F-S143-0001,S143,1,C120a149,,,C120a149-S143-0001.jpg,1GIYkERRuAGovm0blZ0ZICxg3kVyE15ky,,,,,,,,,,,,,,,,,,,,,,pendiente,,
EFDA-F-S143-0002,S143,2,C120a149,,,C120a149-S143-0002.jpg,1U897utJxfmmo645NrtgLwZHc6874FUk3,C120a149-S143-0002r.jpg,1mw3iJuexWfg8IULfQexJ0muaHm8FUOph,,,,,,,,,,,,,,,,,,,,pendiente,,
EFDA-F-S143-0003,S143,3,C120a149,,,C120a149-S143-0003.jpg,1GmceUHMc_T3hdQ9Zg7nWSX23Yn4TTA2M,C120a149-S143-0003r.jpg,1GO0DTkBE4NyxOw-An4WbQuCcyylGLfVy,,,,,,,,,,,,,,,,,,,,pendiente,,
EFDA-F-S144-0001,S144,1,C120a149,,,C120a149-S144-0001.jpg,1GIaW11z3DGBy8yGvOSniUXxVo8XjgIJQ,,,,,,,,,,,,,,,,,,,,,,pendiente,,
EFDA-F-S144-0002,S144,2,C120a149,,,C120a149-S144-0002.jpg,1_PmJ8AjuXYezbs_yrzBgQj8Y1IrAXG-E,,,,,,,,,,,,,,,,,,,,,,pendiente,,
EFDA-F-S144-0003,S144,3,C120a149,,,C120a149-S144-0003.jpg,1_C7KfaI_pXTz5J4tGHhsOf6E6O94Qn12,,,,,,,,,,,,,,,,,,,,,,pendiente,,
EFDA-F-S145-0001,S145,1,C120a149,,,C120a149-S145-0001.jpg,1OKm6izprCE6a7YW_dmFCQdSjBt4wLLuQ,,,,,,,,,,,,,,,,,,,,,,pendiente,,
EFDA-F-S145-0002,S145,2,C120a149,,,C120a149-S145-0002.jpg,1Km1ocCqoRQLPakNPUz6_uPs0geXEq48G,,,,,,,,,,,,,,,,,,,,,,pendiente,,
EFDA-F-S145-0003,S145,3,C120a149,,,C120a149-S145-0003.jpg,17yt9vegFZHcxxK3LAepyAnRZBmEHdFFn,,,,,,,,,,,,,,,,,,,,,,pendiente,,
EFDA-F-S145-0004,S145,4,C120a149,,,C120a149-S145-0004.jpg,1R_LdwmCwgANr0B963couTekPKC4t62je,,,,,,,,,,,,,,,,,,,,,,pendiente,,
EFDA-F-S145-0005,S145,5,C120a149,,,C120a149-S145-0005.jpg,1GM2MhvQYzB6Ab_zoGCPjDLGsJg12SSBI,,,,,,,,,,,,,,,,,,,,,,pendiente,,
EFDA-F-S145-0006,S145,6,C120a149,,,C120a149-S145-0006.jpg,1F0smzl2ya3EDgUZRgf4_vuasdaEFvQPr,,,,,,,,,,,,,,,,,,,,,,pendiente,,duplicado en Drive: C120a149-S145-0006(1).jpg
EFDA-F-S145-0007,S145,7,C120a149,,,C120a149-S145-0007.jpg,1Kj6GiRm_EaoO9SLUqdGKbak7uCqy94X-,,,,,,,,,,,,,,,,,,,,,,pendiente,,
EFDA-F-S145-0008,S145,8,C120a149,,,C120a149-S145-0008.jpg,1w_iqGvhRwiNWAKu9jBuDFzilnGvif1A_,,,,,,,,,,,,,,,,,,,,,,pendiente,,
EFDA-F-S145-0009,S145,9,C120a149,,,C120a149-S145-0009.jpg,1Dcy9XvV5qVYTsd0jd38p4aE8mo56Np0l,,,,,,,,,,,,,,,,,,,,,,pendiente,,
EFDA-F-S146-0001,S146,1,C120a149,,,C120a149-S146-0001.jpg,1u8HV9ePZ0YJW2cf90xiOJN8dekagP8Pk,,,,,,,,,,,,,,,,,,,,,,pendiente,,
EFDA-F-S146-0002,S146,2,C120a149,,,C120a149-S146-0002.jpg,1kBxMClrnC44Ax770VvhtoEELUNCQZoOc,,,,,,,,,,,,,,,,,,,,,,pendiente,,
EFDA-F-S146-0003,S146,3,C120a149,,,C120a149-S146-0003.jpg,1SlN-05T5oP__szLyX3FEgmytuBFqpPa6,C120a149-S146-0003r.jpg,1hN_-RIak-pkrtFY80stWiCaTb8mqj98F,,,,,,,,,,,,,,,,,,,,pendiente,,
EFDA-F-S146-0004,S146,4,C120a149,,,C120a149-S146-0004.jpg,1ZMM2k7eHStEim0I0pW59kdeQYv3bHljf,C120a149-S146-0004r.jpg,10n_1izok9l2qt8rW--l4KWhbGBxixa7P,,,,,,,,,,,,,,,,,,,,pendiente,,
EFDA-F-S146-0005,S146,5,C120a149,,,C120a149-S146-0005.jpg,1tmo9VQVwbr76eIu1z-a4PfBNMTS3vF7Z,C120a149-S146-0005r.jpg,1tTA1ogvul1QxRy8FZJYbJ_utG3WPgjvA,,,,,,,,,,,,,,,,,,,,pendiente,,
EFDA-F-S147-0001,S147,1,C120a149,,,C120a149-S147-0001.jpg,1EnE9HKdrN2g7og-I9rEg0xLC_5o1xgyW,,,,,,,,,,,,,,,,,,,,,,pendiente,,
EFDA-F-S147-0002,S147,2,C120a149,,,C120a149-S147-0002.jpg,1eDjZtxLJE00NvOaSlOhYZWw1iy-qHQYz,,,,,,,,,,,,,,,,,,,,,,pendiente,,
EFDA-F-S148-0001,S148,1,C120a149,,,C120a149-S148-0001.jpg,1EfHc00BaGkjGv4Cr3bsWybYzRhTm3a3H,,,,,,,,,,,,,,,,,,,,,,pendiente,,
EFDA-F-S148-0002,S148,2,C120a149,,,C120a149-S148-0002.jpg,1Mi8beOkOeFuYvfMYXSngZH93olWKysMS,,,,,,,,,,,,,,,,,,,,,,pendiente,,
EFDA-F-S148-0003,S148,3,C120a149,,,C120a149-S148-0003.jpg,1bPXIu5AXJHZGHKRoXjzosytwlGIu3nA6,,,,,,,,,,,,,,,,,,,,,,pendiente,,
EFDA-F-S148-0004,S148,4,C120a149,,,C120a149-S148-0004.jpg,1cDEn2nDyQWoj6--K6FSkSv4_SS4uB1aA,,,,,,,,,,,,,,,,,,,,,,pendiente,,
EFDA-F-S148-0005,S148,5,C120a149,,,C120a149-S148-0005.jpg,1MkALogfBbr6Y4e-z4Igp1X2LeBMfJaz9,C120a149-S148-0005r.jpg,1OE2zJgTQTc2Tg-y_mf62WjtPfIEfYSRa,,,,,,,,,,,,,,,,,,,,pendiente,,
EFDA-F-S149-0001,S149,1,C120a149,,,C120a149-S149-0001.jpg,1gQBoUFxvJ9GBtBmzDw9B1lY5SKaKkCXg,,,,,,,,,,,,,,,,,,,,,,pendiente,,
EFDA-F-S149-0002,S149,2,C120a149,,,C120a149-S149-0002.jpg,1GSuXpar8eSzd5LrjP8IehkVJRJp52iQy,,,,,,,,,,,,,,,,,,,,,,pendiente,,
EFDA-F-S149-0003,S149,3,C120a149,,,C120a149-S149-0003.jpg,1zmSTdPgHQFD6UKtWi0iBdGA_FzbYY36p,,,,,,,,,,,,,,,,,,,,,,pendiente,,
EFDA-F-S149-0004,S149,4,C120a149,,,C120a149-S149-0004.jpg,1oAAeWIP1_anq4kJIuwFoTh_I2U0v_iHs,,,,,,,,,,,,,,,,,,,,,,pendiente,,
EFDA-F-S149-0005,S149,5,C120a149,,,C120a149-S149-0005.jpg,1AmTobpEFEVm1EbM5GIa52ILcoVi5CKFK,,,,,,,,,,,,,,,,,,,,,,pendiente,,
EFDA-F-S149-0006,S149,6,C120a149,,,C120a149-S149-0006.jpg,1j_qTtQLHzK3GUWYYN9ExfchyzW9OwEgH,,,,,,,,,,,,,,,,,,,,,,pendiente,,
,S056,,C41a60,Oscar Alemán,,Aleman.jpg,1-c-leunCjUBbhVoNpfWV92qNppVKZ_af,,,,,,,,,,,,,,,,,,,,,,pendiente,,nombre de archivo no normalizado: asignar signatura
,S056,,C41a60,Oscar Alemán,,Oscar_Aleman.jpg,1FtC2cxZ2tkyw4x0v5NqvkadDMa5X9o9k,,,,,,,,,,,,,,,,,,,,,,pendiente,,nombre de archivo no normalizado: asignar signatura
,S056,,C41a60,Oscar Alemán,,aleman tocando.jpg,1PGBT1J1fMqEjanLQ-ePIw5ai7uKocqC0,,,,,,,,,,,,,,,,,,,,,,pendiente,,nombre de archivo no normalizado: asignar signatura
,S056,,C41a60,Oscar Alemán,,aleman 1972-3.jpg,1nHw4Y5Yh2YuMn9yFspuxCUumx0lHU_-K,,,,,,,,,,,,,,,,,,,,,,pendiente,,nombre de archivo no normalizado: asignar signatura
