variante,tipo,forma_normalizada,n_llave,origen,confianza
Casamiento Vedinger - Rizzotti,evento,Casamiento Kédinger - Rizzotti,,regla,alta
Charla del Dr. José R. Bergallo,evento,Charla de José R. Bergallo,,regla,alta
Concierto pro nuevo edificio,evento,Concierto pro nuevo edificio,,regla,alta
Conferencia del Dr. Alberto Torres,evento,Conferencia de Alberto Torres,,regla,alta
Construcción del nuevo edificio del Fogón,evento,Construcción del nuevo edificio del Fogón,,regla,alta
Despedida de Hilda Torres Varela,evento,Despedida de Hilda Torres Varela,,regla,alta
Fiesta de gala en el Fogón,evento,Fiesta de gala en el Fogón,,regla,alta
Homenaje a Aldo Boglietti (placa del Club de los 12),evento,Homenaje a Aldo Boglietti (placa del Club de los 12),,regla,alta
Homenaje a Mena,evento,Homenaje a Mena,,regla,alta
Juramento de la llave (Orden de la Llave),evento,Juramento de la llave (Orden de la Llave),,regla,alta
Teatro: Antígona,evento,Representación de «Antígona»,,regla,alta
Teatro: Azouk,evento,Representación de «Azouk»,,regla,alta
Teatro: Azuk,evento,Representación de «Azouk»,,regla,alta
Teatro: Cita en Senlis,evento,Representación de «Cita en Senlis»,,regla,alta
Teatro: El café de Pomona,evento,Representación de «El café de Pomona»,,regla,alta
Teatro: El jugador,evento,Representación de «El jugador»,,regla,alta
"Teatro: El jugador, de Ugo Betti",evento,Representación de «El jugador»,,regla,alta
Teatro: El profesor Taranne,evento,Representación de «El profesor Taranne»,,regla,alta
"Teatro: El profesor Taranne, de Adamov",evento,Representación de «El profesor Taranne»,,regla,alta
"Teatro: El que dice sí, el que dice no",evento,"Representación de «El que dice sí, el que dice no»",,regla,alta
Teatro: El que dice sí y el que dice no,evento,"Representación de «El que dice sí, el que dice no»",,regla,alta
Teatro: El zoo de cristal,evento,Representación de «El zoo de cristal»,,regla,alta
"Teatro: El zoo de cristal, de Tennessee Williams",evento,Representación de «El zoo de cristal»,,regla,alta
Teatro: El zoológico de cristal,evento,Representación de «El zoo de cristal»,,regla,alta
Teatro: Fiebre de heno,evento,Representación de «Fin de semana»,,regla,alta
Teatro: Fin de semana,evento,Representación de «Fin de semana»,,regla,alta
"Teatro: Fin de semana, de Noel Coward",evento,Representación de «Fin de semana»,,regla,alta
Teatro: La gran furia de Felipe Hotz,evento,Representación de «La gran furia de Felipe Hotz»,,regla,alta
Teatro: Liliom,evento,Representación de «Liliom»,,regla,alta
"Teatro: Liliom, de Ferenc Molnár",evento,Representación de «Liliom»,,regla,alta
Teatro: Santiago o la sumisión,evento,Representación de «Santiago o la sumisión»,,regla,alta
"Teatro: Santiago o la sumisión, de Ionesco",evento,Representación de «Santiago o la sumisión»,,regla,alta
Teatro: Un sabor a miel,evento,Representación de «Un sabor a miel»,,regla,alta
Teatro: La libra de carne,evento,Representación de «Una libra de carne»,,regla,alta
Teatro: Una libra de carne,evento,Representación de «Una libra de carne»,,regla,alta
"Teatro: Una libra de carne, de Agustín Cuzzani",evento,Representación de «Una libra de carne»,,regla,alta
Teatro: obra de Chéjov,evento,Representación de una obra de Chéjov,,regla,alta
Teatro: obra de Hochwälder,evento,Representación de una obra de Hochwälder,,regla,alta
Teatro leído – Obra de Rattigan,evento,Teatro leído: una obra de Rattigan,,regla,alta
Visita ARTURO BAREA y ALDO BOGLIETTI A LA CIUDAD DE CORDOBA,evento,Visita de Arturo Barea a Córdoba (LV3 Radio Córdoba),,regla,alta
Visita de Arturo Barea a Córdoba (LV3 Radio Córdoba),evento,Visita de Arturo Barea a Córdoba (LV3 Radio Córdoba),,regla,alta
Visita de Arturo Barea y Aldo Boglietti a la ciudad de Córdoba,evento,Visita de Arturo Barea a Córdoba (LV3 Radio Córdoba),,regla,alta
Visita del conjunto Fray Mocho,evento,Visita del conjunto Fray Mocho,,regla,alta
Álvarez,fotografo,Alvarez,,regla,alta
Alvarez (Mundo Agrario),fotografo,Alvarez,,regla,alta
Foto Alvarez,fotografo,Alvarez,,regla,alta
BBC,fotografo,BBC (Servicio Latinoamericano),,regla,alta
BBC Copyright Photograph,fotografo,BBC (Servicio Latinoamericano),,regla,alta
Boschetti,fotografo,Boschetti,,regla,alta
Estudio Boschetti,fotografo,Boschetti,,regla,alta
Foto Boschetti,fotografo,Boschetti,,regla,alta
Foto Boschetti (Resistencia),fotografo,Boschetti,,regla,alta
Pablo Boschetti,fotografo,Boschetti,,regla,alta
Pablo Luis Boschetti,fotografo,Boschetti,,regla,alta
Foto Grete Stern,fotografo,Grete Stern,231,equipo,alta
G. Stern,fotografo,Grete Stern,231,equipo,alta
Grete Stern,fotografo,Grete Stern,231,equipo,alta
Arturo Armando Lescano,fotografo,Lescano,,regla,alta
Lescano,fotografo,Lescano,,regla,alta
Nigris,fotografo,Nigris Hnos.,,regla,alta
Nigris Hnos. (Rosario),fotografo,Nigris Hnos.,,regla,alta
Nigris Hs.,fotografo,Nigris Hnos.,,regla,alta
fotógrafo Paquiri,fotografo,Paquiri,,regla,alta
Paquiri,fotografo,Paquiri,,regla,alta
"Paquiri; Fotor, Organización Fotográfica (Resistencia)",fotografo,Paquiri,,regla,alta
Laboratorios Pissano,fotografo,Pissano,,regla,alta
Pissano,fotografo,Pissano,,regla,alta
Sello: PISSANO,fotografo,Pissano,,regla,alta
Portillo,fotografo,Portillo,,regla,alta
Portillo (Madrid),fotografo,Portillo,,regla,alta
A.C.A. (Automóvil Club Argentino),institucion,A.C.A. (Automóvil Club Argentino),,recortes,media
Academia Argentina de Artes,institucion,Academia Argentina de Artes,,recortes,media
Academia de Bellas Artes,institucion,Academia de Bellas Artes,,recortes,media
Academia Nacional Francesa,institucion,Academia Nacional Francesa,,recortes,media
Aerolíneas Argentinas,institucion,Aerolíneas Argentinas,,equipo,alta
Aerolíneas Argentinas 17,institucion,Aerolíneas Argentinas,,equipo,alta
ALIANZA FRANCESA,institucion,Alianza Francesa,,equipo,media
Alianza Francesa de Resistencia,institucion,Alianza Francesa de Resistencia,,recortes,media
Alliance Française,institucion,Alianza Francesa de Resistencia,,notebook,baja
Altiplano 5,institucion,Altiplano 5,,recortes,media
Amigos de El Fogón,institucion,Amigos de El Fogón,,recortes,media
ASOCIACION CHAQUEÑA DE AFICIONADOS A LA ASTRONOMIA,institucion,ASOCIACION CHAQUEÑA DE AFICIONADOS A LA ASTRONOMIA,,recortes,media
Asociación Coral Polifónica,institucion,Asociación Coral Polifónica de Resistencia,,notebook,baja
Asociación Coral Polifónica de Resistencia,institucion,Asociación Coral Polifónica de Resistencia,,recortes,media
Ateneo de Resistencia,institucion,Ateneo del Chaco,,notebook,baja
Ateneo del Chaco,institucion,Ateneo del Chaco,,recortes,media
El Ateneo,institucion,Ateneo del Chaco,,notebook,baja
A.C.A.,institucion,Automóvil Club Argentino,,regla,alta
Automóvil Club Argentino,institucion,Automóvil Club Argentino,,regla,alta
Ballet oficial de la Provincia,institucion,Ballet oficial de la Provincia,,recortes,media
Banco del Chaco,institucion,Banco del Chaco,,recortes,media
BARTOLOMÉ CHIESINO S.A.,institucion,Bartolomé Chiesino S.a,,equipo,media
BBC,institucion,BBC,,regla,alta
BBC LATIN,institucion,BBC,,regla,alta
BBC Latin-American Service,institucion,BBC,,regla,alta
Biblioteca Herrera,institucion,Biblioteca Herrera,,recortes,media
Caja Ahorro,institucion,Caja de Ahorro,,regla,alta
Caja de Ahorro,institucion,Caja de Ahorro,,regla,alta
Casa del Chaco en Buenos Aires,institucion,Casa del Chaco en Buenos Aires,,recortes,media
Casa Gabardini,institucion,Casa Gabardini,,recortes,media
Centro Cultural Leopoldo Marechal,institucion,Centro Cultural Leopoldo Marechal,,recortes,media
Centro de Estudios Históricos Aerocomerciales Argentinos,institucion,Centro de Estudios Históricos Aerocomerciales Argentinos,,recortes,media
CERVECERÍA San Carlos S.A.,institucion,Cervecería San Carlos S.a,,equipo,media
Agencia de Viajes Chacotur,institucion,Chacotur,,regla,alta
Chacotur,institucion,Chacotur,,regla,alta
Chacotur Viajes S.R.L.,institucion,Chacotur,,regla,alta
Cine Arte,institucion,Cine Arte Resistencia,,notebook,baja
Cine Arte Resistencia,institucion,Cine Arte Resistencia,,notebook,baja
Círculo Dante Alighieri,institucion,Círculo Italiano Dante Alighieri,,notebook,baja
Círculo Italiano Dante Alighieri,institucion,Círculo Italiano Dante Alighieri,,recortes,media
Dante Alighieri,institucion,Círculo Italiano Dante Alighieri,,notebook,baja
Círculo Odontológico de Resistencia,institucion,Círculo Odontológico de Resistencia,,recortes,media
Club de Jazz de Resistencia,institucion,Club de Jazz de Resistencia,,recortes,media
Club de Leones,institucion,Club de Leones,,recortes,media
Club de los Doce,institucion,Club de los Doce,,recortes,media
Club del Jazz,institucion,Club del Jazz,,recortes,media
Club Social,institucion,Club Social,,recortes,media
Comisión de Promoción Artística Resistencia (COPROAR),institucion,Comisión de Promoción Artística Resistencia (COPROAR),,notebook,baja
COPROAR,institucion,Comisión de Promoción Artística Resistencia (COPROAR),,notebook,baja
Comisión de visitas y vinculación,institucion,Comisión de visitas y vinculación,,recortes,media
Comisión para la Producción Artística de Resistencia,institucion,Comisión para la Producción Artística de Resistencia,,recortes,media
Comisión Túnel Subfluvial,institucion,Comisión Túnel Subfluvial,,recortes,media
COMPAÑÍA URUGUAYA DE TRANS- NAVEGACIÓN Y PORTE AÉREO S.A.,institucion,Compañía Uruguaya de Trans- Navegación Y Porte Aéreo S.a,,equipo,media
Congreso de Panaderos,institucion,Congreso de Panaderos,,recortes,media
Conjunto Fray Mocho,institucion,Conjunto Fray Mocho,,regla,alta
Fray Mocho,institucion,Conjunto Fray Mocho,,regla,alta
Conjunto Huaca-Kua,institucion,Conjunto Huaca-Kua,,recortes,media
Consejo de Profesionales de Ciencias Económicas,institucion,Consejo de Profesionales de Ciencias Económicas,,recortes,media
Consejo Municipal,institucion,Consejo Municipal,,recortes,media
Coro de la U.T.N,institucion,Coro de la U.T.N,,recortes,media
Coro Polifónico,institucion,Coro Polifónico,,recortes,media
Coro Polifónico de Corrientes,institucion,Coro Polifónico de Corrientes,,recortes,media
Coro Polifónico de Resistencia,institucion,Coro Polifónico de Resistencia,,recortes,media
Creaciones Moguillonsky S.R.L.,institucion,Creaciones Moguillonsky S.r.l,,equipo,media
de cámara,institucion,de cámara,,equipo,media
Diario El Territorio,institucion,Diario El Territorio,,recortes,media
Diario Norte,institucion,Diario Norte,,recortes,media
Dirección Nacional de Estadística,institucion,Dirección Nacional de Estadística,,recortes,media
El Fogón,institucion,El Fogón,,recortes,media
EFDA,institucion,El Fogón de los Arrieros,,regla,alta
El Fogón de los Arrieros,institucion,El Fogón de los Arrieros,,regla,alta
Fogón de los Arrieros,institucion,El Fogón de los Arrieros,,regla,alta
Fundación EFDA,institucion,El Fogón de los Arrieros,,regla,alta
Fundación El Fogón de los Arrieros,institucion,El Fogón de los Arrieros,,regla,alta
Fundación Fogón de los Arrieros,institucion,El Fogón de los Arrieros,,regla,alta
El Orden de la Llave,institucion,El Orden de la Llave,,recortes,media
El teatro del Fogón,institucion,El teatro del Fogón,,recortes,media
Embajada de Francia,institucion,Embajada de Francia,,recortes,media
Ensamble Musical de la Asociación Coral Polifónica de Resistencia,institucion,Ensamble Musical de la Asociación Coral Polifónica de Resistencia,,recortes,media
Escuela 2000,institucion,Escuela 2000,,recortes,media
Escuela de Nivel Secundario Nº 9 (Villa Angela),institucion,Escuela de Nivel Secundario Nº 9 (Villa Angela),,recortes,media
Facultad de Filosofía,institucion,Facultad de Filosofía,,recortes,media
Facultad de Humanidades,institucion,Facultad de Humanidades,,recortes,media
Federación Argentina de Mujeres Universitarias,institucion,Federación Argentina de Mujeres Universitarias,,recortes,media
FOGON,institucion,FOGON,,recortes,media
Fogón de los Arnieros,institucion,Fogón de los Arnieros,,equipo,media
Foto Club de Corrientes,institucion,Foto Club de Corrientes,,recortes,media
Fundación del Fogón de los Arrieros,institucion,Fundación del Fogón de los Arrieros,,recortes,media
Fundación Konex,institucion,Fundación Konex,,recortes,media
Fundación Urunday,institucion,Fundación Urunday,,recortes,media
Urunday,institucion,Fundación Urunday,,notebook,baja
Gente de Teatro,institucion,Gente de Teatro,,recortes,media
Grupo Arte Madí,institucion,Grupo Arte Madí,,notebook,baja
Madí,institucion,Grupo Arte Madí,,notebook,baja
Movimiento MADI,institucion,Grupo Arte Madí,,notebook,baja
"Grupo ""Complot""",institucion,"Grupo ""Complot""",,recortes,media
Grupo de Cámara Kantorei,institucion,Grupo de Cámara Kantorei,,recortes,media
Grupo de Jazz Latino,institucion,Grupo de Jazz Latino,,recortes,media
Grupo de Teatro de la Peña Martín Fierro,institucion,Grupo de Teatro de la Peña Martín Fierro,,recortes,media
Grupo Diálogo,institucion,Grupo Diálogo,,equipo,media
Grupo Gualamba,institucion,Grupo Gualamba,,notebook,baja
Gualamba,institucion,Grupo Gualamba,,notebook,baja
Grupo Khorus,institucion,Grupo Khorus,,recortes,media
"Grupo ""La Barraca"" de Corrientes",institucion,"Grupo ""La Barraca"" de Corrientes",,recortes,media
Grupo Perro Loco,institucion,Grupo Perro Loco,,recortes,media
Grupo Sur,institucion,Grupo Sur,,equipo,media
Grupo Temusdacant,institucion,Grupo Temusdacant,,recortes,media
Grupo Tibi,institucion,Grupo Tibi,,recortes,media
Hostal del Conde de Gondomar,institucion,Hostal del Conde de Gondomar,,equipo,alta
Hostal del Conde de Gondomar. Chon,institucion,Hostal del Conde de Gondomar,,equipo,alta
Instituto Browniano,institucion,Instituto Browniano,,recortes,media
Instituto Browniano (Filial Chaco),institucion,Instituto Browniano (Filial Chaco),,notebook,baja
Instituto Nacional Browniano,institucion,Instituto Browniano (Filial Chaco),,notebook,baja
Instituto de Cinematografía de la Universidad Nacional del Litoral,institucion,Instituto de Cinematografía de la Universidad Nacional del Litoral,,recortes,media
Instituto Provincial de Música,institucion,Instituto Provincial de Música,,recortes,media
Jazz Hot Club,institucion,Jazz Hot Club,,recortes,media
"ELHIDH, John Asociación Rosarina de Cultura Inglesa",institucion,John Asociación Rosarina de Cultura Inglesa Elhidh,,equipo,media
La Forestal,institucion,La Forestal,,recortes,media
Directorio de La Forestal Argentina,institucion,La Forestal Argentina,,equipo,alta
La Forestal Argentina (directorio),institucion,La Forestal Argentina,,equipo,alta
La Llave 41,institucion,La Llave 41,,equipo,media
Liga Naval Argentina,institucion,Liga Naval Argentina,,recortes,media
"Logia ""Constante Unión N° 23""",institucion,"Logia ""Constante Unión N° 23""",,recortes,media
LT 81 Canal 9,institucion,LT 81 Canal 9,,recortes,media
L.V.3,institucion,LV3 Radio Córdoba,,regla,alta
LV3,institucion,LV3 Radio Córdoba,,regla,alta
LV3 Radio Córdoba,institucion,LV3 Radio Córdoba,,regla,alta
MAS (Movimiento al Socialismo),institucion,MAS (Movimiento al Socialismo),,recortes,media
MINISTERIO DE EDUCACIÓN NACIÓN MUSEO BELLAS ARTES DE LA BOCA,institucion,Ministerio de Educación Nación Museo Bellas Artes de la Boca,,equipo,media
MINISTERIO DE GOBIERNO- DCCIÓN.GRAL.INTERIOR,institucion,Ministerio de Gobierno- Dcción.gral.interior,,equipo,media
Municipalidad,institucion,Municipalidad,,recortes,media
Municipalidad de Resistencia,institucion,Municipalidad de Resistencia,,recortes,media
Museo Augusto Schulz,institucion,Museo Augusto Schulz,,recortes,media
Museo de Artes Visuales (Santa Fe),institucion,Museo de Artes Visuales (Santa Fe),,recortes,media
Museo de Bellas Artes,institucion,Museo de Bellas Artes,,recortes,media
Museo Del Disparate,institucion,Museo Del Disparate,,recortes,media
Museo Municipal de Artes Visuales,institucion,Museo Municipal de Artes Visuales,,recortes,media
Museo Provincial de Bellas Artes,institucion,Museo Provincial de Bellas Artes,,recortes,media
Museo Schulz,institucion,Museo Schulz,,recortes,media
NOETINGER-LEPETIT S.A.,institucion,Noetinger-lepetit S.a,,equipo,media
La Orden de la Llave,institucion,Orden de la Llave,,notebook,baja
Legión de Honor del Fogón,institucion,Orden de la Llave,,notebook,baja
Orden de la LLAVE,institucion,Orden de la LLAVE,,recortes,media
Orquesta Sinfónica Universidad Nacional de Cuyo,institucion,Orquesta Sinfónica Universidad Nacional de Cuyo,,equipo,media
Ottonello Hnos. SRL,institucion,Ottonello Hnos. SRL,,recortes,media
Partido Comunista,institucion,Partido Comunista,,recortes,media
Partido Federal,institucion,Partido Federal,,recortes,media
Partido Justicialista,institucion,Partido Justicialista,,recortes,media
Partido Socialista,institucion,Partido Socialista,,recortes,media
La Peña de los Bagres,institucion,Peña Los Bagres,,notebook,baja
Peña Los Bagres,institucion,Peña Los Bagres,,notebook,baja
Peña Martín Fierro,institucion,Peña Nativa Martín Fierro,,notebook,baja
Peña Nativa Martín Fierro,institucion,Peña Nativa Martín Fierro,,notebook,baja
PHILIPS ARGENTINA S.A,institucion,Philips Argentina S.a,,equipo,media
PI (Partido Intransigente),institucion,PI (Partido Intransigente),,recortes,media
Pinacoteca Banco Chaco,institucion,Pinacoteca Banco Chaco,,equipo,media
Primer Taller Latinoamericano de Música Popular,institucion,Primer Taller Latinoamericano de Música Popular,,equipo,media
Revista ARTco,institucion,Revista ARTco,,recortes,media
Revista Maribel,institucion,Revista Maribel,,recortes,media
"LEDESMA, Rinaldo L. (Municipalidad de Córdoba)",institucion,Rinaldo L. (Municipalidad de Córdoba) Ledesma,,equipo,media
ROTARY CLUB,institucion,ROTARY CLUB,,recortes,media
Rotary Club de Resistencia,institucion,Rotary Club de Resistencia,,notebook,baja
Rotary Club Internacional,institucion,Rotary Club Internacional,,regla,alta
Rotary Club Resistencia,institucion,Rotary Club Resistencia,,recortes,media
Rotary Club Resistencia Oeste,institucion,Rotary Club Resistencia Oeste,,recortes,media
Rotary Rcia,institucion,Rotary Rcia,,recortes,media
S.A.D.E,institucion,S.A.D.E,,recortes,media
Skal Club,institucion,Skal Club,,recortes,media
Skal Club de Resistencia,institucion,Skal Club de Resistencia,,recortes,media
S.A.D.E. Filial Chaco,institucion,Sociedad Argentina de Escritores - Filial Chaco,,notebook,baja
SADE local,institucion,Sociedad Argentina de Escritores - Filial Chaco,,notebook,baja
Sociedad Argentina de Escritores - Filial Chaco,institucion,Sociedad Argentina de Escritores - Filial Chaco,,notebook,baja
Sociedad Central de Arquitectos,institucion,Sociedad Central de Arquitectos,,recortes,media
SOCIEDAD RURAL,institucion,SOCIEDAD RURAL,,recortes,media
Subsecretaría de Cultura de la Nación,institucion,Subsecretaría de Cultura de la Nación,,recortes,media
Subsecretaría de Cultura de la Provincia,institucion,Subsecretaría de Cultura de la Provincia,,recortes,media
Subsecretaría de Estado de Cultura de la Nación,institucion,Subsecretaría de Estado de Cultura de la Nación,,recortes,media
Taller de Arte Regional,institucion,Taller de Artes Visuales de la UNNE,,notebook,baja
Taller de Artes Visuales,institucion,Taller de Artes Visuales de la UNNE,,notebook,baja
Taller de Artes Visuales de la UNNE,institucion,Taller de Artes Visuales de la UNNE,,notebook,baja
"Elenco ""La Pareja""",institucion,"Teatro de Títeres ""La Pareja""",,notebook,baja
"Teatro de Títeres ""La Pareja""",institucion,"Teatro de Títeres ""La Pareja""",,notebook,baja
Titiriteros La Pareja,institucion,"Teatro de Títeres ""La Pareja""",,notebook,baja
TEATRO del Fogón,institucion,TEATRO del Fogón,,recortes,media
Teatro El Globo,institucion,Teatro El Globo,,recortes,media
Elenco Teatral del Fogón,institucion,Teatro Experimental de El Fogón de los Arrieros,,notebook,baja
Teatro Experimental de El Fogón de los Arrieros,institucion,Teatro Experimental de El Fogón de los Arrieros,,notebook,baja
Teatro Titeres de Plazas,institucion,Teatro Titeres de Plazas,,recortes,media
Universidad de Rutgers,institucion,Universidad de Rutgers,,recortes,media
Universidad Nacional de Misiones,institucion,Universidad Nacional de Misiones,,recortes,media
U.N.N.E.,institucion,Universidad Nacional del Nordeste,,regla,alta
Universidad Nacional del Nordeste,institucion,Universidad Nacional del Nordeste,,regla,alta
UNNE,institucion,Universidad Nacional del Nordeste,,regla,alta
Antártida Arg.,lugar,Antártida Argentina,,regla,alta
Antártida Argentina,lugar,Antártida Argentina,,regla,alta
Antártida Argentina (inferido por el sobre),lugar,Antártida Argentina,,regla,alta
Bahía Buen Suceso,lugar,Bahía Buen Suceso (Antártida Argentina),,regla,alta
"Bahía Buen Suceso, Antártida Argentina",lugar,Bahía Buen Suceso (Antártida Argentina),,regla,alta
"Bahía Esperanza, Antártida Argentina",lugar,Bahía Esperanza (Antártida Argentina),,regla,alta
"Base Esperanza, Antártida Argentina",lugar,Base Esperanza (Antártida Argentina),,regla,alta
"Base Esperanza, Tierra de San Martín (Graham), Antártida Argentina",lugar,Base Esperanza (Antártida Argentina),,regla,alta
Bologna,lugar,Bolonia (Italia),,regla,alta
Bolonia (Italia),lugar,Bolonia (Italia),,regla,alta
Bs. Aires,lugar,Ciudad de Buenos Aires,,regla,alta
Buenos Aires,lugar,Ciudad de Buenos Aires,,regla,alta
Capital Federal,lugar,Ciudad de Buenos Aires,,regla,alta
ciudad de Córdoba,lugar,Córdoba (Córdoba),,regla,alta
Córdoba,lugar,Córdoba (Córdoba),,regla,alta
Corrientes,lugar,Corrientes (Corrientes),,regla,alta
en Corrientes,lugar,Corrientes (Corrientes),,regla,alta
edificio del Fogón,lugar,"El Fogón de los Arrieros, Resistencia (Chaco)",,regla,alta
"El Fogón de los Arrieros, Resistencia",lugar,"El Fogón de los Arrieros, Resistencia (Chaco)",,regla,alta
en el Fogón,lugar,"El Fogón de los Arrieros, Resistencia (Chaco)",,regla,alta
en El Fogón de los Arrieros,lugar,"El Fogón de los Arrieros, Resistencia (Chaco)",,regla,alta
"Fogón de los Arrieros, Resistencia",lugar,"El Fogón de los Arrieros, Resistencia (Chaco)",,regla,alta
Interiores y exteriores de El Fogón de los Arrieros,lugar,"El Fogón de los Arrieros, Resistencia (Chaco)",,regla,alta
Interiores y exteriores del Fogón,lugar,"El Fogón de los Arrieros, Resistencia (Chaco)",,regla,alta
jardín delantero del Fogón,lugar,"El Fogón de los Arrieros, Resistencia (Chaco)",,regla,alta
"El Fogón de los Arrieros (sede antigua), Resistencia",lugar,"El ""viejo"" Fogón (1a sede - Brown 188)",,regla,alta
en el viejo Fogón,lugar,"El ""viejo"" Fogón (1a sede - Brown 188)",,regla,alta
en el viejo Fogón de los Arrieros,lugar,"El ""viejo"" Fogón (1a sede - Brown 188)",,regla,alta
Fogón viejo,lugar,"El ""viejo"" Fogón (1a sede - Brown 188)",,regla,alta
Viejo edificio de El Fogón de los Arrieros,lugar,"El ""viejo"" Fogón (1a sede - Brown 188)",,regla,alta
viejo Fogón,lugar,"El ""viejo"" Fogón (1a sede - Brown 188)",,regla,alta
Islas Orcadas,lugar,Islas Orcadas del Sur (Antártida Argentina),,regla,alta
"Islas Orcadas del Sur, Antártida Argentina",lugar,Islas Orcadas del Sur (Antártida Argentina),,regla,alta
Londres,lugar,Londres (Reino Unido),,regla,alta
Madrid,lugar,Madrid (España),,regla,alta
Nerja,lugar,"Nerja (Málaga, España)",,regla,alta
"Nerja (Málaga), España",lugar,"Nerja (Málaga, España)",,regla,alta
"Cementerio del Père-Lachaise, París, Francia",lugar,París (Francia),,regla,alta
París,lugar,París (Francia),,regla,alta
Père Lachaise,lugar,París (Francia),,regla,alta
Pcia. R. Sáenz Peña,lugar,Presidencia Roque Sáenz Peña (Chaco),,regla,alta
Presidencia Roque Sáenz Peña,lugar,Presidencia Roque Sáenz Peña (Chaco),,regla,alta
Sáenz Peña,lugar,Presidencia Roque Sáenz Peña (Chaco),,regla,alta
en Resistencia,lugar,Resistencia (Chaco),,regla,alta
Resistencia,lugar,Resistencia (Chaco),,regla,alta
"Resistencia, Chaco",lugar,Resistencia (Chaco),,regla,alta
Rosario,lugar,Rosario (Santa Fe),,regla,alta
Sierra Nevada,lugar,"Sierra Nevada (Granada, España)",,regla,alta
"Sierra Nevada (Granada), España",lugar,"Sierra Nevada (Granada, España)",,regla,alta
Torre del Mar,lugar,"Torre del Mar (Málaga, España)",,regla,alta
"Torre del Mar, Vélez-Málaga, España",lugar,"Torre del Mar (Málaga, España)",,regla,alta
Tuy,lugar,"Tuy (Pontevedra, España)",,regla,alta
"Tuy (Pontevedra), España",lugar,"Tuy (Pontevedra, España)",,regla,alta
Verona,lugar,Verona (Italia),,regla,alta
Verona (Italia),lugar,Verona (Italia),,regla,alta
Antígona,obra,Antígona,,regla,alta
Azouk,obra,Azouk,,regla,alta
Azuk,obra,Azouk,,regla,alta
Cita en Senlis,obra,Cita en Senlis,,regla,alta
El café de Pomona,obra,El café de Pomona,,regla,alta
El jugador,obra,El jugador,,regla,alta
El profesor Taranne,obra,El profesor Taranne,,regla,alta
"El que dice sí, el que dice no",obra,"El que dice sí, el que dice no",,regla,alta
El que dice sí y el que dice no,obra,"El que dice sí, el que dice no",,regla,alta
El zoo de cristal,obra,El zoo de cristal,,regla,alta
El zoológico de cristal,obra,El zoo de cristal,,regla,alta
Fiebre de heno,obra,Fin de semana,,regla,alta
Fin de semana,obra,Fin de semana,,regla,alta
La gran furia de Felipe Hotz,obra,La gran furia de Felipe Hotz,,regla,alta
Liliom,obra,Liliom,,regla,alta
Santiago o la sumisión,obra,Santiago o la sumisión,,regla,alta
Un sabor a miel,obra,Un sabor a miel,,regla,alta
La libra de carne,obra,Una libra de carne,,regla,alta
Una libra de carne,obra,Una libra de carne,,regla,alta
Aguilar,persona,,,regla,baja
Aguirre,persona,,,regla,baja
Alberti,persona,,,regla,baja
Alfredo,persona,,,regla,baja
Alonso,persona,,,regla,baja
Arcidiácono,persona,,,regla,baja
Atilio,persona,,,regla,baja
Audivert,persona,,,regla,baja
Bacan,persona,,,regla,baja
Badíi,persona,,,regla,baja
Barea,persona,,,regla,baja
Barletta,persona,,,regla,baja
Benavento,persona,,,regla,baja
Berni,persona,,,regla,baja
Berrenechea,persona,,,regla,baja
Bigatti,persona,,,regla,baja
Bonome,persona,,,regla,baja
Borges,persona,,,regla,baja
Bosco,persona,,,regla,baja
Brascó,persona,,,regla,baja
Bronermon,persona,,,regla,baja
Brusau,persona,,,regla,baja
Butler,persona,,,regla,baja
Caletti,persona,,,regla,baja
Capataz,persona,,,regla,baja
Capristo,persona,,,regla,baja
Castagnino,persona,,,regla,baja
Cerrutti,persona,,,regla,baja
Chon,persona,,,regla,baja
Coccatta,persona,,,regla,baja
Coce,persona,,,regla,baja
Cochet,persona,,,regla,baja
Codina,persona,,,regla,baja
Conti,persona,,,regla,baja
Cowper-Coles,persona,,,regla,baja
Cristaldo,persona,,,regla,baja
Cúneo,persona,,,regla,baja
Daniel,persona,,,regla,baja
Delhez,persona,,,regla,baja
Dillon,persona,,,regla,baja
Domínguez,persona,,,regla,baja
Fabriciano,persona,,,regla,baja
Fernando,persona,,,regla,baja
Finkelstein,persona,,,regla,baja
Fontana,persona,,,regla,baja
Forner,persona,,,regla,baja
Forte,persona,,,regla,baja
Fossati,persona,,,regla,baja
Fryda,persona,,,regla,baja
Fux,persona,,,regla,baja
Gaimari,persona,,,regla,baja
Gerstein,persona,,,regla,baja
Giardinelli,persona,,,regla,baja
Govi,persona,,,regla,baja
Grela,persona,,,regla,baja
Grete,persona,,,regla,baja
Guerrieri,persona,,,regla,baja
Guido,persona,,,regla,baja
Guillén,persona,,,regla,baja
Gustin,persona,,,regla,baja
Haedo,persona,,,regla,baja
Iscaro,persona,,,regla,baja
J.v,persona,,,regla,baja
Jaulín,persona,,,regla,baja
Jonquières,persona,,,regla,baja
Josué,persona,,,regla,baja
Juanele,persona,,,regla,baja
Kilit,persona,,,regla,baja
Knopp,persona,,,regla,baja
Koedinger,persona,,,equipo,baja
Kosice,persona,,,regla,baja
Labourdette,persona,,,regla,baja
Lahitte,persona,,,regla,baja
Lanusse,persona,,,regla,baja
Luna,persona,,,regla,baja
Lynch,persona,,,regla,baja
Malcuzinsky,persona,,,regla,baja
Malcuzynsky,persona,,,regla,baja
Marchese,persona,,,regla,baja
Medina,persona,,,regla,baja
Meloni,persona,,,regla,baja
Mermoz,persona,,,regla,baja
Micheluzzi,persona,,,regla,baja
Miranda,persona,,,regla,baja
Moises,persona,,,regla,baja
Molina,persona,,,regla,baja
Monsegur,persona,,,regla,baja
Montoya,persona,,,regla,baja
Monzón,persona,,,regla,baja
Moscatelli,persona,,,regla,baja
Novas,persona,,,regla,baja
Pagés,persona,,,regla,baja
Pelé,persona,,,regla,baja
Peltzer,persona,,,regla,baja
Penchansky,persona,,,regla,baja
Penchausky,persona,,,regla,baja
Peón,persona,,,regla,baja
Perto,persona,,,regla,baja
Petorutti,persona,,,regla,baja
Petraglia,persona,,,regla,baja
Pettoruti,persona,,,regla,baja
Pettorutti,persona,,,regla,baja
Pirusha,persona,,,regla,baja
Polacco,persona,,,regla,baja
Poletti,persona,,,regla,baja
Policho,persona,,,regla,baja
Portnoy,persona,,,regla,baja
Pucciarelli,persona,,,regla,baja
Puyau,persona,,,regla,baja
Quatrocchio,persona,,,regla,baja
Quattrocchio,persona,,,regla,baja
Ramírez,persona,,,regla,baja
Rizzotti,persona,,,regla,baja
Romaño,persona,,,regla,baja
Romero,persona,,,regla,baja
Rosso,persona,,,regla,baja
Sábato,persona,,,regla,baja
Sammy,persona,,,regla,baja
Sarlo,persona,,,regla,baja
Schennone,persona,,,regla,baja
Schenone,persona,,,regla,baja
Schurjin,persona,,,regla,baja
Sebastiani,persona,,,regla,baja
Secretariachurro de Barea,persona,,,equipo,baja
Segovia,persona,,,regla,baja
Seoane,persona,,,regla,baja
Sergi,persona,,,regla,baja
Soldi,persona,,,regla,baja
Souilhé,persona,,,regla,baja
Spilimbergo,persona,,,regla,baja
Stern,persona,,,regla,baja
Susana,persona,,,regla,baja
Tacca,persona,,,regla,baja
Talice,persona,,,regla,baja
Tatalo,persona,,,regla,baja
Tiempo,persona,,,regla,baja
Torres,persona,,,regla,baja
Toto,persona,,,regla,baja
Tuñón,persona,,,regla,baja
Urruchúa,persona,,,regla,baja
Valenzuela,persona,,,regla,baja
Vanzo,persona,,,regla,baja
Veiravé,persona,,,regla,baja
Verbitaez,persona,,,regla,baja
Verbitsky,persona,,,regla,baja
Weimberg,persona,,,regla,baja
Weinberg,persona,,,regla,baja
Yurkievich,persona,,,regla,baja
Zabaleta,persona,,,regla,baja
Zali,persona,,,regla,baja
A CASE,persona,A Case,,equipo,media
Abel FLEURY,persona,Abel Fleury,,recortes,media
Abel Henry,persona,Abel Henry,,regla,media
Abel SANTA CRUZ,persona,Abel Santa Cruz,,recortes,media
Abraham Jarolavky,persona,Abraham Jarolavky,,recortes,media
Abraham Jaroslavsky,persona,Abraham Jaroslavsky,120,equipo,alta
Dr. Abraham JAROSLAVSKY,persona,Abraham Jaroslavsky,120,recortes,media
"Jaroslavsky, Abraham",persona,Abraham Jaroslavsky,120,equipo,alta
Adelquis Camusso,persona,Adelquis Camusso,,recortes,media
Adolfo Angel Petraglia,persona,Adolfo Angel Petraglia,,recortes,media
Adolfo Cristaldo,persona,Adolfo Cristaldo,245,equipo,alta
"Cristaldo, Adolfo",persona,Adolfo Cristaldo,245,equipo,alta
Adolfo Guntoni,persona,Adolfo Guntoni,,regla,media
Adolfo Lanús,persona,Adolfo Lanús,449,equipo,alta
"Lanús, Adolfo",persona,Adolfo Lanús,449,equipo,alta
Adolfo Petraglia,persona,Adolfo Petraglia,35,equipo,alta
"Petraglia, Adolfo",persona,Adolfo Petraglia,35,equipo,alta
Adolfo Yuntoni,persona,Adolfo Yuntoni,224,equipo,alta
"Yuntoni, Adolfo",persona,Adolfo Yuntoni,224,equipo,alta
Adrián Sorrentino,persona,Adrián Sorrentino,,equipo,media
Adriana Garrido,persona,Adriana Garrido,,notebook,baja
Ing. Adriana Garrido,persona,Adriana Garrido,,notebook,baja
Adriana NELDA,persona,Adriana Nelda,,equipo,media
Aeropuerto de Resistencia,persona,Aeropuerto de Resistencia,,recortes,media
Aeropuerto Internacional Resistencia,persona,Aeropuerto Internacional Resistencia,,recortes,media
Agustin Riganelli,persona,Agustin Riganelli,,equipo,media
Aid Herrera,persona,Aid Herrera,,equipo,media
Alba Osácar de Musicante,persona,Alba Osácar de Musicante,313,equipo,alta
"Osácar de Musicante, Alba",persona,Alba Osácar de Musicante,313,equipo,alta
Albert Camus,persona,Albert Camus,,recortes,media
Albert Einstein,persona,Albert Einstein,,recortes,media
Albert Marquet,persona,Albert Marquet,,equipo,media
Alberto Balietti,persona,Alberto Balietti,,equipo,media
Alberto Borfitz,persona,Alberto Borfitz,98,equipo,alta
"Borfitz, Alberto",persona,Alberto Borfitz,98,equipo,alta
Alberto Burnichón,persona,Alberto Burnichón,305,equipo,alta
"Burnichón, Alberto",persona,Alberto Burnichón,305,equipo,alta
Alberto C. Celada,persona,Alberto C. Celada,,notebook,baja
Alberto C. Gollán,persona,Alberto C. Gollán,318,equipo,alta
Alberto Gollan,persona,Alberto C. Gollán,318,regla,media
"Gollán, Alberto C.",persona,Alberto C. Gollán,318,equipo,alta
Alberto C. GOLLAR,persona,Alberto C. Gollar,,equipo,media
Alberto Celada,persona,Alberto Celada,199,equipo,alta
"Celada, Alberto",persona,Alberto Celada,199,equipo,alta
Alberto COLLAZO,persona,Alberto Collazo,,equipo,media
Alberto Del Monte,persona,Alberto Del Monte,,equipo,media
Alberto Delmonte,persona,Alberto Delmonte,,recortes,media
Alberto E. Zaragoza,persona,Alberto E. Zaragoza,,notebook,baja
Alberto Erro,persona,Alberto Erro,,recortes,media
Alberto Gianneschi,persona,Alberto Gianneschi,176,equipo,alta
"Gianneschi, Alberto",persona,Alberto Gianneschi,176,equipo,alta
Alberto Greco,persona,Alberto Greco,,equipo,media
Alberto Gutnisky,persona,Alberto Gutnisky,,recortes,media
Alberto Torres,persona,Alberto Torres,146,equipo,alta
Dr. Alberto Torres,persona,Alberto Torres,146,decision,media
"Torres, Alberto",persona,Alberto Torres,146,equipo,alta
Alberto VACAREZZA,persona,Alberto Vacarezza,,recortes,media
Alberto Verdaguer,persona,Alberto Verdaguer,332,equipo,alta
"Verdaguer, Alberto",persona,Alberto Verdaguer,332,equipo,alta
Alberto Zacur,persona,Alberto Zacur,257,equipo,alta
"Zacur, Alberto",persona,Alberto Zacur,257,equipo,alta
Albor MARUENDA,persona,Albor Maruenda,,recortes,media
Alcalde Elmasa,persona,Alcalde Elmasa,,equipo,media
Alcibíades Córdova Alsina,persona,Alcibíades Córdova Alsina,76,equipo,alta
"Córdova Alsina, Alcibíades",persona,Alcibíades Córdova Alsina,76,equipo,alta
Alcides LANSEYER,persona,Alcides Lanseyer,,equipo,media
Alcira Cordeiro Ramos,persona,Alcira Cordeiro Ramos,468,equipo,alta
"Cordeiro Ramos, Alcira",persona,Alcira Cordeiro Ramos,468,equipo,alta
Alda María Armagni,persona,Alda María Armagni,,equipo,media
Aldo,persona,Aldo Boglietti,11,equipo,media
Aldo Boglietti,persona,Aldo Boglietti,11,equipo,alta
Aldo Rulito Boglietti,persona,Aldo Boglietti,11,equipo,alta
"Boglietti, Aldo",persona,Aldo Boglietti,11,equipo,alta
D. Aldo Boglietti,persona,Aldo Boglietti,11,notebook,baja
Peón Aldo,persona,Aldo Boglietti,11,equipo,alta
Sr. Aldo Boglietti,persona,Aldo Boglietti,11,equipo,alta
"Aldo ""el rosarino""",persona,Aldo el rosarino,,notebook,baja
Aldo Pervando Boglietti,persona,Aldo Pervando Boglietti,,notebook,baja
Aldo SECCHIORALI,persona,Aldo Secchiorali,,equipo,media
Aldo Servando Boglietti,persona,Aldo Servando Boglietti,,recortes,media
Aldo Sotelo,persona,Aldo Sotelo,,recortes,media
Aledo L.,persona,Aledo L,,recortes,media
Aledo Luis,persona,Aledo Luis,,recortes,media
Aledo L. Meloni,persona,Aledo Luis Meloni,462,notebook,baja
Aledo Luis Meloni,persona,Aledo Luis Meloni,462,equipo,alta
Aledo Meloni,persona,Aledo Luis Meloni,462,equipo,alta
"Meloni, Aledo Luis",persona,Aledo Luis Meloni,462,equipo,alta
Alegre Marcial,persona,Alegre Marcial,,notebook,baja
Alejandro Agustín Lanusse,persona,Alejandro Agustín Lanusse,,notebook,baja
Alejandro Barletta,persona,Alejandro Barletta,407,equipo,alta
"Barletta, Alejandro",persona,Alejandro Barletta,407,equipo,alta
Alejandro Boletta (?),persona,Alejandro Boletta,,regla,media
Alejandro Casona,persona,Alejandro Casona,,recortes,media
Alejandro Mauriño,persona,Alejandro Mauriño,,recortes,media
Alejandro Nores Martines,persona,Alejandro Nores Martines,,recortes,media
Dr. Alejandro NORES MARTINES,persona,Alejandro Nores Martines,,recortes,media
Alejandro Pret,persona,Alejandro Pret,,recortes,media
Alex Bierregaard,persona,Alex Bierregaard,111,equipo,alta
"Bierregaard, Alex",persona,Alex Bierregaard,111,equipo,alta
Alfonsina STORNI,persona,Alfonsina Storni,,recortes,media
Alfonso Galíndez,persona,Alfonso Galíndez,74,equipo,alta
"Galíndez, Alfonso",persona,Alfonso Galíndez,74,equipo,alta
Alfredo Barragán,persona,Alfredo Barragán,167,equipo,alta
"Barragán, Alfredo",persona,Alfredo Barragán,167,equipo,alta
A. Bigatti,persona,Alfredo Bigatti,206,equipo,alta
Alfredo Bigatti,persona,Alfredo Bigatti,206,equipo,alta
"Bigatti, Alfredo",persona,Alfredo Bigatti,206,equipo,alta
Alfredo Boglietti,persona,Alfredo Boglietti,,equipo,alta
"Boglietti, Alfredo",persona,Alfredo Boglietti,,equipo,alta
Don Alfredo Boglietti,persona,Alfredo Boglietti,,equipo,alta
Alfredo Boglietti (h),persona,Alfredo Boglietti (h),118,equipo,alta
"Boglietti, Alfredo (h)",persona,Alfredo Boglietti (h),118,equipo,alta
Alfredo Carlos Boglietti,persona,Alfredo Carlos Boglietti,,recortes,media
Alfredo Casey,persona,Alfredo Casey,85,equipo,alta
"Casey, Alfredo",persona,Alfredo Casey,85,equipo,alta
Alfredo E,persona,Alfredo E,,recortes,media
Alfredo Gabardini,persona,Alfredo Gabardini,,recortes,media
Alfredo Gusberti,persona,Alfredo Gusberti,,recortes,media
Alfredo Humberto Norniella,persona,Alfredo Humberto Norniella,,recortes,media
Alfredo LABORDE,persona,Alfredo Laborde,,equipo,media
Alfredo Lazzari,persona,Alfredo Lazzari,,equipo,media
Alfredo Misiti,persona,Alfredo Misiti,,equipo,media
Alfredo Palacios,persona,Alfredo Palacios,,recortes,media
Alfredo Pertile,persona,Alfredo Pértile,,equipo,media
Alfredo Santiago Pértile,persona,Alfredo Santiago Pértile,,recortes,media
Alfredo SHAMAN,persona,Alfredo Shaman,,equipo,media
Alfredo Spapinato,persona,Alfredo Spapinato,,equipo,media
Alfredo Veiravé,persona,Alfredo Veiravé,235,equipo,alta
"Veiravé, Alfredo",persona,Alfredo Veiravé,235,equipo,alta
Alfredo WEIDMAN,persona,Alfredo Weidman,,recortes,media
Alfredo Weidmann,persona,Alfredo Weidmann,195,equipo,alta
"Weidmann, Alfredo",persona,Alfredo Weidmann,195,equipo,alta
Alicia Giangrande,persona,Alicia Giangrande,,equipo,media
Alicia Maffei,persona,Alicia Maffei,,equipo,media
Alicia Moguilianes,persona,Alicia Moguilianes,,regla,media
"""Alma mater""",persona,Alma mater,,notebook,baja
Alonso ARGUELLES,persona,Alonso Arguelles,,recortes,media
Alva Klees,persona,Alva Klees,484,equipo,alta
"Klees, Alva",persona,Alva Klees,484,equipo,alta
A. Puyau,persona,Amado Puyau,,equipo,alta
Amado Puyau,persona,Amado Puyau,,equipo,alta
Amanda Alvarez,persona,Amanda Alvarez,,recortes,media
Amanda de Álvarez,persona,Amanda de Álvarez,,notebook,baja
Sra. Amanda de Álvarez,persona,Amanda de Álvarez,,notebook,baja
Amaru Oropeza,persona,Amaru Oropeza,,equipo,media
Amer y Luis Boglietti,persona,Amer y Luis Boglietti,,notebook,baja
Américo Ghioldi,persona,Américo Ghioldi,395,equipo,alta
"Ghioldi, Américo",persona,Américo Ghioldi,395,equipo,alta
Ana Emilia Lahitte,persona,Ana Emilia Lahitte,378,equipo,alta
"Lahitte, Ana Emilia",persona,Ana Emilia Lahitte,378,equipo,alta
Ana María,persona,Ana María,,recortes,media
Ana María Barrenechea,persona,Ana María Barrenechea,427,equipo,alta
"Barrenechea, Ana María",persona,Ana María Barrenechea,427,equipo,alta
Ana Maria Donet,persona,Ana Maria Donet,,recortes,media
A. M. Vedinger,persona,Ana María Kédinger,,equipo,baja
Ana María Kedinger,persona,Ana María Kédinger,,equipo,media
M. Vedinger,persona,Ana María Kédinger,,equipo,baja
Ana María Oliva,persona,Ana María Oliva,,equipo,media
Ana María Picchio,persona,Ana María Picchio,,recortes,media
Ana María Pizarro,persona,Ana María Pizarro,,equipo,media
Ana María Rojo Oliver,persona,Ana María Rojo Oliver,,equipo,media
Analía Casullo,persona,Analía Casullo,,equipo,media
André Barré,persona,André Barré,55,equipo,alta
"Barré, André",persona,André Barré,55,equipo,alta
André Gide,persona,André Gide,,recortes,media
André Petit,persona,André Petit,265,equipo,alta
"Petit, André",persona,André Petit,265,equipo,alta
Andrea Paladio,persona,Andrea Paladio,,equipo,media
Andrés Calabresse,persona,Andrés Calabresse,,equipo,media
Andrés C. CHABRILLON,persona,Andrés Chabrillón,109,recortes,media
Andrés Chabrillón,persona,Andrés Chabrillón,109,equipo,alta
"Chabrillón, Andrés",persona,Andrés Chabrillón,109,equipo,alta
Andrés Panizza,persona,Andrés Panizza,246,equipo,alta
"Panizza, Andrés",persona,Andrés Panizza,246,equipo,alta
Andrés Ruis Pozze,persona,Andrés Ruis Pozze,31,equipo,alta
"Ruis Pozze, Andrés",persona,Andrés Ruis Pozze,31,equipo,alta
A. Segovia,persona,Andrés Segovia,,equipo,alta
Andrés Segovia,persona,Andrés Segovia,,equipo,alta
Anello de Mazza,persona,Anello de Mazza,,recortes,media
Ángel Chiozzi,persona,Ángel Chiozzi,68,equipo,alta
"Chiozzi, Ángel",persona,Ángel Chiozzi,68,equipo,alta
Angel D. SETA,persona,Angel D. Seta,,recortes,media
Angel de Dolararas,persona,Angel de Dolararas,,recortes,media
Ángel de Seta,persona,Ángel de Seta,,regla,media
Angel E,persona,Angel E,,recortes,media
Ángel Esteban Piccolini,persona,Ángel Esteban Piccolini,60,equipo,alta
"Piccolini, Ángel Esteban",persona,Ángel Esteban Piccolini,60,equipo,alta
Ángel Franco,persona,Ángel Franco,401,equipo,alta
"Franco, Ángel",persona,Ángel Franco,401,equipo,alta
Ángel Laddaga,persona,Ángel Laddaga,,equipo,media
Angel O,persona,Angel O,,recortes,media
Ángel Vernazza,persona,Ángel Vernazza,23,equipo,alta
"Vernazza, Ángel",persona,Ángel Vernazza,23,equipo,alta
Angel Zerda,persona,Angel Zerda,306,equipo,alta
"Zerda, Angel",persona,Angel Zerda,306,equipo,alta
Angélica Anchart,persona,Angélica Anchart,,recortes,media
Angélica Caporaso,persona,Angélica Caporaso,,equipo,media
Angélica González,persona,Angélica González,,equipo,media
Angélica Gorodischer,persona,Angélica Gorodischer,499,equipo,alta
"Gorodischer, Angélica",persona,Angélica Gorodischer,499,equipo,alta
Anibal D. REQUENA,persona,Anibal D. Requena,,equipo,media
Anita Payró,persona,Anita Payró,,equipo,media
Annick Sanjurjo,persona,Annick Sanjurjo,,regla,media
Annick Sanjurjo de Alba,persona,Annick Sanjurjo de Alba,160,equipo,alta
"Sanjurjo de Alba, Annick",persona,Annick Sanjurjo de Alba,160,equipo,alta
Anselmo Andreau,persona,Anselmo Andreau,,recortes,media
Anselmo Andreu,persona,Anselmo Andreu,,recortes,media
Antoine de Saint Exupéry,persona,Antoine de Saint Exupéry,,recortes,media
Antón CHEJOV,persona,Antón Chejov,,recortes,media
Antonio A. Taboada,persona,Antonio A. Taboada,,recortes,media
Dr. Antonio A. TABOADA,persona,Antonio A. Taboada,,recortes,media
Antonio Abreu Bastos,persona,Antonio Abreu Bastos,,equipo,media
A. Berni,persona,Antonio Berni,,equipo,alta
Antonio Berni,persona,Antonio Berni,,equipo,alta
Antonio Carrero Salgado,persona,Antonio Carrero Salgado,6,equipo,alta
"Carrero Salgado, Antonio",persona,Antonio Carrero Salgado,6,equipo,alta
Antonio Carrillo,persona,Antonio Carrillo,325,equipo,alta
"Carrillo, Antonio",persona,Antonio Carrillo,325,equipo,alta
Antonio Chavarría Macías,persona,Antonio Chavarría Macías,211,equipo,alta
"Chavarría Macías, Antonio",persona,Antonio Chavarría Macías,211,equipo,alta
Antonio de Raco,persona,Antonio de Raco,148,equipo,alta
"Raco, Antonio de",persona,Antonio de Raco,148,equipo,alta
Antonio de UNDURRAGA,persona,Antonio de Undurraga,,recortes,media
Antonio Devoto,persona,Antonio Devoto,,equipo,media
Antonio Espárrago,persona,Antonio Espárrago,129,equipo,alta
"Espárrago, Antonio",persona,Antonio Espárrago,129,equipo,alta
Antonio Facundo Serrano,persona,Antonio Facundo Serrano,,recortes,media
Antonio García,persona,Antonio García,,recortes,media
Antonio García Videla,persona,Antonio García Videla,,equipo,media
Antonio Gargiulo,persona,Antonio Gargiulo,,equipo,media
Antonio Gumma,persona,Antonio Gumma,188,equipo,alta
"Gumma, Antonio",persona,Antonio Gumma,188,equipo,alta
Antonio Justo Egea,persona,Antonio Justo Egea,,equipo,media
Antonio Larzábal,persona,Antonio Larzábal,62,equipo,alta
"Larzábal, Antonio",persona,Antonio Larzábal,62,equipo,alta
Antonio Luis Merlo,persona,Antonio Luis Merlo,,recortes,media
Antonio MACHADO,persona,Antonio Machado,,recortes,media
Antonio Miguel Nevot,persona,Antonio Miguel Nevot,,recortes,media
Antonio MUÑOZ,persona,Antonio Muñoz,,equipo,media
Antonio Pachelli,persona,Antonio Pachelli,438,equipo,alta
"Pachelli, Antonio",persona,Antonio Pachelli,438,equipo,alta
Antonio Popelka,persona,Antonio Popelka,,recortes,media
Antonio Pujia,persona,Antonio Pujia,,equipo,media
Antonio Requeni,persona,Antonio Requeni,461,equipo,alta
"Requeni, Antonio",persona,Antonio Requeni,461,equipo,alta
Antonio Sabelio Yurkevich,persona,Antonio Sabelio Yurkevich,30,equipo,alta
"Yurkevich, Antonio Sabelio",persona,Antonio Sabelio Yurkevich,30,equipo,alta
Antonio Sassone,persona,Antonio Sassone,,equipo,media
Antonio Sibellino,persona,Antonio Sibellino,,equipo,media
Antonio Vázquez,persona,Antonio Vázquez,286,equipo,alta
"Vázquez, Antonio",persona,Antonio Vázquez,286,equipo,alta
Antonio Yurkevich,persona,Antonio Yurkevich,,notebook,baja
Antonio ZORITA,persona,Antonio Zorita,,recortes,media
Aparcero Kilit,persona,Aparcero Kilit,,notebook,baja
Apolo Ronchi,persona,Apolo Ronchi,,recortes,media
Aquiles Badi,persona,Aquiles Badi,144,equipo,alta
"Badi, Aquiles",persona,Aquiles Badi,144,equipo,alta
Aquiles Bruno,persona,Aquiles Bruno,,regla,media
Aquiles CERTAD,persona,Aquiles Certad,,equipo,media
Argentinita Fernandez,persona,Argentinita Fernandez,,recortes,media
Argentino Manuel MENÉNDEZ,persona,Argentino Manuel Menéndez,,equipo,media
Ariel GONZALEZ PEON,persona,Ariel Gonzalez Peon,,recortes,media
A. Ramírez,persona,Ariel Ramírez,65,equipo,alta
Ariel Ramírez,persona,Ariel Ramírez,65,equipo,alta
"Ramírez, Ariel",persona,Ariel Ramírez,65,equipo,alta
Ariel Scornick,persona,Ariel Scornick,,equipo,media
Aristóbulo Basterra,persona,Aristóbulo Basterra,447,equipo,alta
"Basterra, Aristóbulo",persona,Aristóbulo Basterra,447,equipo,alta
Armand SALACROU,persona,Armand Salacrou,,recortes,media
Armanda de Alvarez,persona,Armanda de Alvarez,415,equipo,alta
"de Alvarez, Armanda",persona,Armanda de Alvarez,415,equipo,alta
Armando Asti Vera,persona,Armando Asti Vera,249,equipo,alta
"Asti Vera, Armando",persona,Armando Asti Vera,249,equipo,alta
Armando J. GASTALDI,persona,Armando J. Gastaldi,,equipo,media
Armando LOPEZ LEON,persona,Armando Lopez Leon,,recortes,media
Armando Nuñes,persona,Armando Nuñes,,recortes,media
Armando Plá,persona,Armando Plá,441,equipo,alta
"Plá, Armando",persona,Armando Plá,441,equipo,alta
Armando Ruiz,persona,Armando Ruiz,,recortes,media
Arnaldo CALVEYRA,persona,Arnaldo Calveyra,,recortes,media
Arnoldo Bolognesi,persona,Arnoldo Bolognesi,321,equipo,alta
"Bolognesi, Arnoldo",persona,Arnoldo Bolognesi,321,equipo,alta
Arnoldo GRAVENHORST,persona,Arnoldo Gravenhorst,,equipo,media
Arquitecta Noni Bancalari,persona,Arquitecta Noni Bancalari,,notebook,baja
"Arán, Artemio",persona,Artemio Arán,210,equipo,alta
Artemio Arán,persona,Artemio Arán,210,equipo,alta
Artemio D. Mereles,persona,Artemio D. Mereles,400,equipo,alta
"Mereles, Artemio D.",persona,Artemio D. Mereles,400,equipo,alta
ARTES GRÁFICAS,persona,Artes Gráficas,,equipo,media
Artín Eulmessekian,persona,Artín Eulmessekian,297,equipo,alta
"Eulmessekian, Artín",persona,Artín Eulmessekian,297,equipo,alta
A. Barea,persona,Arturo Barea,89,equipo,alta
Arturo Barea,persona,Arturo Barea,89,equipo,alta
"Barea, Arturo",persona,Arturo Barea,89,equipo,alta
Arturo Cancela,persona,Arturo Cancela,,recortes,media
Arturo Duarte,persona,Arturo Duarte,,recortes,media
Arturo Duclos,persona,Arturo Duclos,,equipo,media
Arturo Frondizi,persona,Arturo Frondizi,,notebook,baja
Arturo Illia,persona,Arturo Illia,,notebook,baja
Arturo López Lois,persona,Arturo López Lois,,equipo,media
Arturo MANNI,persona,Arturo Manni,,equipo,media
Arturo Fraser,persona,Arturo R. S. Fraser,156,regla,media
Arturo R. S. Fraser,persona,Arturo R. S. Fraser,156,equipo,alta
"Fraser, Arturo R. S.",persona,Arturo R. S. Fraser,156,equipo,alta
Arturo Umberto Illia,persona,Arturo Umberto Illia,,notebook,baja
Arturo Zini,persona,Arturo Zini,349,equipo,alta
"Zini, Arturo",persona,Arturo Zini,349,equipo,alta
Atilio A. BURBRIDGE,persona,Atilio Burbridge,164,equipo,media
Atilio Burbridge,persona,Atilio Burbridge,164,equipo,alta
"Burbridge, Atilio",persona,Atilio Burbridge,164,equipo,alta
Atilio Micheletti,persona,Atilio Micheletti,,notebook,baja
Atilio Michelluzzi,persona,Atilio Michelluzzi,,notebook,baja
Atilio Micheluzzi,persona,Atilio Micheluzzi,,equipo,alta
Auguste Renoir,persona,Auguste Renoir,,equipo,media
Austral Líneas Aéreas,persona,Austral Líneas Aéreas,,recortes,media
A. M. Hermida,persona,Avelino Hermida,116,equipo,alta
Avelino Hermida,persona,Avelino Hermida,116,regla,media
Avelino M. Hermida,persona,Avelino Hermida,116,equipo,alta
Avelino Manuel Hermida,persona,Avelino Hermida,116,equipo,alta
Hermida,persona,Avelino Hermida,116,equipo,media
"Hermida, Avelino Manuel",persona,Avelino Hermida,116,equipo,alta
Avelino M,persona,Avelino M,,recortes,media
Balbino Ongay,persona,Balbino Ongay,139,equipo,alta
"Ongay, Balbino",persona,Balbino Ongay,139,equipo,alta
Ballet de Moscú,persona,Ballet de Moscú,,recortes,media
Ballet Fouette,persona,Ballet Fouette,,recortes,media
Ballet Fouette de Moscú,persona,Ballet Fouette de Moscú,,recortes,media
Ballet Nacional Bulgaro,persona,Ballet Nacional Bulgaro,,recortes,media
Ballet Ruso,persona,Ballet Ruso,,recortes,media
Bancos del Litoral,persona,Bancos del Litoral,,recortes,media
Basilio Celestino,persona,Basilio Celestino,357,equipo,alta
"Celestino, Basilio",persona,Basilio Celestino,357,equipo,alta
Beatriz Anselmi,persona,Beatriz Anselmi,,equipo,media
Beatríz Miles de Mariscotti,persona,Beatríz Miles de Mariscotti,,equipo,alta
"Miles de Mariscotti, Beatríz",persona,Beatríz Miles de Mariscotti,,equipo,alta
Beatriz Moreiro,persona,Beatriz Moreiro,,equipo,media
Beatriz Orta,persona,Beatriz Orta,,equipo,media
Beatriz Sánchez de Bustamante,persona,Beatriz Sánchez de Bustamante,,recortes,media
Beatriz Sarlo,persona,Beatriz Sarlo,,notebook,baja
Beba Gabardini,persona,Beba Gabardini,,regla,media
Beldy Schanton,persona,Beldy Schanton,,notebook,baja
Bellas Artes,persona,Bellas Artes,,recortes,media
Bello Enrique Estrada,persona,Bello Enrique Estrada,,equipo,media
Belzor Miño,persona,Belzor Miño,,recortes,media
Ben Amin Silberstein,persona,Ben Amin Silberstein,,recortes,media
Ben Silberstein,persona,Ben Silberstein,99,equipo,alta
"Silberstein, Ben",persona,Ben Silberstein,99,equipo,alta
Ben Silverstein,persona,Ben Silverstein,,notebook,baja
Ing. Ben Silverstein,persona,Ben Silverstein,,notebook,baja
Benchetrit Medina,persona,Benchetrit Medina,,recortes,media
"Abeledo, Benito",persona,Benito Abeledo,274,equipo,alta
Benito Abeledo,persona,Benito Abeledo,274,equipo,alta
Benito ACEVEDO,persona,Benito Acevedo,,equipo,media
Benito Dr. FERNÁNDEZ,persona,Benito Dr. Fernández,,equipo,media
Benito M. Pérez COLMAN,persona,Benito M. Pérez Colman,,equipo,media
Benito Palamedi,persona,Benito Palamedi,172,equipo,alta
"Palamedi, Benito",persona,Benito Palamedi,172,equipo,alta
Benito Quinquela Martín,persona,Benito Quinquela Martín,,recortes,media
Benjamín Vargas Peña,persona,Benjamín Vargas Peña,201,equipo,alta
Dr. Benjamín VARGAS PEÑA,persona,Benjamín Vargas Peña,201,recortes,media
"Vargas Peña, Benjamín",persona,Benjamín Vargas Peña,201,equipo,alta
Bernard Lelong,persona,Bernard Lelong,,recortes,media
Bernardo Canal Feijóo,persona,Bernardo Canal Feijóo,181,equipo,alta
"Canal Feijóo, Bernardo",persona,Bernardo Canal Feijóo,181,equipo,alta
Bernardo CANAL FELJOO,persona,Bernardo Canal Feljoo,,recortes,media
Bernardo Ezekiel Koremblit,persona,Bernardo Ezekiel Koremblit,,notebook,baja
Bernardo Jesiot,persona,Bernardo Jesiot,,equipo,media
Bernardo Koremblit,persona,Bernardo Koremblit,496,equipo,alta
"Koremblit, Bernardo",persona,Bernardo Koremblit,496,equipo,alta
Bernardo Verbitsky,persona,Bernardo Verbitsky,432,equipo,alta
"Verbitsky, Bernardo",persona,Bernardo Verbitsky,432,equipo,alta
Berta Guido,persona,Berta Guido,,equipo,media
Bertold Brecht,persona,Bertold Brecht,,recortes,media
"Ávalos Alurraldo, Bety",persona,Bety Ávalos Alurraldo,,equipo,alta
Bety Ávalos Alurraldo,persona,Bety Ávalos Alurraldo,,equipo,alta
Bibi Zogbe,persona,Bibi Zogbe,,equipo,media
Bibiana S. de,persona,Bibiana S. de,,recortes,media
Bichi Cocatto,persona,Bichi Cocatto,,notebook,baja
Bichi Coccato,persona,Bichi Coccato,,notebook,baja
Blanca Gerchunoff,persona,Blanca Gerchunoff,,recortes,media
Blasco Fernández de Moreda,persona,Blasco Fernández de Moreda,,recortes,media
"""Bocha"" Friap",persona,Bocha Friap,,notebook,baja
"""Bocha"" Friap (o Friaptituta)",persona,Bocha Friap (o Friaptituta),,notebook,baja
BODEGAS Y VIÑEDOS GIOL,persona,Bodegas Y Viñedos Giol,,equipo,media
Boris AFANASENKO,persona,Boris Afanasenko,,equipo,media
Brena FARMY,persona,Brena Farmy,,equipo,media
Brian Thomson,persona,Brian Thomson,454,equipo,alta
"Thomson, Brian",persona,Brian Thomson,454,equipo,alta
Brunet de Serra,persona,Brunet de Serra,,recortes,media
Bruno Pasquetti,persona,Bruno Pasquetti,192,equipo,alta
"Pasquetti, Bruno",persona,Bruno Pasquetti,192,equipo,alta
Bruno Venier,persona,Bruno Venier,186,equipo,alta
"Venier, Bruno",persona,Bruno Venier,186,equipo,alta
C.E.W. DULEY,persona,C.e.w. Duley,,recortes,media
Cacho Mazza,persona,Cacho Mazza,,notebook,baja
Cacho Sisto,persona,Cacho Sisto,,recortes,media
Camerata Bariloche,persona,Camerata Bariloche,,equipo,media
Canal Feijoo,persona,Canal Feijóo,,notebook,baja
Cándido López,persona,Cándido López,,equipo,media
Cándido Moneo Sanz,persona,Cándido Moneo Sanz,425,equipo,alta
"Moneo Sanz, Cándido",persona,Cándido Moneo Sanz,425,equipo,alta
Carles A. ALVAREZ,persona,Carles A. Alvarez,,recortes,media
Carles GORDIOLLA NIELLA,persona,Carles Gordiolla Niella,,recortes,media
Carlo Alberto Taboada,persona,Carlo Alberto Taboada,90,equipo,alta
"Taboada, Carlo Alberto",persona,Carlo Alberto Taboada,90,equipo,alta
Carlos A.,persona,Carlos A,,recortes,media
Carlos A. Taboada,persona,Carlos A. Taboada,,notebook,baja
Dr. Carlos A. Taboada,persona,Carlos A. Taboada,,notebook,baja
A. C. Celada,persona,Carlos Alberto Celada,,notebook,baja
Alberto Carlos Celada,persona,Carlos Alberto Celada,,equipo,alta
Carlos Alberto Celada,persona,Carlos Alberto Celada,,equipo,alta
Coco Celada,persona,Carlos Alberto Celada,,equipo,alta
Carlos Alonso,persona,Carlos Alonso,,equipo,media
"Alrreguy, Carlos",persona,Carlos Alrreguy,276,equipo,alta
Carlos Alrreguy,persona,Carlos Alrreguy,276,equipo,alta
Carlos Andrada,persona,Carlos Andrada,,recortes,media
"Barnetche, Carlos",persona,Carlos Barnetche,486,equipo,alta
Carlos Barnetche,persona,Carlos Barnetche,486,equipo,alta
"Bullrich, Carlos",persona,Carlos Bullrich,121,equipo,alta
Carlos Bullrich,persona,Carlos Bullrich,121,equipo,alta
Carlos Caños,persona,Carlos Caños,,equipo,media
"Carlino, Carlos",persona,Carlos Carlino,434,equipo,alta
Carlos Carlino,persona,Carlos Carlino,434,equipo,alta
Carlos Celada,persona,Carlos Celada,,notebook,baja
Carlos Corotto,persona,Carlos Corotto,,equipo,media
Carlos Dalla Fontana,persona,Carlos Dalla Fontana,,recortes,media
Carlos Dardane,persona,Carlos Dardane,,recortes,media
C. de la Cárcova,persona,Carlos de la Cárcova,,equipo,alta
Carlos de la Cárcova,persona,Carlos de la Cárcova,,equipo,alta
De la Cárcova,persona,Carlos de la Cárcova,,equipo,alta
Carlos Delbue,persona,Carlos Delbue,316,equipo,alta
"Delbue, Carlos",persona,Carlos Delbue,316,equipo,alta
Carlos Díaz,persona,Carlos Díaz,,recortes,media
Dr. Carlos Díaz,persona,Carlos Díaz,,recortes,media
Carlos Dolberg,persona,Carlos Dolberg,,recortes,media
Carlos E. Uriarte,persona,Carlos E. Uriarte,,equipo,media
Carlos Erro,persona,Carlos Erro,,regla,media
Carlos FERREIRA FOURCADA,persona,Carlos Ferreira Fourcada,,equipo,media
Carlos Ferreyra Fourcade,persona,Carlos Ferreyra Fourcade,97,equipo,alta
"Ferreyra Fourcade, Carlos",persona,Carlos Ferreyra Fourcade,97,equipo,alta
Carlos Gardel,persona,Carlos Gardel,,recortes,media
Carlos Ginés,persona,Carlos Ginés,,regla,media
Carlos Gómez,persona,Carlos Gómez,,recortes,media
Carlos Guillamet-Charguet,persona,Carlos Guillamet-Charguet,287,equipo,alta
"Guillamet-Charguet, Carlos",persona,Carlos Guillamet-Charguet,287,equipo,alta
Carlos H. PATERNOSTRO,persona,Carlos H. Paternostro,,equipo,media
Carlos I. Perette,persona,Carlos I. Perette,,recortes,media
Carlos Lahitte,persona,Carlos Lahitte,,equipo,media
Carlos Larreguy,persona,Carlos Larreguy,,recortes,media
Carlos Loza Colomer,persona,Carlos Loza Colomer,,recortes,media
Carlos María Vargas Gómez,persona,Carlos María Vargas Gómez,452,equipo,alta
"Vargas Gómez, Carlos María",persona,Carlos María Vargas Gómez,452,equipo,alta
Carlos Mariscotti,persona,Carlos Mariscotti,147,equipo,alta
"Mariscotti, Carlos",persona,Carlos Mariscotti,147,equipo,alta
Carlos Martínez,persona,Carlos Martínez,351,equipo,alta
"Martínez, Carlos",persona,Carlos Martínez,351,equipo,alta
Carlos Monzón,persona,Carlos Monzón,,equipo,alta
El Campeón,persona,Carlos Monzón,,equipo,alta
Carlos Ottelengui,persona,Carlos Ottelengui,,recortes,media
Carlos Ottolenghi,persona,Carlos Ottolenghi,408,equipo,alta
"Ottolenghi, Carlos",persona,Carlos Ottolenghi,408,equipo,alta
Carlos Páez Vilaró,persona,Carlos Páez Vilaró,,equipo,media
Carlos Pardal,persona,Carlos Pardal,368,equipo,alta
"Pardal, Carlos",persona,Carlos Pardal,368,equipo,alta
Carlos R. Guichón,persona,Carlos R. Guichón,,regla,media
Dr. Carlos R. Guichón,persona,Carlos R. Guichón,,regla,media
Carlos Obal,persona,Carlos R. Obal,101,recortes,media
Carlos R. Obal,persona,Carlos R. Obal,101,equipo,alta
Dr. Carlos OBAL,persona,Carlos R. Obal,101,recortes,media
Dr. Carlos R. OBAL,persona,Carlos R. Obal,101,recortes,media
"Obal, Carlos R.",persona,Carlos R. Obal,101,equipo,alta
Carlos Ramón PUNCEL,persona,Carlos Ramón Puncel,,equipo,media
Carlos Rusconi,persona,Carlos Rusconi,174,equipo,alta
"Rusconi, Carlos",persona,Carlos Rusconi,174,equipo,alta
Carlos Sánchez Viamonte,persona,Carlos Sánchez Viamonte,200,equipo,alta
"Sánchez Viamonte, Carlos",persona,Carlos Sánchez Viamonte,200,equipo,alta
C. Schenone,persona,Carlos Schenone,92,equipo,alta
Carlos Schenone,persona,Carlos Schenone,92,equipo,alta
"Schenone, Carlos",persona,Carlos Schenone,92,equipo,alta
Carlos Silva,persona,Carlos Silva,,equipo,media
Carlos Soto,persona,Carlos Soto,,equipo,alta
"Soto, Carlos",persona,Carlos Soto,,equipo,alta
Carlos Sylvestre Begnis,persona,Carlos Sylvestre Begnis,112,equipo,alta
Dr. Carlos Sylvestre Begnis,persona,Carlos Sylvestre Begnis,112,notebook,baja
"Sylvestre Begnis, Carlos",persona,Carlos Sylvestre Begnis,112,equipo,alta
Carlos Tollardona,persona,Carlos Tollardona,,equipo,media
Carlos Valdéz,persona,Carlos Valdéz,,equipo,alta
"Valdéz, Carlos",persona,Carlos Valdéz,,equipo,alta
Carlos Vargas Genes,persona,Carlos Vargas Genes,,recortes,media
Carlos y Marita Castagna,persona,Carlos y Marita Castagna,485,equipo,alta
"Castagna, Carlos y Marita",persona,Carlos y Marita Castagna,485,equipo,alta
Carlota Marval,persona,Carlota Marval,480,equipo,alta
"Marval, Carlota",persona,Carlota Marval,480,equipo,alta
"Álvarez Ibarra, Carmen",persona,Carmen Álvarez Ibarra,24,equipo,alta
Carmen Álvarez Ibarra,persona,Carmen Álvarez Ibarra,24,equipo,alta
Carmen B.,persona,Carmen B,,recortes,media
Carmen de Manzoni,persona,Carmen de Manzoni,,regla,media
Carmen P. de,persona,Carmen P. de,,recortes,media
Carmen Vega de Parera,persona,Carmen Vega de Parera,289,equipo,alta
"Vega de Parera, Carmen",persona,Carmen Vega de Parera,289,equipo,alta
Carolita Pettoruti,persona,Carolita Pettoruti,345,equipo,alta
"Pettoruti, Carolita",persona,Carolita Pettoruti,345,equipo,alta
Carranza Ferran,persona,Carranza Ferran,,recortes,media
Carranza Torres,persona,Carranza Torres,,recortes,media
Ing. Carranza Torres,persona,Carranza Torres,,notebook,baja
Castiñeira de Dios,persona,Castiñeira de Dios,,recortes,media
Catalina Gerber,persona,Catalina Gerber,,recortes,media
"Castillo, Cátulo",persona,Cátulo Castillo,436,equipo,alta
Cátulo Castillo,persona,Cátulo Castillo,436,equipo,alta
Cayetano Córdova Iturburu,persona,Cayetano Córdova Iturburu,133,equipo,alta
Córdoba Iturburu,persona,Cayetano Córdova Iturburu,133,equipo,alta
Córdova Iturburu,persona,Cayetano Córdova Iturburu,133,equipo,alta
"Córdova Iturburu, Cayetano",persona,Cayetano Córdova Iturburu,133,equipo,alta
Cecilia Garate,persona,Cecilia Garate,,equipo,media
Ceferino Geraldi,persona,Ceferino Geraldi,,recortes,media
Celia GIENNEO,persona,Celia Gienneo,,equipo,media
Celia Lindhauer,persona,Celia Lindhauer,,recortes,media
Celia Montiel de Guichón,persona,Celia Montiel de Guichón,,equipo,alta
"Montiel de Guichón, Celia",persona,Celia Montiel de Guichón,,equipo,alta
Celina Lindhauer,persona,Celina Lindhauer,,recortes,media
César A. GUZZETTI,persona,César A. Guzzetti,,equipo,media
Carman,persona,César Carman,,equipo,media
César Carman,persona,César Carman,,recortes,media
César de ELIZALDE,persona,César de Elizalde,,equipo,media
César E. CLARIS,persona,César E. Claris,,equipo,media
César F. VEDANI,persona,César F. Vedani,,equipo,media
C. Fernández Navarro,persona,César Fernández Navarro,130,equipo,alta
César Fernández Navarro,persona,César Fernández Navarro,130,equipo,alta
Fernández Navarro,persona,César Fernández Navarro,130,equipo,alta
"Fernández Navarro, César",persona,César Fernández Navarro,130,equipo,alta
César Schenone,persona,César Schenone,131,equipo,alta
"Schenone, César",persona,César Schenone,131,equipo,alta
César Stroscio,persona,César Stroscio,,recortes,media
César Tiempo,persona,César Tiempo,93,equipo,alta
"Tiempo, César",persona,César Tiempo,93,equipo,alta
César VALLEJOS,persona,César Vallejos,,recortes,media
Ch. Débora,persona,Ch. Débora,,equipo,media
Chaquires de Palacios,persona,Chaquires de Palacios,,recortes,media
Sra. Chaquires de Palacios,persona,Chaquires de Palacios,,recortes,media
Charles MAMPAEY,persona,Charles Mampaey,,recortes,media
Charlie LILAMAND,persona,Charlie Lilamand,,recortes,media
Chichin Obal,persona,Chichin Obal,,recortes,media
"""Chino"" Veloso",persona,Chino Veloso,,recortes,media
CIA BELLA,persona,Cia Bella,,equipo,media
Ciro Sugasti,persona,Ciro Sugasti,,equipo,alta
"Sugasti, Ciro",persona,Ciro Sugasti,,equipo,alta
Ciudad de Resistencia,persona,Ciudad de Resistencia,,recortes,media
Claude Monet,persona,Claude Monet,,equipo,media
Claudio Gorrochategui,persona,Claudio L. Gorrochategui,285,equipo,media
Claudio L. Gorrochategui,persona,Claudio L. Gorrochategui,285,equipo,alta
"Gorrochategui, Claudio L.",persona,Claudio L. Gorrochategui,285,equipo,alta
Clelia Speroni,persona,Clelia Speroni,,equipo,media
Clemente Lococo,persona,Clemente Lococo,,equipo,media
Clorindo Testa,persona,Clorindo Testa,,equipo,media
Contador Osvaldo Egea,persona,Contador Osvaldo Egea,,notebook,baja
Crisante DOMINGUEZ,persona,Crisante Dominguez,,recortes,media
Crisanto Domínguez,persona,Crisanto Domínguez,,equipo,alta
Cristina Ditieri,persona,Cristina Ditieri,458,equipo,alta
"Ditieri, Cristina",persona,Cristina Ditieri,458,equipo,alta
Cristina Iglesias,persona,Cristina Iglesias,,equipo,media
Cristina Meza,persona,Cristina Meza,,notebook,baja
Ing. Cristina Meza,persona,Cristina Meza,,notebook,baja
Cristóbal Reinoso,persona,Cristóbal Reinoso,,equipo,media
Cuarteto Martín Fierro,persona,Cuarteto Martín Fierro,,recortes,media
Cullen Ayerza,persona,Cullen Ayerza,,recortes,media
cultérrima que vive en el barrio,persona,cultérrima que vive en el barrio,,notebook,baja
"""Señora cultérrima que vive en el barrio""",persona,cultérrima que vive en el barrio,,notebook,baja
Cuyen Ayerza,persona,Cuyen Ayerza,,notebook,baja
Dalmiro Costa,persona,Dalmiro Costa,,recortes,media
Damacio Esquivel,persona,Damacio Esquivel,,recortes,media
Damián Bayón,persona,Damián Bayón,,recortes,media
"Bayón, Damián Carlos",persona,Damián Carlos Bayón,270,equipo,alta
Damián Carlos Bayón,persona,Damián Carlos Bayón,270,equipo,alta
Damián Carlos Dayón,persona,Damián Carlos Dayón,,notebook,baja
Dana Montaño,persona,Dana Montaño,,recortes,media
Daniel Gallet,persona,Daniel Gallet,,equipo,media
Daniel Moscatelli,persona,Daniel Moscatelli,,equipo,alta
Dr. Daniel Moscatelli,persona,Daniel Moscatelli,,notebook,baja
Daniel Najmías,persona,Daniel Najmías,28,equipo,alta
"Najmías, Daniel",persona,Daniel Najmías,28,equipo,alta
Daniel Sticotti,persona,Daniel Sticotti,,recortes,media
Dante Guerrero,persona,Dante Guerrero,465,equipo,alta
"Guerrero, Dante",persona,Dante Guerrero,465,equipo,alta
Darde CUNEO,persona,Darde Cúneo,,recortes,media
"Cúneo, Dardo",persona,Dardo Cúneo,177,equipo,alta
Dardo Cúneo,persona,Dardo Cúneo,177,equipo,alta
Dario Miró,persona,Dario Miró,329,equipo,alta
"Miró, Dario",persona,Dario Miró,329,equipo,alta
Darío Regoyos,persona,Darío Regoyos,,equipo,media
David BERJMAN,persona,David Berjman,,recortes,media
David J. KOHON,persona,David J. Kohon,,equipo,media
David Lagmanovich,persona,David Lagmanovich,396,equipo,alta
"Lagmanovich, David",persona,David Lagmanovich,396,equipo,alta
David Sevlever,persona,David Sevlever,182,equipo,alta
"Sevlever, David",persona,David Sevlever,182,equipo,alta
David SEYMAN,persona,David Seyman,,equipo,media
David Vallmitjane,persona,David Vallmitjane,,equipo,media
De América,persona,De América,,equipo,media
PINTOR DE AMÉRICA,persona,De América,,equipo,media
de Kedinger,persona,de Kedinger,,notebook,baja
Sra. de Kedinger,persona,de Kedinger,,notebook,baja
De Kolin,persona,De Kolin,,equipo,media
De La Mota,persona,De La Mota,,equipo,media
De Miguel,persona,De Miguel,,notebook,baja
Del Pino,persona,Del Pino,,equipo,media
Del Prete,persona,Del Prete,,equipo,media
Delegación de TUCUMAN,persona,Delegación de Tucuman,,recortes,media
"Benavento, Delfa de",persona,Delfa de Benavento,,equipo,alta
Delfa de Benavento,persona,Delfa de Benavento,,equipo,alta
"Boglietti, Delfor",persona,Delfor Boglietti,16,equipo,alta
Delfor Boglietti,persona,Delfor Boglietti,16,equipo,alta
Delia Martinez de SOUZA,persona,Delia Martinez de Souza,,equipo,media
Delia Puzzovio,persona,Delia Puzzovio,,equipo,media
Delia Sanmarti,persona,Delia Sanmarti,,recortes,media
Delio PANIZZA,persona,Delio Panizza,,recortes,media
Della Fontana,persona,Della Fontana,,recortes,media
Dellamea de Prieto,persona,Dellamea de Prieto,,recortes,media
Dellepiane Rawson,persona,Dellepiane Rawson,,recortes,media
Demetrie URRUCHUA,persona,Demetrie Urruchua,,recortes,media
Demetrio de Urruchúa,persona,Demetrio de Urruchúa,56,equipo,alta
Demetrio Urruchúa,persona,Demetrio de Urruchúa,56,equipo,media
"Urruchúa, Demetrio de",persona,Demetrio de Urruchúa,56,equipo,alta
Democracia Cristiana,persona,Democracia Cristiana,,recortes,media
Deolindo Felipe Bittel,persona,Deolindo Felipe Bittel,,recortes,media
Di Luzio,persona,Di Luzio,,recortes,media
Di Luzzio,persona,Di Luzzio,,recortes,media
Di Mauro,persona,Di Mauro,,recortes,media
Diana Ingro,persona,Diana Ingro,491,equipo,alta
"Ingro, Diana",persona,Diana Ingro,491,equipo,alta
Diccionario Ilustrado,persona,Diccionario Ilustrado,,equipo,media
Diego Cuquejo,persona,Diego Cuquejo,,equipo,media
Diego F. PRO,persona,Diego F. Pro,,equipo,media
Diego Francisco,persona,Diego Francisco,,recortes,media
Diego Máximo,persona,Diego Máximo,,recortes,media
Diego Rivera,persona,Diego Rivera,,recortes,media
Dignora Pastorello,persona,Dignora Pastorello,,equipo,media
DINA Briohni de FERNÁNDEZ RIERA,persona,Dina Briohni de Fernández Riera,,equipo,media
Dionisio Suero,persona,Dionisio Suero,7,equipo,alta
"Suero, Dionisio",persona,Dionisio Suero,7,equipo,alta
Diputado Alberto E. Zaragoza,persona,Diputado Alberto E. Zaragoza,,notebook,baja
Diputado Belzor Miño,persona,Diputado Belzor Miño,,recortes,media
"DIRECTOR DE ""CLARÍN""",persona,Director de Clarín,,equipo,media
"""Directora del Boletín""",persona,Directora del Boletín,,notebook,baja
Directores de Museos,persona,Directores de Museos,,recortes,media
Dirigentes Justicialistas,persona,Dirigentes Justicialistas,,recortes,media
Dita Palacio,persona,Dita Palacio,,regla,media
Doebbeling de Kiefer,persona,Doebbeling de Kiefer,,recortes,media
Dolly Traube,persona,Dolly Traube,166,equipo,alta
"Traube, Dolly",persona,Dolly Traube,166,equipo,alta
Domingo Arena,persona,Domingo Arena,,recortes,media
Domingo Candia,persona,Domingo Candia,,equipo,media
Domingo Gatto,persona,Domingo Gatto,,equipo,media
Domingo Manolo Gonzalez,persona,Domingo Manolo Gonzalez,,recortes,media
Domingo Onofrio,persona,Domingo Onofrio,,equipo,media
Domingo Scapola,persona,Domingo Scapola,,recortes,media
"Acuña de Moro, Dora",persona,Dora Acuña de Moro,,equipo,alta
Dora Acuña de Moro,persona,Dora Acuña de Moro,,equipo,alta
Dora Andreau,persona,Dora Andreau,,recortes,media
Dora V. De La Torre,persona,Dora V. De La Torre,,equipo,media
Dorrego Del Solar,persona,Dorrego Del Solar,,equipo,media
Eddie Torre,persona,Eddie Torre,371,equipo,alta
"Torre, Eddie",persona,Eddie Torre,371,equipo,alta
Eddy Torre,persona,Eddy Torre,,recortes,media
"Bustos, Edgar",persona,Edgar Bustos,295,equipo,alta
Edgar Bustos,persona,Edgar Bustos,295,equipo,alta
Edgar Degas,persona,Edgar Degas,,equipo,media
Edgar Rodríguez Guidi,persona,Edgar Rodríguez Guidi,70,equipo,alta
"Rodríguez Guidi, Edgar",persona,Edgar Rodríguez Guidi,70,equipo,alta
Edgardo Rossi,persona,Edgardo Rossi,382,equipo,alta
"Rossi, Edgardo",persona,Edgardo Rossi,382,equipo,alta
Edgardo Vicente,persona,Edgardo Vicente,,notebook,baja
"Ávalos Alurraldo, Edmundo",persona,Edmundo Ávalos Alurraldo,134,equipo,alta
Edmundo Ávalos Alurraldo,persona,Edmundo Ávalos Alurraldo,134,equipo,alta
Edmundo Guibourg,persona,Edmundo Guibourg,,recortes,media
Edouard Manet,persona,Edouard Manet,,equipo,media
Edson Arantes do Nascimento,persona,Edson Arantes do Nascimento,,notebook,baja
"Batallan, Eduardo",persona,Eduardo Batallan,,equipo,alta
Eduardo Batallan,persona,Eduardo Batallan,,equipo,alta
"Cassara, Eduardo",persona,Eduardo Cassara,477,equipo,alta
Eduardo Cassara,persona,Eduardo Cassara,477,equipo,alta
Eduardo Espinosa,persona,Eduardo Espinosa,,equipo,alta
"Espinosa, Eduardo",persona,Eduardo Espinosa,,equipo,alta
Eduardo Falú,persona,Eduardo Falú,,regla,media
Eduardo Giusano,persona,Eduardo Giusano,,equipo,media
Eduardo Gómez Lestani,persona,Eduardo Gómez Lestani,,recortes,media
Eduardo Gudiño Kieffer,persona,Eduardo Gudiño Kieffer,429,equipo,alta
"Gudiño Kieffer, Eduardo",persona,Eduardo Gudiño Kieffer,429,equipo,alta
Eduardo Guibourg,persona,Eduardo Guibourg,433,equipo,alta
"Guibourg, Eduardo",persona,Eduardo Guibourg,433,equipo,alta
E. Jonquières,persona,Eduardo Jonquières,232,equipo,alta
Eduardo Jonquières,persona,Eduardo Jonquières,232,equipo,alta
"Jonquières, Eduardo",persona,Eduardo Jonquières,232,equipo,alta
Eduardo L. GARCÍA,persona,Eduardo L. García,,equipo,media
Eduardo LIRA ESPEJO,persona,Eduardo Lira Espejo,,recortes,media
Eduardo López,persona,Eduardo López,,recortes,media
Eduardo Mac Entyre,persona,Eduardo Mac Entyre,,equipo,media
Eduardo Markarian,persona,Eduardo Markarian,,equipo,media
Eduardo Oliveira Cézar,persona,Eduardo Oliveira Cézar,26,equipo,alta
"Oliveira Cézar, Eduardo",persona,Eduardo Oliveira Cézar,26,equipo,alta
Eduardo R. Dr. BATTIONI,persona,Eduardo R. Dr. Battioni,,equipo,media
Eduardo Revol,persona,Eduardo Revol,363,equipo,alta
"Revol, Eduardo",persona,Eduardo Revol,363,equipo,alta
Eduardo Riggio,persona,Eduardo Riggio,,equipo,media
Eduardo Sabelli,persona,Eduardo Sabelli,,equipo,media
Eduardo Schiaffino,persona,Eduardo Schiaffino,,equipo,media
Eduardo Seguí,persona,Eduardo Seguí,279,equipo,alta
"Seguí, Eduardo",persona,Eduardo Seguí,279,equipo,alta
Eduardo Sequi,persona,Eduardo Sequi,,recortes,media
Eduardo Siri,persona,Eduardo Siri,,recortes,media
Eduardo Unertl,persona,Eduardo Unertl,348,equipo,alta
"Unertl, Eduardo",persona,Eduardo Unertl,348,equipo,alta
Eduardo Velardez,persona,Eduardo Velardez,,notebook,baja
Edwin F. RUBENS,persona,Edwin F. Rubens,,recortes,media
Edwin Martin,persona,Edwin Martin,,recortes,media
Efraim Boglietti,persona,Efraim Boglietti,,notebook,baja
"Boglietti, Efraín",persona,Efraín Boglietti,3,equipo,alta
de Efraín Boglietti,persona,Efraín Boglietti,3,notebook,baja
Efraín,persona,Efraín Boglietti,3,equipo,media
Efraín Boglietti,persona,Efraín Boglietti,3,equipo,alta
Sra. de Efraín Boglietti,persona,Efraín Boglietti,3,notebook,baja
"Efraín ""el hermano""",persona,Efraín el hermano,,notebook,baja
Efrain Juan Boglietti,persona,Efrain Juan Boglietti,,recortes,media
Efraín Paesky,persona,Efraín Paesky,269,equipo,alta
"Paesky, Efraín",persona,Efraín Paesky,269,equipo,alta
Efraín Ribeiros,persona,Efraín Ribeiros,261,equipo,alta
"Ribeiros, Efraín",persona,Efraín Ribeiros,261,equipo,alta
Efraín RIVERO,persona,Efraín Rivero,,recortes,media
El Buen Humor,persona,El Buen Humor,,recortes,media
El Capataz,persona,El Capataz,,notebook,baja
"""El Facha"" Monzón",persona,El Facha Monzón,,notebook,baja
"""el menor de los hermanos""",persona,el menor de los hermanos,,notebook,baja
"""El Negro Mena""",persona,El Negro Mena,,notebook,baja
"""El Rey"" Pelé",persona,El Rey Pelé,,notebook,baja
El Territorio,persona,El Territorio,,recortes,media
Elba López Dominguez de STREET,persona,Elba López Dominguez de Street,,equipo,media
Elba Martínez,persona,Elba Martínez,,notebook,baja
Elbia Rosbasco de Marechal,persona,Elbia Rosbasco de Marechal,,recortes,media
Elcira Olivera Garcés,persona,Elcira Olivera Garcés,,recortes,media
Eldo Aguilar,persona,Eldo Aguilar,,recortes,media
Elena Converso,persona,Elena Converso,,equipo,media
Elena de Van Leyden,persona,Elena de Van Leyden,41,equipo,alta
"Van Leyden, Elena de",persona,Elena de Van Leyden,41,equipo,alta
"Díaz, Elena",persona,Elena Díaz,83,equipo,alta
Elena Díaz,persona,Elena Díaz,83,equipo,alta
Elena Lucca de Pelli,persona,Elena Lucca de Pelli,,recortes,media
Elíades Félix Pailles,persona,Elíades Félix Pailles,322,equipo,alta
"Pailles, Elíades Félix",persona,Elíades Félix Pailles,322,equipo,alta
Eliana Guichón de Flores,persona,Eliana Guichón de Flores,153,equipo,alta
"Guichón de Flores, Eliana",persona,Eliana Guichón de Flores,153,equipo,alta
Elisa Strahm,persona,Elisa Strahm,,recortes,media
Elizabeth Coupe de Neal,persona,Elizabeth Coupe de Neal,,recortes,media
Elizabeth Neal,persona,Elizabeth Neal,196,equipo,alta
"Neal, Elizabeth",persona,Elizabeth Neal,196,equipo,alta
Elizabeth Westerkamp,persona,Elizabeth Westerkamp,,regla,media
Elsa A. Dellatorre,persona,Elsa A. Dellatorre,,notebook,baja
Elsa A. Dellatorre de Moglia,persona,Elsa A. Dellatorre de Moglia,,notebook,baja
"de Bechara, Elsa",persona,Elsa de Bechara,417,equipo,alta
Elsa de Bechara,persona,Elsa de Bechara,417,equipo,alta
Elsa De la Torre,persona,Elsa De la Torre,,notebook,baja
Elsa Dellatorre,persona,Elsa Dellatorre,,notebook,baja
Prof. Elsa Dellatorre,persona,Elsa Dellatorre,,notebook,baja
Profesora Elsa Dellatorre,persona,Elsa Dellatorre,,notebook,baja
Elsa H. de ADRON,persona,Elsa H. de Adron,,recortes,media
Elsa Mazza de Aragón,persona,Elsa Mazza de Aragón,32,equipo,alta
"Mazza de Aragón, Elsa",persona,Elsa Mazza de Aragón,32,equipo,alta
Elsa Moglia,persona,Elsa Moglia,,notebook,baja
Elsa Morilla,persona,Elsa Morilla,,equipo,media
Elsa Teresa AURA,persona,Elsa Teresa Aura,,equipo,media
Elsa Teresa AUREOS,persona,Elsa Teresa Aureos,,equipo,media
"de la Torre de Monsegur, Elvira",persona,Elvira de la Torre de Monsegur,,equipo,alta
Elvira de la Torre de Monsegur,persona,Elvira de la Torre de Monsegur,,equipo,alta
Embajador de Estados Unidos,persona,Embajador de Estados Unidos,,recortes,media
Embajador de Venezuela,persona,Embajador de Venezuela,,recortes,media
Embajador René Lion,persona,Embajador René Lion,,notebook,baja
Emigdio Pinasco,persona,Emigdio Pinasco,226,equipo,alta
"Pinasco, Emigdio",persona,Emigdio Pinasco,226,equipo,alta
Emile Griffith,persona,Emile Griffith,,recortes,media
Dr. Emilie D'UVA,persona,Emilie D'uva,,recortes,media
Emilie D'uva,persona,Emilie D'uva,,recortes,media
Emilie NOVAS,persona,Emilie Novas,,recortes,media
"D’uva, Emilio",persona,Emilio D’uva,73,equipo,alta
Emilio D’uva,persona,Emilio D’uva,73,equipo,alta
Emilio Estiú,persona,Emilio Estiú,,recortes,media
Emilio LLORET SELLES,persona,Emilio Lloret Selles,,equipo,media
E. Novas,persona,Emilio Novas,75,equipo,alta
Emilio Novas,persona,Emilio Novas,75,equipo,alta
"Novas, Emilio",persona,Emilio Novas,75,equipo,alta
Emilio Pettoruti,persona,Emilio Pettoruti,241,equipo,alta
"Pettoruti, Emilio",persona,Emilio Pettoruti,241,equipo,alta
Emilio STERN,persona,Emilio Stern,,recortes,media
Emilio Stevanovich,persona,Emilio Stevanovich,209,equipo,alta
"Stevanovich, Emilio",persona,Emilio Stevanovich,209,equipo,alta
Emilio TOLEZZI,persona,Emilio Tolezzi,,equipo,media
Emilio Villalba Welsh,persona,Emilio Villalba Welsh,463,equipo,alta
"Villalba Welsh, Emilio",persona,Emilio Villalba Welsh,463,equipo,alta
Emilio Zolezzi,persona,Emilio Zolezzi,414,equipo,alta
"Zolezzi, Emilio",persona,Emilio Zolezzi,414,equipo,alta
"Cartosio, Emma",persona,Emma Cartosio,48,equipo,alta
Emma Cartosio,persona,Emma Cartosio,48,equipo,alta
Emma de CARTOSIO,persona,Emma Cartosio,48,recortes,media
Emma CARTUSIO,persona,Emma Cartusio,,equipo,media
"Curti, Emma",persona,Emma Curti,202,equipo,alta
Emma Curti,persona,Emma Curti,202,equipo,alta
"de Bruno, Emma",persona,Emma de Bruno,478,equipo,alta
Emma de Bruno,persona,Emma de Bruno,478,equipo,alta
Enrique Arrigoni,persona,Enrique Arrigoni,,equipo,media
Enrique Careaga,persona,Enrique Careaga,,equipo,media
Enrique Dumas,persona,Enrique Dumas,,recortes,media
Enrique FERNANDEZ CHELO,persona,Enrique Fernandez Chelo,,recortes,media
Dr. Enrique FRERS,persona,Enrique Frers,86,recortes,media
Dr. Enrique G. Frers,persona,Enrique Frers,86,notebook,baja
Enrique Frers,persona,Enrique Frers,86,equipo,alta
Enrique G. FRERS,persona,Enrique Frers,86,equipo,media
"Frers, Enrique",persona,Enrique Frers,86,equipo,alta
Enrique G. Vázquez,persona,Enrique G. Vázquez,,recortes,media
E. Gaimari,persona,Enrique Gaimari,444,equipo,alta
Enrique Gaimari,persona,Enrique Gaimari,444,equipo,alta
"Gaimari, Enrique",persona,Enrique Gaimari,444,equipo,alta
Enrique García Vázquez,persona,Enrique García Vázquez,,recortes,media
Enrique Grande,persona,Enrique Grande,479,equipo,alta
"Grande, Enrique",persona,Enrique Grande,479,equipo,alta
Don Enrique Kédinger,persona,Enrique Kédinger,151,equipo,alta
Enrique Kédinger,persona,Enrique Kédinger,151,equipo,alta
Henri Kédinger,persona,Enrique Kédinger,151,equipo,baja
"Kédinger, Enrique",persona,Enrique Kédinger,151,equipo,alta
E. Molina,persona,Enrique Molina,,equipo,alta
Enrique Molina,persona,Enrique Molina,,equipo,alta
Enrique MONFERRAR,persona,Enrique Monferrar,,equipo,media
Enrique Noetinger,persona,Enrique Noetinger,343,equipo,alta
"Noetinger, Enrique",persona,Enrique Noetinger,343,equipo,alta
Enrique Souilhé,persona,Enrique Souilhé,,equipo,alta
Enrique Valderrey,persona,Enrique Valderrey,,recortes,media
Enrique Vindel Espeche,persona,Enrique Vindel Espeche,423,equipo,alta
"Vindel Espeche, Enrique",persona,Enrique Vindel Espeche,423,equipo,alta
Enzo Benedetto,persona,Enzo Benedetto,,recortes,media
Ercilia Boglietti,persona,Ercilia Boglietti,,regla,media
Eric Seward,persona,Eric Seward,237,equipo,alta
"Seward, Eric",persona,Eric Seward,237,equipo,alta
Ernesto Farina,persona,Ernesto Farina,,equipo,media
Ernesto García Olano,persona,Ernesto García Olano,275,equipo,alta
"García Olano, Ernesto",persona,Ernesto García Olano,275,equipo,alta
Ernesto Gauna,persona,Ernesto Gauna,,recortes,media
Ernesto Herrera,persona,Ernesto Herrera,,recortes,media
Ernesto Ignacio Ramallo,persona,Ernesto Ignacio Ramallo,307,equipo,alta
"Ramallo, Ernesto Ignacio",persona,Ernesto Ignacio Ramallo,307,equipo,alta
Ernesto Kern,persona,Ernesto Kern,52,equipo,alta
"Kern, Ernesto",persona,Ernesto Kern,52,equipo,alta
Ernesto Montenegro,persona,Ernesto Montenegro,,recortes,media
Ernesto Raúl Acosta,persona,Ernesto Raúl Acosta,,recortes,media
E. Sabato,persona,Ernesto Sabato,312,equipo,alta
Ernesto Sábato,persona,Ernesto Sabato,312,equipo,alta
"Sábato, Ernesto",persona,Ernesto Sabato,312,equipo,alta
Ertivio Acosta,persona,Ertivio Acosta,,recortes,media
Esc. Héctor Serra,persona,Esc. Héctor Serra,,notebook,baja
Escribano Héctor Serra,persona,Escribano Héctor Serra,,notebook,baja
ESCUDO DEL CHACO,persona,Escudo del Chaco,,recortes,media
Estanislao del Campo,persona,Estanislao del Campo,,recortes,media
Estanislao Guzmán Loza,persona,Estanislao Guzmán Loza,,equipo,media
Esteban Piccolini,persona,Esteban Piccolini,,regla,media
Esteban Rondanina,persona,Esteban Rondanina,328,equipo,alta
"Rondanina, Esteban",persona,Esteban Rondanina,328,equipo,alta
Esteban Semino,persona,Esteban Semino,377,equipo,alta
"Semino, Esteban",persona,Esteban Semino,377,equipo,alta
Estela Obario,persona,Estela Obario,,regla,media
Estela QUATTROCCHIO,persona,Estela Quattrocchio,,recortes,media
Estela Quatrocchio,persona,Estela Quattrochio,,equipo,alta
Estela Quattrochio,persona,Estela Quattrochio,,equipo,alta
Estela Zelaya,persona,Estela Zelaya,,recortes,media
Esther Minnucci,persona,Esther Minnucci,,equipo,media
Euclides Ventura Cardoso,persona,Euclides Ventura Cardoso,193,equipo,alta
"Ventura Cardoso, Euclides",persona,Euclides Ventura Cardoso,193,equipo,alta
Eugenie O'NEILL,persona,Eugenie O'neill,,recortes,media
Eugenio Daneri,persona,Eugenio Daneri,,equipo,media
Eugenio Filipelli,persona,Eugenio Filipelli,,recortes,media
Eugenio Fillipelli,persona,Eugenio Fillipelli,,recortes,media
Eugenio FORNELLS,persona,Eugenio Fornells,,equipo,media
Eugenio Milani,persona,Eugenio Milani,456,equipo,alta
"Milani, Eugenio",persona,Eugenio Milani,456,equipo,alta
Eugenio Monferran,persona,Eugenio Monferran,,equipo,media
Eva Sas,persona,Eva Sas,,recortes,media
Ezequiel Martínez Estrada,persona,Ezequiel Martínez Estrada,,recortes,media
Fabriciano Gómez,persona,Fabriciano Gómez,492,equipo,alta
"Gómez, Fabriciano",persona,Fabriciano Gómez,492,equipo,alta
Facundo Serrano,persona,Facundo Serrano,,notebook,baja
Familia Salto-Sosa,persona,Familia Salto-Sosa,,recortes,media
Farias de Foulkes,persona,Farias de Foulkes,,recortes,media
"Doglio, Faustino",persona,Faustino Doglio,45,equipo,alta
Dr. Faustino Doglio,persona,Faustino Doglio,45,decision,media
Faustino Doglio,persona,Faustino Doglio,45,equipo,alta
Federico Fellini,persona,Federico Fellini,,recortes,media
Federico García Lorca,persona,Federico García Lorca,,recortes,media
Federico Peltzer,persona,Federico Peltzer,393,equipo,alta
"Peltzer, Federico",persona,Federico Peltzer,393,equipo,alta
Federico R. LUPPI,persona,Federico R. Luppi,,equipo,media
Federico Tomasella,persona,Federico Tomasella,362,equipo,alta
"Tomasella, Federico",persona,Federico Tomasella,362,equipo,alta
Feliciano R. MARCÓN,persona,Feliciano R. Marcón,,equipo,media
Félix Bernard,persona,Félix Bernard,,notebook,baja
Felix Luna,persona,Félix Luna,,recortes,media
Félix O. FIGINI ALVAREZ,persona,Félix O. Figini Alvarez,,equipo,media
Félix Sotomayor,persona,Félix Sotomayor,,recortes,media
Ferenc MOLNAR,persona,Ferenc Molnar,,recortes,media
Fermín Estrella Gutiérrez,persona,Fermín Estrella Gutiérrez,390,equipo,alta
"Gutiérrez, Fermín Estrella",persona,Fermín Estrella Gutiérrez,390,equipo,alta
Fermín José María Martinicorena,persona,Fermín José María Martinicorena,,regla,media
"Arranz, Fernando",persona,Fernando Arranz López,227,equipo,alta
F. Arranz,persona,Fernando Arranz López,227,equipo,alta
Fernando Arranz,persona,Fernando Arranz López,227,equipo,alta
Fernando Arranz López,persona,Fernando Arranz López,227,equipo,alta
Fernando BENEDINI,persona,Fernando Benedini,,equipo,media
"Birri, Fernando",persona,Fernando Birri,219,equipo,alta
Fernando Birri,persona,Fernando Birri,219,equipo,alta
"Ceccarelli, Fernando",persona,Fernando Ceccarelli,296,equipo,alta
Fernando Ceccarelli,persona,Fernando Ceccarelli,296,equipo,alta
Fernando Leger,persona,Fernando Leger,,equipo,media
Fernando Manuel Varela,persona,Fernando Manuel Varela,437,equipo,alta
"Varela, Fernando Manuel",persona,Fernando Manuel Varela,437,equipo,alta
Fernando Salgueiro,persona,Fernando Salgueiro,435,equipo,alta
"Salgueiro, Fernando",persona,Fernando Salgueiro,435,equipo,alta
Fernando SEMEDINI,persona,Fernando Semedini,,equipo,media
Fernando Zabalza,persona,Fernando Zabalza,301,equipo,alta
"Zabalza, Fernando",persona,Fernando Zabalza,301,equipo,alta
"Carranza, Ferrán Ignacio",persona,Ferrán Ignacio Carranza,114,equipo,alta
Ferrán Ignacio Carranza,persona,Ferrán Ignacio Carranza,114,equipo,alta
F. Polacco,persona,Ferruccio Polacco,,equipo,alta
Ferruccio Polacco,persona,Ferruccio Polacco,,equipo,alta
Firma Oblanc,persona,Firma Oblanc,,recortes,media
Flavio René ARIAS,persona,Flavio René Arias,,equipo,media
Flora de Schenone,persona,Flora de Schenone,,equipo,alta
"Schenone, Flora de",persona,Flora de Schenone,,equipo,alta
Flora NUDEHLMAN,persona,Flora Nudehlman,,equipo,media
Flora Nudelman,persona,Flora Nudelman,145,equipo,alta
"Nudelman, Flora",persona,Flora Nudelman,145,equipo,alta
Flora NUDELMANN,persona,Flora Nudelmann,,recortes,media
Flora Rey,persona,Flora Rey,,equipo,media
Floreal Vayles,persona,Floreal Vayles,,equipo,media
Florencia Alanis,persona,Florencia Alanis,,equipo,media
Florentino Garleri,persona,Florentino Garleri,44,equipo,alta
"Garleri, Florentino",persona,Florentino Garleri,44,equipo,alta
Florentino GORLEN,persona,Florentino Gorlen,,equipo,media
Fondo Nacional de las Artes,persona,Fondo Nacional de las Artes,,recortes,media
Fortunato MAURI,persona,Fortunato Mauri,,equipo,media
FRABER C.,persona,Fraber C,,equipo,media
Francis R. DIAZ,persona,Francis R. Diaz,,equipo,media
"Blum, Francisco",persona,Francisco Blum,453,equipo,alta
Francisco Blum,persona,Francisco Blum,453,equipo,alta
Francisco J. BLUM,persona,Francisco Blum,453,equipo,media
"Carcavallo, Francisco",persona,Francisco Carcavallo,283,equipo,alta
de Francisco Carcavallo,persona,Francisco Carcavallo,283,recortes,media
Francisco Carcavallo,persona,Francisco Carcavallo,283,equipo,alta
Sra. de Francisco Carcavallo,persona,Francisco Carcavallo,283,recortes,media
Francisco García Carrera,persona,Francisco García Carrera,,equipo,media
Francisco J. Dr. BLUM,persona,Francisco J. Dr. Blum,,equipo,media
Francisco J. García Vázquez,persona,Francisco J. García Vázquez,,recortes,media
Francisco Javier,persona,Francisco Javier,58,equipo,alta
"Javier, Francisco",persona,Francisco Javier,58,equipo,alta
Francisco Puccinelli,persona,Francisco Puccinelli,,equipo,media
Francisco Reyes,persona,Francisco Reyes,443,equipo,alta
"Reyes, Francisco",persona,Francisco Reyes,443,equipo,alta
Francisco Rodríguez Barro,persona,Francisco Rodríguez Barro,183,equipo,alta
"Rodríguez Barro, Francisco",persona,Francisco Rodríguez Barro,183,equipo,alta
Francisco Rojas,persona,Francisco Rojas,,equipo,media
Francisco SCHENA,persona,Francisco Schena,,equipo,media
Francisco SOUILHE,persona,Francisco Souilhe,,recortes,media
Franco Di Cegní,persona,Franco Di Cegní,,notebook,baja
Di Segni,persona,Franco Di Segni,,equipo,alta
F. Di Segni,persona,Franco Di Segni,,equipo,alta
Franco Di Segni,persona,Franco Di Segni,,equipo,alta
Franco Serra,persona,Franco Serra,104,equipo,alta
"Serra, Franco",persona,Franco Serra,104,equipo,alta
Francois Truffaut,persona,Francois Truffaut,,recortes,media
Françoise Sagan,persona,Françoise Sagan,,recortes,media
Frank Savelli,persona,Frank Savelli,320,equipo,alta
"Savelli, Frank",persona,Frank Savelli,320,equipo,alta
Frank Schaeffer,persona,Frank Schaeffer,,equipo,media
Fryda Schultz de Mantovani,persona,Fryda Schultz de Mantovani,,recortes,media
Fryda Schutlz de Mantovani,persona,Fryda Schutlz de Mantovani,,equipo,alta
"Schutlz de Mantovani, Fryda",persona,Fryda Schutlz de Mantovani,,equipo,alta
Gaceta Deportiva,persona,Gaceta Deportiva,,recortes,media
García Saraví,persona,García Saraví,,recortes,media
"Benavento, Gaspar",persona,Gaspar Benavento,123,equipo,alta
G. Benavento,persona,Gaspar Benavento,123,equipo,alta
Gaspar Benavento,persona,Gaspar Benavento,123,equipo,alta
Gaspar L. BENAVENTO,persona,Gaspar Benavento,123,recortes,media
"Bonastre, Gaspar",persona,Gaspar Bonastre,495,equipo,alta
Dr. Gaspar R. Bonastre,persona,Gaspar Bonastre,495,notebook,baja
Gaspar Bonastre,persona,Gaspar Bonastre,495,equipo,alta
Gaspar E. Bonastre,persona,Gaspar Bonastre,495,recortes,media
Gaspar R. Bonastre,persona,Gaspar Bonastre,495,notebook,baja
Gaspar Sánchez,persona,Gaspar Sánchez,96,equipo,alta
"Sánchez, Gaspar",persona,Gaspar Sánchez,96,equipo,alta
"""Gaucho Mena""",persona,Gaucho Mena,,notebook,baja
Coronel GELACIO CHAVEZ,persona,Gelacio Chavez,,recortes,media
Gelacio Chavez,persona,Gelacio Chavez,,recortes,media
General Alejandro Agustín Lanusse,persona,General Alejandro Agustín Lanusse,,notebook,baja
General de Brigada (RE) Antonio F. Serrano,persona,General de Brigada (re) Antonio F. Serrano,,notebook,baja
General Jorge Rafael Videla,persona,General Jorge Rafael Videla,,notebook,baja
General Serrano,persona,General Serrano,,notebook,baja
Georges Rouault,persona,Georges Rouault,,equipo,media
Gérard Depardieu,persona,Gérard Depardieu,,recortes,media
Gerardo M. LASALLE,persona,Gerardo M. Lasalle,,equipo,media
Gerardo Pisarello,persona,Gerardo Pisarello,,recortes,media
B. Gerónimo Narizzano,persona,Gerónimo Narizzano,212,equipo,media
Gerónimo Narizzano,persona,Gerónimo Narizzano,212,equipo,alta
"Fantín, Gianni",persona,Gianni Fantín,302,equipo,alta
Gianni Fantín,persona,Gianni Fantín,302,equipo,alta
Gina Jonescu,persona,Gina Jonescu,,equipo,media
Gino Severini,persona,Gino Severini,,equipo,media
Gloria RIZZOTTI,persona,Gloria Rizzotti,,equipo,media
Gobernador de Misiones,persona,Gobernador de Misiones,,recortes,media
Gómez Bas,persona,Gómez Bas,,notebook,baja
González Peón,persona,González Peón,,recortes,media
Gonzalo Leguizamón Pondal,persona,Gonzalo Leguizamón Pondal,,notebook,baja
Graciela Ignazzeti,persona,Graciela Ignazzeti,469,equipo,alta
"Ignazzeti, Graciela",persona,Graciela Ignazzeti,469,equipo,alta
Gregorio Bermann,persona,Gregorio Bermann,,recortes,media
Gregorio Klimovsky,persona,Gregorio Klimovsky,314,equipo,alta
"Klimovsky, Gregorio",persona,Gregorio Klimovsky,314,equipo,alta
Gregorio Ladizesky,persona,Gregorio Ladizesky,263,equipo,alta
"Ladizesky, Gregorio",persona,Gregorio Ladizesky,263,equipo,alta
Gregorio Scheines,persona,Gregorio Scheines,358,equipo,alta
"Scheines, Gregorio",persona,Gregorio Scheines,358,equipo,alta
Gregorio Singer,persona,Gregorio Singer,179,equipo,alta
"Singer, Gregorio",persona,Gregorio Singer,179,equipo,alta
Gregorio Weimberg,persona,Gregorio Weimberg,,recortes,media
Gregorio Weinberg,persona,Gregorio Weinberg,369,equipo,alta
"Weinberg, Gregorio",persona,Gregorio Weinberg,369,equipo,alta
Grete Stern,persona,Grete Stern,231,equipo,alta
"Stern, Grete",persona,Grete Stern,231,equipo,alta
Guayra Castilla,persona,Guayra Castilla,,recortes,media
Gudiño Kieffer,persona,Gudiño Kieffer,,recortes,media
Gudiño Kimfer,persona,Gudiño Kimfer,,notebook,baja
GUIBERT Y CIA,persona,Guibert Y Cia,,equipo,media
Guido Arnoldo Miranda,persona,Guido Arnoldo Miranda,,recortes,media
Guido Miranda,persona,Guido Miranda,159,equipo,alta
"Miranda, Guido",persona,Guido Miranda,159,equipo,alta
Guillerme E. THIELE,persona,Guillerme E. Thiele,,recortes,media
Guillermo Anibal Witch,persona,Guillermo Anibal Witch,,recortes,media
Guillermo BOUSQUET,persona,Guillermo Bousquet,,recortes,media
Guillermo de Torre,persona,Guillermo de Torre,141,equipo,alta
"Torre, Guillermo de",persona,Guillermo de Torre,141,equipo,alta
Guillermo Hillcoat,persona,Guillermo Hillcoat,,recortes,media
Guillermo PADILLA,persona,Guillermo Padilla,,equipo,media
Guillermo Ripodas,persona,Guillermo Ripodas,,equipo,media
Guillermo Roux,persona,Guillermo Roux,,equipo,media
Gustavo Adolfo Udry,persona,Gustavo Adolfo Udry,260,equipo,alta
"Udry, Gustavo Adolfo",persona,Gustavo Adolfo Udry,260,equipo,alta
"Cochet, Gustavo",persona,Gustavo Cochet,119,equipo,alta
G. Cochet,persona,Gustavo Cochet,119,equipo,alta
Gustavo Cochet,persona,Gustavo Cochet,119,equipo,alta
Gustavo Cuchet,persona,Gustavo Cuchet,,recortes,media
"García Saraví, Gustavo",persona,Gustavo García Saraví,370,equipo,alta
Gustavo García Saraví,persona,Gustavo García Saraví,370,equipo,alta
Gustavo Lagerheim,persona,Gustavo Lagerheim,33,equipo,alta
"Lagerheim, Gustavo",persona,Gustavo Lagerheim,33,equipo,alta
Gyula Kosice,persona,Gyula Kosice,82,equipo,alta
"Kosice, Gyula",persona,Gyula Kosice,82,equipo,alta
"Conti, Haroldo",persona,Haroldo Conti,403,equipo,alta
H. Conti,persona,Haroldo Conti,403,equipo,alta
Haroldo Conti,persona,Haroldo Conti,403,equipo,alta
Harris BATEMAN,persona,Harris Bateman,,equipo,media
Haydée Helguera,persona,Haydée Helguera,207,equipo,alta
"Helguera, Haydée",persona,Haydée Helguera,207,equipo,alta
Haydée Jofre Barroso,persona,Haydée Jofre Barroso,389,equipo,alta
"Jofre Barroso, Haydée",persona,Haydée Jofre Barroso,389,equipo,alta
Haydée Loustanau,persona,Haydée Loustanau,103,equipo,alta
"Loustanau, Haydée",persona,Haydée Loustanau,103,equipo,alta
Haydée LOUSTAUNAU,persona,Haydée Loustaunau,,recortes,media
Héctor Alberto Maestre,persona,Héctor Alberto Maestre,324,equipo,alta
"Maestre, Héctor Alberto",persona,Héctor Alberto Maestre,324,equipo,alta
Héctor Basaldúa,persona,Héctor Basaldúa,,equipo,media
"González, Héctor Blas",persona,Héctor Blas González,339,equipo,alta
Héctor Blas González,persona,Héctor Blas González,339,equipo,alta
Héctor Cartier,persona,Héctor Cartier,,recortes,media
"Chaponick, Héctor",persona,Héctor Chaponick,20,equipo,alta
Héctor Chaponick,persona,Héctor Chaponick,20,equipo,alta
Héctor Di Mauro,persona,Héctor Di Mauro,,recortes,media
Héctor Díaz,persona,Héctor Díaz,,recortes,media
Héctor GABRIELE,persona,Héctor Gabriele,,equipo,media
Héctor GUILLEN,persona,Héctor Guillen,,recortes,media
Hector Helbling,persona,Hector Helbling,,equipo,alta
"Helbling, Hector",persona,Hector Helbling,,equipo,alta
"Castrillo, Héctor José",persona,Héctor José Castrillo,37,equipo,alta
Héctor Castrillo,persona,Héctor José Castrillo,37,decision,media
Héctor José Castrillo,persona,Héctor José Castrillo,37,equipo,alta
Héctor José Serra,persona,Héctor José Serra,69,equipo,alta
"Serra, Héctor José",persona,Héctor José Serra,69,equipo,alta
Héctor ΑNGRIMEN,persona,Héctor Αngrimen,,equipo,media
Héctor RUIZ DIAZ,persona,Héctor Ruiz Diaz,,recortes,media
Héctor Saunier,persona,Héctor Saunier,,equipo,media
Héctor Serra,persona,Héctor Serra,,notebook,baja
Héctor Testoni,persona,Héctor Testoni,262,equipo,alta
"Testoni, Héctor",persona,Héctor Testoni,262,equipo,alta
"Di Mauro, Hector y Eduardo",persona,Hector y Eduardo Di Mauro,284,equipo,alta
Hector y Eduardo Di Mauro,persona,Hector y Eduardo Di Mauro,284,equipo,alta
Helena F. DIAZ,persona,Helena F. Diaz,,equipo,media
Helena M. YRIBARREN,persona,Helena M. Yribarren,,equipo,media
Helena Renee,persona,Helena Renee,,recortes,media
Helga Thompson,persona,Helga Thompson,,equipo,media
Helia Casal,persona,Helia Casal,,equipo,media
Helvecia Urdapilleta de Boglietti,persona,Helvecia Urdapilleta de Boglietti,,regla,media
Heman Cullen Ayerza,persona,Heman Cullen Ayerza,,recortes,media
Henri Matisse,persona,Henri Matisse,,equipo,media
Henri Rousseau,persona,Henri Rousseau,,equipo,media
Henri Toulouse-Lautrec,persona,Henri Toulouse-Lautrec,,equipo,media
Henry ROSEMBERG,persona,Henry Rosemberg,,recortes,media
Henry Varela,persona,Henry Varela,,recortes,media
Hermanos Boglietti,persona,Hermanos Boglietti,,recortes,media
Herminio Blotta,persona,Herminio Blotta,,notebook,baja
Herminio Giménez,persona,Herminio Giménez,,recortes,media
Hermosilla Spaak,persona,Hermosilla Spaak,,recortes,media
Hernán Cullen Ayerza,persona,Hernán Cullen Ayerza,,equipo,media
Hernán Dompe,persona,Hernán Dompé,,equipo,media
Hernán Piccilli,persona,Hernán Piccilli,,recortes,media
"Hernández Larguía, Hilarión",persona,Hilarión Hernández Larguía,338,equipo,alta
Hilarión Hernández Larguía,persona,Hilarión Hernández Larguía,338,equipo,alta
"Dianda, Hilda",persona,Hilda Dianda,203,equipo,alta
Hilda Dianda,persona,Hilda Dianda,203,equipo,alta
Hilda Sábato,persona,Hilda Sábato,,recortes,media
Hilda Sbrizza,persona,Hilda Sbrizza,,equipo,media
B. Torres Varela,persona,Hilda Torres Varela,13,equipo,alta
H. Torres Varela,persona,Hilda Torres Varela,13,notebook,baja
Hilda,persona,Hilda Torres Varela,13,equipo,media
Hilda Torres Varela,persona,Hilda Torres Varela,13,equipo,alta
Torres Varela,persona,Hilda Torres Varela,13,recortes,media
"Torres Varela, Hilda",persona,Hilda Torres Varela,13,equipo,alta
Hnos. DI MAURO,persona,Hnos. Di Mauro,,recortes,media
Horacio Agola,persona,Horacio Agola,,equipo,media
Horacio Aguirre,persona,Horacio Aguirre,,regla,media
Horacio ARIENTI,persona,Horacio Arienti,,recortes,media
Horacio Blanco,persona,Horacio Blanco,,recortes,media
H. Butler,persona,Horacio Butler,,equipo,alta
Horacio Butler,persona,Horacio Butler,,equipo,alta
"Buttler, Horacio",persona,Horacio Buttler,214,equipo,alta
Horacio Buttler,persona,Horacio Buttler,214,equipo,alta
"Elustondo, Horacio",persona,Horacio Elustondo,12,equipo,alta
Horacio Elustondo,persona,Horacio Elustondo,12,equipo,alta
"Fuentes, Horacio",persona,Horacio Fuentes,267,equipo,alta
Horacio Fuentes,persona,Horacio Fuentes,267,equipo,alta
"Guaraní, Horacio",persona,Horacio Guaraní,353,equipo,alta
Horacio Guaraní,persona,Horacio Guaraní,353,equipo,alta
Horacio Guarany,persona,Horacio Guarany,,recortes,media
Horacio H,persona,Horacio H,,recortes,media
Horacio (hijo) Mascheroni,persona,Horacio (hijo) Mascheroni,,notebook,baja
Arq. Horacio Mascheroni (h),persona,Horacio Mascheroni (h),,notebook,baja
Horacio Mascheroni (h),persona,Horacio Mascheroni (h),,notebook,baja
Arq. Horacio Mascheroni (hijo),persona,Horacio Mascheroni (hijo),,notebook,baja
Horacio Mascheroni (hijo),persona,Horacio Mascheroni (hijo),,notebook,baja
"Carlen, Horacio N.",persona,Horacio N. Carlen,27,equipo,alta
Horacio N. Carlen,persona,Horacio N. Carlen,27,equipo,alta
Horacio PERONCINI,persona,Horacio Peroncini,,equipo,media
Horacio Quiroga,persona,Horacio Quiroga,,recortes,media
Horacio Rivera Sosa,persona,Horacio Rivera Sosa,,recortes,media
Horacio Rivero Sosa,persona,Horacio Rivero Sosa,327,equipo,alta
Horacio Rivero Sosa y Saa,persona,Horacio Rivero Sosa,327,equipo,media
"Rivero Sosa, Horacio",persona,Horacio Rivero Sosa,327,equipo,alta
Horacio Riveros Sosa,persona,Horacio Riveros Sosa,,recortes,media
Horacio T. SAGARRA,persona,Horacio T. Sagarra,,equipo,media
"Balbi, Hugo",persona,Hugo Balbi,46,equipo,alta
Hugo Balbi,persona,Hugo Balbi,46,equipo,alta
Hugo Byron,persona,Hugo Byron,,recortes,media
"Cowes, Hugo",persona,Hugo Cowes,379,equipo,alta
Hugo Cowes,persona,Hugo Cowes,379,equipo,alta
"D'Angelo, Hugo",persona,Hugo D'Angelo,251,equipo,alta
Hugo D'Angelo,persona,Hugo D'Angelo,251,equipo,alta
Hugo del Carril,persona,Hugo del Carril,,recortes,media
Hugo Díaz,persona,Hugo Díaz,,recortes,media
Hugo Ditaranto,persona,Hugo Ditaranto,,recortes,media
Hugo Dittaranto,persona,Hugo Dittaranto,,recortes,media
Hugo MAC DOUGALL,persona,Hugo Mac Dougall,,recortes,media
Hugo Schanton,persona,Hugo Schanton,335,equipo,alta
"Schanton, Hugo",persona,Hugo Schanton,335,equipo,alta
Hugo Schreiner,persona,Hugo Schreiner,445,equipo,alta
"Schreiner, Hugo",persona,Hugo Schreiner,445,equipo,alta
Hugo Sudriá,persona,Hugo Sudriá,,regla,media
Hugo y Veldis Schanton,persona,Hugo y Veldis Schanton,,notebook,baja
Gómez Lollo,persona,Humberto Gómez Lollo,493,equipo,alta
"Gómez Lollo, Humberto",persona,Humberto Gómez Lollo,493,equipo,alta
H. Gómez Lollo,persona,Humberto Gómez Lollo,493,equipo,alta
Humberto Gómez Lollo,persona,Humberto Gómez Lollo,493,equipo,alta
Arq. Horacio Mascheroni,persona,Humberto Horacio Mascheroni,78,equipo,alta
Horacio Mascheroni,persona,Humberto Horacio Mascheroni,78,equipo,alta
Humberto Horacio Mascheroni,persona,Humberto Horacio Mascheroni,78,equipo,alta
Humberto Mascheroni,persona,Humberto Horacio Mascheroni,78,equipo,alta
"Mascheroni, Horacio",persona,Humberto Horacio Mascheroni,78,equipo,alta
Idalecio Sánchez,persona,Idalecio Sánchez,259,equipo,alta
"Sánchez, Idalecio",persona,Idalecio Sánchez,259,equipo,alta
"Barea, Ilsa",persona,Ilsa Barea,,equipo,alta
Ilsa Barea,persona,Ilsa Barea,,equipo,alta
Ilsa de Barea,persona,Ilsa Barea,,decision,media
Sra. Ilsa de Barea,persona,Ilsa Barea,,decision,media
INCA HUASI,persona,Inca Huasi,,recortes,media
INDUSTRIA VASCO,persona,Industria Vasco,,equipo,media
Industrias Kaiser,persona,Industrias Kaiser,,recortes,media
Inés Izaguirre,persona,Inés Izaguirre,,recortes,media
Iñigo Carrera,persona,Iñigo Carrera,,recortes,media
Inos Corradini,persona,Inos Corradini,,equipo,media
"Codina, Inverna",persona,Inverna Codina,367,equipo,alta
Inverna Codina,persona,Inverna Codina,367,equipo,alta
Irene Adela RETE,persona,Irene Adela Rete,,equipo,media
Irene Panelo,persona,Irene Panelo,,regla,media
Irene Tapia,persona,Irene Tapia,,recortes,media
Irineo Cuevas,persona,Irineo Cuevas,,recortes,media
Iris) Iris Marga (Pauré,persona,Iris) Iris Marga (Pauré,448,equipo,alta
"Iris Marga (Pauré, Iris)",persona,Iris) Iris Marga (Pauré,448,equipo,alta
Iris Marga,persona,Iris Marga,,recortes,media
Isaac MANN,persona,Isaac Mann,,equipo,media
Contraalmirante Isaac Rojas,persona,Isaac Rojas,,regla,media
Isaac ROJAS,persona,Isaac Rojas,,recortes,media
"Hardy de Massafero, Isabel",persona,Isabel Hardy de Massafero,292,equipo,alta
Isabel Hardy de Massafero,persona,Isabel Hardy de Massafero,292,equipo,alta
Isabel Merellano,persona,Isabel Merellano,,equipo,media
"Andicoechea, Isidro",persona,Isidro Andicoechea,143,equipo,alta
Isidro Andicoechea,persona,Isidro Andicoechea,143,equipo,alta
Isidro ROSENFELD,persona,Isidro Rosenfeld,,equipo,media
Ismael A. Calvo Perotti,persona,Ismael A. Calvo Perotti,,equipo,media
Ismael C. PACE,persona,Ismael C. Pace,,equipo,media
Ítalo Mettini,persona,Ítalo Mettini,356,equipo,alta
"Mettini, Ítalo",persona,Ítalo Mettini,356,equipo,alta
"Coccatto, Iván Carlos",persona,Iván Carlos Coccatto,487,equipo,alta
Iván Carlos Coccatto,persona,Iván Carlos Coccatto,487,equipo,alta
Iván Sagarduy,persona,Iván Sagarduy,,equipo,media
Ivan Vasileff,persona,Ivan Vasileff,,equipo,media
Iverna Codina,persona,Iverna Codina,,recortes,media
J.C. PORFILIO,persona,J.c. Porfilio,,equipo,media
J.E. URIBURU,persona,J.e. Uriburu,,equipo,media
Jacinte CASTILLO,persona,Jacinte Castillo,,recortes,media
"Castillo, Jacinto",persona,Jacinto Castillo,113,equipo,alta
Jacinto Castillo,persona,Jacinto Castillo,113,equipo,alta
"Crotto Posse, Jacinto",persona,Jacinto Crotto Posse,375,equipo,alta
Jacinto Crotto Posse,persona,Jacinto Crotto Posse,375,equipo,alta
Jacinto FERNÁNDEZ,persona,Jacinto Fernández,,equipo,media
Jack Varnasky,persona,Jack Varnasky,,equipo,media
Jacobe FINKELSTEIN,persona,Jacobe Finkelstein,,recortes,media
Jacobo Finkelnstein,persona,Jacobo Finkelnstein,,recortes,media
"Finkelstein, Jacobo",persona,Jacobo Finkelstein,18,equipo,alta
Jacobo Finkelstein,persona,Jacobo Finkelstein,18,equipo,alta
Jacques DUVAL,persona,Jacques Duval,,recortes,media
Jacques RAVEL,persona,Jacques Ravel,,recortes,media
Jacques Rivette,persona,Jacques Rivette,,recortes,media
Jaime ASCHEROW,persona,Jaime Ascherow,,equipo,media
Jaime Dávalos,persona,Jaime Dávalos,,regla,media
Jaime Davidovich,persona,Jaime Davidovich,,equipo,media
Jaime Mari,persona,Jaime Mari,247,equipo,alta
"Mari, Jaime",persona,Jaime Mari,247,equipo,alta
Jaime Torres,persona,Jaime Torres,,recortes,media
James Mc Cloud,persona,James Mc Cloud,384,equipo,alta
"Mc Cloud, James",persona,James Mc Cloud,384,equipo,alta
Jaques Brel,persona,Jaques Brel,,recortes,media
Jasper Johns,persona,Jasper Johns,,equipo,media
Javier Villafañe,persona,Javier Villafañe,,recortes,media
Jean ANOUILH,persona,Jean Anouilh,,recortes,media
Jean Arp,persona,Jean Arp,,equipo,media
Jean COCTEAU,persona,Jean Cocteau,,recortes,media
Jean Didier,persona,Jean Didier,,recortes,media
Jean Duval,persona,Jean Duval,,recortes,media
Jean-Louis Barrault,persona,Jean-Louis Barrault,,regla,media
Jean Luc Godard,persona,Jean Luc Godard,,recortes,media
Jean Mermoz,persona,Jean Mermoz,,equipo,alta
Jean-Paul SARTRE,persona,Jean-Paul Sartre,,recortes,media
"Bouzón, Jesús",persona,Jesús Bouzón,155,equipo,alta
Jesús Bouzón,persona,Jesús Bouzón,155,equipo,alta
Jet Antares,persona,Jet Antares,,recortes,media
Joan Miró,persona,Joan Miró,,equipo,media
Joaquín CASTELLANOS,persona,Joaquín Castellanos,,recortes,media
Joaquín del Villar,persona,Joaquín del Villar,,equipo,baja
Julián del Villar,persona,Joaquín del Villar,,equipo,baja
Joaquín E. Dr. MIRANDA,persona,Joaquín E. Dr. Miranda,,equipo,media
"Gómez Bas, Joaquín",persona,Joaquín Gómez Bas,342,equipo,alta
Joaquín Gómez Bas,persona,Joaquín Gómez Bas,342,equipo,alta
Joaquín Neyra,persona,Joaquín Neyra,15,equipo,alta
"Neyra, Joaquín",persona,Joaquín Neyra,15,equipo,alta
Joaquín Torre García,persona,Joaquín Torre García,,equipo,media
John T. Reid,persona,John T. Reid,,recortes,media
Jorge A. CRESPI,persona,Jorge A. Crespi,,equipo,media
Jorge A. Lataz,persona,Jorge A. Lataz,137,equipo,alta
"Lataz, Jorge A.",persona,Jorge A. Lataz,137,equipo,alta
Jorge A. ROTANDELLI,persona,Jorge A. Rotandelli,,equipo,media
Jorge A. Sábato,persona,Jorge A. Sábato,442,equipo,alta
"Sábato, Jorge A.",persona,Jorge A. Sábato,442,equipo,alta
Jorge Alberto LIBEDINSKY,persona,Jorge Alberto Libedinsky,,equipo,media
Jorge Ariel Torres,persona,Jorge Ariel Torres,42,equipo,alta
"Torres, Jorge Ariel",persona,Jorge Ariel Torres,42,equipo,alta
"Benchetrit Medina, Jorge",persona,Jorge Benchetrit Medina,494,equipo,alta
Jorge Benchetrit Medina,persona,Jorge Benchetrit Medina,494,equipo,alta
Jorge O. Benchetrit Medina,persona,Jorge Benchetrit Medina,494,recortes,media
"Calvetti, Jorge",persona,Jorge Calvetti,460,equipo,alta
Jorge Calvetti,persona,Jorge Calvetti,460,equipo,alta
Jorge de la Vega,persona,Jorge de la Vega,,equipo,media
Jorge Eduardo CANET,persona,Jorge Eduardo Canet,,equipo,media
Jorge GARCÍA CERRO,persona,Jorge García Cerro,,equipo,media
Jorge Hugo Román,persona,Jorge Hugo Román,,equipo,media
Jorge Larco,persona,Jorge Larco,,equipo,media
Jorge Lezama,persona,Jorge Lezama,,equipo,media
Jorge Loetscher,persona,Jorge Loetscher,,recortes,media
Jorge López Anaya,persona,Jorge López Anaya,,equipo,media
"Borges, Jorge Luis",persona,Jorge Luis Borges,405,equipo,alta
J. L. Borges,persona,Jorge Luis Borges,498,equipo,alta
Jorge Luis Borges,persona,Jorge Luis Borges,405,equipo,alta
Jorge Luis Dellepiane,persona,Jorge Luis Dellepiane,,equipo,media
Jorge Luis FERN,persona,Jorge Luis Fern,,equipo,media
Jorge Nealon,persona,Jorge Nealon,67,equipo,alta
"Nealon, Jorge",persona,Jorge Nealon,67,equipo,alta
Jorge Néstor PAQUET,persona,Jorge Néstor Paquet,,equipo,media
Jorge Oteiza,persona,Jorge Oteiza,,equipo,media
Jorge Rafael Videla,persona,Jorge Rafael Videla,,notebook,baja
Jorge Raúl Coyanes,persona,Jorge Raúl Coyanes,,recortes,media
Georges Rigaud,persona,Jorge Rigaud,,equipo,baja
Jorge Rigaud,persona,Jorge Rigaud,,regla,media
Jorge Romero Brest,persona,Jorge Romero Brest,178,equipo,alta
Prof. Romero Brest,persona,Jorge Romero Brest,178,equipo,alta
Romero Brest,persona,Jorge Romero Brest,178,equipo,alta
"Romero Brest, Jorge",persona,Jorge Romero Brest,178,equipo,alta
Jorge Schvartzer,persona,Jorge Schvartzer,,recortes,media
Jorge Schvarzer,persona,Jorge Schvarzer,,recortes,media
Jorge Tapia,persona,Jorge Tapia,,equipo,media
José A. RUIZ,persona,José A. Ruiz,,equipo,media
"Alonso, José",persona,José Alonso,128,equipo,alta
J. Alonso,persona,José Alonso,128,equipo,alta
José Alonso,persona,José Alonso,128,equipo,alta
José Antonio LARZÁBAL,persona,José Antonio Larzábal,,equipo,media
"Arcidiácono, José",persona,José Arcidiácono,252,equipo,alta
José Arcidiácono,persona,José Arcidiácono,252,equipo,alta
"Arizaga, José",persona,José Arizaga,17,equipo,alta
José Arizaga,persona,José Arizaga,17,equipo,alta
José B. VIGIL PARDO,persona,José B. Vigil Pardo,,equipo,media
"Babini, José",persona,José Babini,125,equipo,alta
Dr. José Babini,persona,José Babini,125,equipo,alta
José Babini,persona,José Babini,125,equipo,alta
"Banti, José",persona,José Banti,81,equipo,alta
José Banti,persona,José Banti,81,equipo,alta
"Bentolila, José",persona,José Bentolila,175,equipo,alta
José Bentolila,persona,José Bentolila,175,equipo,alta
"Bullaude, José",persona,José Bullaude,221,equipo,alta
José Bullaude,persona,José Bullaude,221,equipo,alta
José C. Castells,persona,José C. Castells,,recortes,media
José C. Echavarría,persona,José C. Echavarría,,notebook,baja
"Camino Schanton, José",persona,José Camino Schanton,336,equipo,alta
José Camino Schanton,persona,José Camino Schanton,336,equipo,alta
"Carranza Torres, José",persona,José Carranza Torres,424,equipo,alta
José Carranza Torres,persona,José Carranza Torres,424,equipo,alta
José de San Martín,persona,José de San Martín,,recortes,media
"Díaz, José",persona,José Díaz,22,equipo,alta
José Díaz,persona,José Díaz,22,equipo,alta
Pepe Díaz,persona,José Díaz,22,equipo,media
José Domenichini,persona,José Domenichini,,equipo,media
"Clemente, José Edmundo",persona,José Edmundo Clemente,398,equipo,alta
José Edmundo Clemente,persona,José Edmundo Clemente,398,equipo,alta
"Gadano, José Enrique",persona,José Enrique Gadano,132,equipo,alta
José Enrique Gadano,persona,José Enrique Gadano,132,equipo,alta
José Esteban,persona,José Esteban,,equipo,media
José F. PAIRÓ,persona,José F. Pairó,,equipo,media
José Fioravanti,persona,José Fioravanti,,equipo,media
"Garayzábal Patiño, José",persona,José Garayzábal Patiño,138,equipo,alta
José Garayzábal Patiño,persona,José Garayzábal Patiño,138,equipo,alta
"García Pulido, José",persona,José García Pulido,94,equipo,alta
José García Pulido,persona,José García Pulido,94,equipo,alta
José Gavito,persona,José Gavito,,equipo,media
José GISCAFRE,persona,José Giscafre,,equipo,media
José Guerisoli,persona,José Guerisoli,,equipo,media
José L.,persona,José L,,recortes,media
José Lasa,persona,José Lasa,,regla,media
Dr. José Liva,persona,José Liva,,recortes,media
José Liva,persona,José Liva,,recortes,media
José López Álvarez,persona,José López Álvarez,152,equipo,alta
"López Álvarez, José",persona,José López Álvarez,152,equipo,alta
José Luis E. PINASCO,persona,José Luis E. Pinasco,,equipo,media
José Luis Meana,persona,José Luis Meana,,recortes,media
José Luis Menghi,persona,José Luis Menghi,489,equipo,alta
"Menghi, José Luis",persona,José Luis Menghi,489,equipo,alta
José Luis Romero,persona,José Luis Romero,317,equipo,alta
"Romero, José Luis",persona,José Luis Romero,317,equipo,alta
José M.,persona,José M,,recortes,media
José M. Cigüela,persona,José M. Cigüela,,recortes,media
José M. IMAS,persona,José M. Imas,,equipo,media
José M. Yrigoyen,persona,José M. Yrigoyen,,recortes,media
José Manuel Moraña,persona,José Manuel Moraña,,equipo,media
José María Guido,persona,José María Guido,,recortes,media
José María Langlais,persona,José María Langlais,,recortes,media
José María Maidagán,persona,José María Maidagán,374,equipo,alta
"Maidagán, José María",persona,José María Maidagán,374,equipo,alta
José María Orensanz,persona,José María Orensanz,254,equipo,alta
"Orensanz, José María",persona,José María Orensanz,254,equipo,alta
José María Orentanz,persona,José María Orentanz,,regla,media
José María Peña,persona,José María Peña,497,equipo,alta
"Peña, José María",persona,José María Peña,497,equipo,alta
José María Raggio,persona,José María Raggio,225,equipo,alta
"Raggio, José María",persona,José María Raggio,225,equipo,alta
José MARTI,persona,José Marti,,recortes,media
"Irigoyen, José Miguel",persona,José Miguel Irigoyen,272,equipo,alta
José M. Irigoyen,persona,José Miguel Irigoyen,272,recortes,media
José Miguel Irigoyen,persona,José Miguel Irigoyen,272,equipo,alta
José Misdraji,persona,José Misdraji,,equipo,media
José Muñoz,persona,José Muñoz,242,equipo,alta
"Muñoz, José",persona,José Muñoz,242,equipo,alta
José N,persona,José N,,recortes,media
José N. Tte. Cnel. ROMERO,persona,José N. Tte. Cnel. Romero,,equipo,media
José Osuna Roa,persona,José Osuna Roa,,recortes,media
José Palotzky,persona,José Palotzky,472,equipo,alta
"Palotzky, José",persona,José Palotzky,472,equipo,alta
José Papávero Elizate,persona,José Papávero Elizate,383,equipo,alta
"Papávero Elizate, José",persona,José Papávero Elizate,383,equipo,alta
José Planas Casas,persona,José Planas Casas,,equipo,media
José Planes Casas,persona,José Planes Casas,,equipo,media
Dr. José R. BERGALLO,persona,José R. Bergallo,,recortes,media
José R. Bergallo,persona,José R. Bergallo,,recortes,media
José RUDERMAN,persona,José Ruderman,,equipo,media
"Campobassi, José Salvador",persona,José Salvador Campobassi,399,equipo,alta
José Salvador Campobassi,persona,José Salvador Campobassi,399,equipo,alta
José Solla,persona,José Solla,,equipo,media
José TREVIÑO,persona,José Treviño,,recortes,media
José VALLE,persona,José Valle,,equipo,media
José Vujevich,persona,José Vujevich,204,equipo,alta
"Vujevich, José",persona,José Vujevich,204,equipo,alta
José Zaci,persona,José Zaci,,equipo,media
José Zail,persona,José Zail,,notebook,baja
José Zali,persona,José Zali,9,equipo,alta
Zaci José,persona,José Zali,9,equipo,alta
"Zali, José",persona,José Zali,9,equipo,alta
Josef Albers,persona,Josef Albers,,equipo,media
Dña. Josefa Palacio,persona,Josefa Palacio Maglioli,10,decision,media
Josefa Palacio,persona,Josefa Palacio Maglioli,10,decision,media
Josefa Palacio Maglioli,persona,Josefa Palacio Maglioli,10,equipo,alta
"Palacio Maglioli, Josefa",persona,Josefa Palacio Maglioli,10,equipo,alta
Josefina Palacios Magliolli,persona,Josefina Palacios Magliolli,,recortes,media
Joseph HAMUNIE,persona,Joseph Hamunie,,equipo,media
Joseph J. TEUCHBERG,persona,Joseph J. Teuchberg,,recortes,media
Josué C.G. Fossatti,persona,Josué C.g. Fossatti,,notebook,baja
Dr. Josué Fossati,persona,Josué Fossati,189,notebook,baja
"Fossati, Josué",persona,Josué Fossati,189,equipo,alta
Josué C. G. Fossati,persona,Josué Fossati,189,notebook,baja
Josué Fossati,persona,Josué Fossati,189,equipo,alta
Joyería Osvaldino,persona,Joyería Osvaldino,,recortes,media
Juan A.,persona,Juan A,,recortes,media
Juan Alberto García,persona,Juan Alberto García,,notebook,baja
Juan Alberto Sugasti,persona,Juan Alberto Sugasti,359,equipo,alta
"Sugasti, Juan Alberto",persona,Juan Alberto Sugasti,359,equipo,alta
Juan Aldo Moro,persona,Juan Aldo Moro,471,equipo,alta
"Moro, Juan Aldo",persona,Juan Aldo Moro,471,equipo,alta
Juan Antonio Solari,persona,Juan Antonio Solari,388,equipo,alta
"Solari, Juan Antonio",persona,Juan Antonio Solari,388,equipo,alta
Juan BENITEZ MEDINA,persona,Juan Benitez Medina,,equipo,media
"Boglietti, Juan",persona,Juan Boglietti,88,equipo,alta
Juan Boglietti,persona,Juan Boglietti,88,equipo,alta
Juan C. Vidarte,persona,Juan C. Vidarte,,recortes,media
"Baggini, Juan Carlos",persona,Juan Carlos Baggini,47,equipo,alta
Juan Carlos Baggini,persona,Juan Carlos Baggini,47,equipo,alta
Juan Carlos L. BAGGINI,persona,Juan Carlos Baggini,47,equipo,media
J. C. Castagnino,persona,Juan Carlos Castagnino,,equipo,alta
Juan C. Castagnino,persona,Juan Carlos Castagnino,,recortes,media
Juan Carlos Castagnino,persona,Juan Carlos Castagnino,,equipo,alta
Juan Carlos Cedrón,persona,Juan Carlos Cedrón,,recortes,media
"Colombo, Juan Carlos",persona,Juan Carlos Colombo,,equipo,alta
Juan Carlos Colombo,persona,Juan Carlos Colombo,,equipo,alta
"Corbo, Juan Carlos",persona,Juan Carlos Corbo,422,equipo,alta
Juan Carlos Corbo,persona,Juan Carlos Corbo,422,equipo,alta
Juan Carlos del CERRO AVELLANEDA,persona,Juan Carlos del Cerro Avellaneda,,equipo,media
Juan Carlos Faggioli,persona,Juan Carlos Faggioli,,equipo,media
"Giannesci, Juan Carlos",persona,Juan Carlos Giannesci,230,equipo,alta
Juan Carlos Giannesci,persona,Juan Carlos Giannesci,230,equipo,alta
Juan Carlos Guerra,persona,Juan Carlos Guerra,,recortes,media
J. C. Labourdette,persona,Juan Carlos Labourdette,,equipo,alta
Juan Carlos Labourdette,persona,Juan Carlos Labourdette,,equipo,alta
Juan Carlos Langlois,persona,Juan Carlos Langlois,,equipo,media
Juan Carlos Rousselot,persona,Juan Carlos Rousselot,,recortes,media
"Juan de Dios BOGLIETTI, Aldo MENA",persona,"Juan de Dios Boglietti, Aldo Mena",,equipo,media
"""el gaucho Mena""",persona,Juan de Dios Mena,1,equipo,alta
J. D. Mena,persona,Juan de Dios Mena,1,decision,media
Juan D. Dios,persona,Juan de Dios Mena,1,equipo,alta
Juan D. Dios MENA,persona,Juan de Dios Mena,1,equipo,media
Juan de Dios,persona,Juan de Dios Mena,1,recortes,media
Juan de Dios Mena,persona,Juan de Dios Mena,1,equipo,alta
Mena,persona,Juan de Dios Mena,1,equipo,media
Juan de Dios Menna,persona,Juan de Dios Menna,,recortes,media
"de Raedemaeker, Juan",persona,Juan de Raedemaeker,299,equipo,alta
Juan B. de Raedemaeker,persona,Juan de Raedemaeker,299,recortes,media
Juan de Raedemaeker,persona,Juan de Raedemaeker,299,equipo,alta
"Grela, Juan",persona,Juan Grela,250,equipo,alta
J. Grela,persona,Juan Grela,250,equipo,alta
Juan Grela,persona,Juan Grela,250,equipo,alta
Juan Gris,persona,Juan Gris,,equipo,media
"Arribillaga, Juan José",persona,Juan José Arribillaga,66,equipo,alta
Dr. Juan José Arribillaga,persona,Juan José Arribillaga,66,notebook,baja
Juan José Arribillaga,persona,Juan José Arribillaga,66,equipo,alta
Juan José COTTER,persona,Juan José Cotter,,equipo,media
Juan L. Ortiz,persona,Juan L. Ortiz,,notebook,baja
Juan Luis Govi,persona,Juan Luis Govi,,recortes,media
Juan Mac Sweeney,persona,Juan Mac Sweeney,337,equipo,alta
"Mac Sweeney, Juan",persona,Juan Mac Sweeney,337,equipo,alta
Juan Mantovani,persona,Juan Mantovani,281,equipo,alta
"Mantovani, Juan",persona,Juan Mantovani,281,equipo,alta
Juan Manuel Fangio,persona,Juan Manuel Fangio,,regla,media
Juan Manuel Sánchez,persona,Juan Manuel Sánchez,,equipo,media
Juan Mauro Glorioso,persona,Juan Mauro Glorioso,,recortes,media
Juan Mena,persona,Juan Mena,,notebook,baja
Juan Moro,persona,Juan Moro,,recortes,media
Juan Otero,persona,Juan Otero,291,equipo,alta
"Otero, Juan",persona,Juan Otero,291,equipo,alta
Juan P. Dr. PICENA,persona,Juan P. Dr. Picena,,equipo,media
Juan P. Jaroslavsky,persona,Juan P. Jaroslavsky,,recortes,media
Juan P. PICENA,persona,Juan P. Picena,,equipo,media
Juan Pablo Donet,persona,Juan Pablo Donet,,recortes,media
Juan Pablo González,persona,Juan Pablo González,,recortes,media
Juan Pablo Jaroslavsky,persona,Juan Pablo Jaroslavsky,,regla,media
Juan Pinedo,persona,Juan Pinedo,298,equipo,alta
"Pinedo, Juan",persona,Juan Pinedo,298,equipo,alta
Juan R. Justo,persona,Juan R. Justo,412,equipo,alta
"Justo, Juan R.",persona,Juan R. Justo,412,equipo,alta
Juan Ramón GIMENEZ,persona,Juan Ramón Gimenez,,recortes,media
Juan Sanchez,persona,Juan Sanchez,,equipo,media
Juan Sol,persona,Juan Sol,,equipo,media
Juan Tamburini,persona,Juan Tamburini,397,equipo,alta
"Tamburini, Juan",persona,Juan Tamburini,397,equipo,alta
Juan Veloso,persona,Juan Veloso,,recortes,media
Juana Paeski,persona,Juana Paeski,,equipo,media
Juana Vittoria,persona,Juana Vittoria,,equipo,media
Julia Juárez,persona,Julia Juárez,,recortes,media
Julia Pieri de Puyan,persona,Julia Pieri de Puyan,,equipo,media
"Cáceres, Julián Reinaldo",persona,Julián Reinaldo Cáceres,4,equipo,alta
Julián R. Cáceres,persona,Julián Reinaldo Cáceres,4,regla,media
Julián Reinaldo Cáceres,persona,Julián Reinaldo Cáceres,4,equipo,alta
Julien Duvivier,persona,Julien Duvivier,,recortes,media
"Ballvé, Julieta",persona,Julieta Ballvé,53,equipo,alta
Julieta Ballvé,persona,Julieta Ballvé,53,equipo,alta
Julio C.,persona,Julio C,,recortes,media
Julio Castronuovo,persona,Julio Castronuovo,,recortes,media
Julio Cesar Vergotini,persona,Julio Cesar Vergotini,,equipo,media
Julio Constazo,persona,Julio Constazo,,equipo,media
"Acosta, Julio F.",persona,Julio F. Acosta,135,equipo,alta
Julio Acosta,persona,Julio F. Acosta,135,decision,media
Julio F. Acosta,persona,Julio F. Acosta,135,equipo,alta
Julio Laluf,persona,Julio Laluf,421,equipo,alta
"Laluf, Julio",persona,Julio Laluf,421,equipo,alta
Julio Le Parc,persona,Julio Le Parc,,equipo,media
Julio MARA,persona,Julio Mara,,equipo,media
Julio Migno,persona,Julio Migno,,recortes,media
Julio Mozzati,persona,Julio Mozzati,169,equipo,alta
"Mozzati, Julio",persona,Julio Mozzati,169,equipo,alta
Julio Pagano,persona,Julio Pagano,,equipo,media
Julio Payró,persona,Julio Payró,,recortes,media
Julio Scuffi,persona,Julio Scuffi,,notebook,baja
J. Vanzo,persona,Julio Vanzo,122,equipo,alta
Julio Vanzo,persona,Julio Vanzo,122,equipo,alta
"Vanzo, Julio",persona,Julio Vanzo,122,equipo,alta
Justiniano Reyes Dávila,persona,Justiniano Reyes Dávila,,recortes,media
Justo C. Morales,persona,Justo C. Morales,184,equipo,alta
"Morales, Justo C.",persona,Justo C. Morales,184,equipo,alta
Justo P. SAENZ,persona,Justo P. Sáenz,,recortes,media
Justo V. SAEM,persona,Justo V. Saem,,equipo,media
Justo Zamudio,persona,Justo Zamudio,455,equipo,alta
"Zamudio, Justo",persona,Justo Zamudio,455,equipo,alta
Kayser Argentina,persona,Kayser Argentina,,recortes,media
Korn Blit,persona,Korn Blit,,notebook,baja
Kornel Z. Mehecz,persona,Kornel Z. Mehecz,,recortes,media
Kurt Schwitters,persona,Kurt Schwitters,,equipo,media
L.O. BOERO,persona,L.o. Boero,,equipo,media
"""la bella y querida Bocha Friaptituta""",persona,la bella y querida Bocha Friaptituta,,notebook,baja
"""La Calesita""",persona,La Calesita,,recortes,media
La Litoraleña,persona,La Litoraleña,,recortes,media
LA PAREJA,persona,La Pareja,,recortes,media
La Peña,persona,La Peña,,recortes,media
Lagos Szalay,persona,Lagos Szalay,,equipo,media
Lan Chile,persona,Lan Chile,,recortes,media
Laura Gronda,persona,Laura Gronda,,equipo,media
Laura Martínez Philippon,persona,Laura Martínez Philippon,488,equipo,alta
"Martínez Philippon, Laura",persona,Laura Martínez Philippon,488,equipo,alta
Laura Mulhall,persona,Laura Mulhall,,equipo,media
Lautrel Degas,persona,Lautrel Degas,,equipo,media
Lea Lublin,persona,Lea Lublin,319,equipo,alta
"Lublin, Lea",persona,Lea Lublin,319,equipo,alta
Leandra Boutique,persona,Leandra Boutique,,recortes,media
"Cis, Leandro",persona,Leandro Cis,470,equipo,alta
Leandro Cis,persona,Leandro Cis,470,equipo,alta
Leandro M.,persona,Leandro M,,recortes,media
Leence CLEMENT,persona,Leence Clement,,recortes,media
Leo Tavella,persona,Leo Tavella,,equipo,media
Leo Vinci,persona,Leo Vinci,,equipo,media
León Felipe,persona,León Felipe,,equipo,alta
Léon Ferrari,persona,Léon Ferrari,,equipo,media
"Clément, Léonce",persona,Léonce Clément,84,equipo,alta
Léonce Clément,persona,Léonce Clément,84,equipo,alta
"Barletta, Leónidas",persona,Leónidas Barletta,180,equipo,alta
L. Barletta,persona,Leónidas Barletta,180,equipo,alta
Leónidas Barletta,persona,Leónidas Barletta,180,equipo,alta
Leonidas BARLLETA,persona,Leonidas Barlleta,,equipo,media
Leopoldo Lugones,persona,Leopoldo Lugones,,recortes,media
Leopoldo Portnoy,persona,Leopoldo Portnoy,234,equipo,alta
"Portnoy, Leopoldo",persona,Leopoldo Portnoy,234,equipo,alta
Leopoldo Presas,persona,Leopoldo Presas,340,equipo,alta
"Presas, Leopoldo",persona,Leopoldo Presas,340,equipo,alta
Letras de América,persona,Letras de América,,recortes,media
Letras de la U.B.A,persona,Letras de la U.b.a,,recortes,media
A. Badii,persona,Líbero Badíi,310,equipo,alta
"Badíi, Líbero",persona,Líbero Badíi,310,equipo,alta
L. Badíi,persona,Líbero Badíi,310,notebook,baja
Libero Badí,persona,Líbero Badíi,310,equipo,alta
Líbero Badíi,persona,Líbero Badíi,310,equipo,alta
"Lataza de Wendel, Lida",persona,Lida Lataza de Wendel,150,equipo,alta
Lida Lataza de Wendel,persona,Lida Lataza de Wendel,150,equipo,alta
Lidia Guasti,persona,Lidia Guasti,,regla,media
"Guasti de Rodríguez, Lidia",persona,Lidia Guasti de Rodríguez,217,equipo,alta
Lidia Guasti de Rodríguez,persona,Lidia Guasti de Rodríguez,217,equipo,alta
Lidia Lataza de Wenzel,persona,Lidia Lataza de Wenzel,,recortes,media
Ligia Nydia BLANCHARD,persona,Ligia Nydia Blanchard,,equipo,media
Lila Mora,persona,Lila Mora,,recortes,media
Lila Mora y Araujo,persona,Lila Mora y Araujo,355,equipo,alta
"Mora y Araujo, Lila",persona,Lila Mora y Araujo,355,equipo,alta
"Censi de Del Mónico, Lilí",persona,Lilí Censi de Del Mónico,309,equipo,alta
Lilí Censi de Del Mónico,persona,Lilí Censi de Del Mónico,309,equipo,alta
Lili Del Monico,persona,Lili Del Monico,,equipo,media
Lilia Claret de VOOGD,persona,Lilia Claret de Voogd,,equipo,media
Linda Banti,persona,Linda Banti,,regla,media
Lino E. Spilimbergo,persona,Lino Enea Spilimbergo,,equipo,media
Lino Enea Spilimbergo,persona,Lino Enea Spilimbergo,,equipo,alta
Lino Spilimbergo,persona,Lino Enea Spilimbergo,,equipo,alta
Lino Mancuello,persona,Lino Mancuello,,recortes,media
Lino R. Torres,persona,Lino R. Torres,,regla,media
Lino Torres,persona,Lino Torres,,recortes,media
Logia de Corrientes,persona,Logia de Corrientes,,recortes,media
Lola Diamante,persona,Lola Diamante,,equipo,media
Longhi de Bendersky,persona,Longhi de Bendersky,,recortes,media
Lope de Vega,persona,Lope de Vega,,recortes,media
Loren Maciver,persona,Loren Maciver,,equipo,media
"Domínguez, Lorenzo",persona,Lorenzo Domínguez,51,equipo,alta
L. Domínguez,persona,Lorenzo Domínguez,51,equipo,alta
Lorenzo Domínguez,persona,Lorenzo Domínguez,51,equipo,alta
Lorenzo Schenone,persona,Lorenzo Schenone,,regla,media
Loreta Melovo,persona,Loreta Melovo,,regla,media
"""LOS COMEDIANTES DE LA RUTA""",persona,Los Comediantes de la Ruta,,recortes,media
Los Huaca-Hua,persona,Los Huaca-Hua,,recortes,media
Los Paranaceros,persona,Los Paranaceros,,recortes,media
Los Paranaeros,persona,Los Paranaeros,,recortes,media
Los Virasoro,persona,Los Virasoro,,recortes,media
Lucia Franco,persona,Lucia Franco,,equipo,media
Lucía K. De BRODERMAN,persona,Lucía K. De Broderman,,equipo,media
Lucio CASTIGLIONI,persona,Lucio Castiglioni,,equipo,media
Lucio Correa Morales,persona,Lucio Correa Morales,,equipo,media
L. Fontana,persona,Lucio Fontana,,equipo,alta
Lucio Fontana,persona,Lucio Fontana,,equipo,alta
Lucio Rizzotti,persona,Lucio Rizzotti,,recortes,media
Lucrecia Morgan de Schanton,persona,Lucrecia Morgan de Schanton,222,equipo,alta
"Morgan de Schanton, Lucrecia",persona,Lucrecia Morgan de Schanton,222,equipo,alta
Ludovico Paganini,persona,Ludovico Paganini,,equipo,media
Luis A. Romero,persona,Luis A. Romero,,recortes,media
Luis Ángel Firpo,persona,Luis Ángel Firpo,,regla,media
Luis Barragán,persona,Luis Barragán,,equipo,media
Luis Bastian,persona,Luis Bastian,,recortes,media
Luis Bautista De Marco,persona,Luis Bautista De Marco,,equipo,media
Luis Braille,persona,Luis Braille,,recortes,media
Luis Cáceres,persona,Luis Cáceres,,recortes,media
Luis Centurión,persona,Luis Centurión,,equipo,media
"Chwojnik, Luis",persona,Luis Chwojnik,,equipo,alta
Luis Chwojnik,persona,Luis Chwojnik,,equipo,alta
Luis D.,persona,Luis D,,recortes,media
Luis David Rizzotti,persona,Luis David Rizzotti,280,equipo,alta
"Rizzotti, Luis David",persona,Luis David Rizzotti,280,equipo,alta
"Del Negro, Luis",persona,Luis Del Negro,107,equipo,alta
Luis Del Negro,persona,Luis Del Negro,107,equipo,alta
Luis Dr. GOVI,persona,Luis Dr. Govi,,equipo,media
Luis F. QUARANTA,persona,Luis F. Quaranta,,equipo,media
Luis Falchini,persona,Luis Falchini,,notebook,baja
Luis Falcini,persona,Luis Falcini,,equipo,media
"Feldman Josín, Luis",persona,Luis Feldman Josín,431,equipo,alta
Luis Feldman Josín,persona,Luis Feldman Josín,431,equipo,alta
"Libendinsky, Luis Felipe",persona,Luis Felipe Libendinsky,243,equipo,alta
Luis Felipe Libendinsky,persona,Luis Felipe Libendinsky,243,equipo,alta
Luis Felipe Noé,persona,Luis Felipe Noé,,equipo,media
Luis Franco,persona,Luis Franco,,recortes,media
Luis Galán Nuñez,persona,Luis Galán Nuñez,,equipo,media
Luis GIAMEO,persona,Luis Giameo,,equipo,media
Luis Gobi,persona,Luis Gobi,,recortes,media
Dr. Luis GOVI,persona,Luis Govi,,recortes,media
Luis Govi,persona,Luis Govi,,equipo,alta
Luis Gusberti,persona,Luis Gusberti,,regla,media
Maestro Luis Gusberti,persona,Luis Gusberti,,regla,media
Luis L. DOLMAN,persona,Luis L. Dolman,,equipo,media
Luis Landriscina,persona,Luis Landriscina,,recortes,media
Luis León,persona,Luis León,,recortes,media
"Bello, Luis Mario",persona,Luis Mario Bello,185,equipo,alta
Luis Mario Bello,persona,Luis Mario Bello,185,equipo,alta
Luis Michelon,persona,Luis Michelon,,equipo,media
Luis Mijaylides,persona,Luis Mijaylides,2,equipo,alta
"Mijaylides, Luis",persona,Luis Mijaylides,2,equipo,alta
Luis Moguillansky,persona,Luis Moguillansky,39,equipo,alta
"Moguillansky, Luis",persona,Luis Moguillansky,39,equipo,alta
Luis Montenegro,persona,Luis Montenegro,,equipo,media
"León, Luis Osvaldo",persona,Luis Osvaldo León,464,equipo,alta
Luis Osvaldo León,persona,Luis Osvaldo León,464,equipo,alta
Luis Palacios Rivas,persona,Luis Palacios Rivas,,recortes,media
Luis Pellegrini,persona,Luis Pellegrini,,equipo,media
Luis Perlotti,persona,Luis Perlotti,,notebook,baja
Luis RODRIGUEZ AYBAR,persona,Luis Rodriguez Aybar,,equipo,media
Luis Schmid,persona,Luis Schmid,,recortes,media
L. Seoane,persona,Luis Seoane,,equipo,alta
Luis Seoane,persona,Luis Seoane,,equipo,alta
Luis SIRIGRO,persona,Luis Sirigro,,equipo,media
Luis Viola,persona,Luis Viola,300,equipo,alta
"Viola, Luis",persona,Luis Viola,300,equipo,alta
Luisa Isabel Isella de Motteau,persona,Luisa Isabel Isella de Motteau,,equipo,media
Luisa Valenzuela,persona,Luisa Valenzuela,366,equipo,alta
"Valenzuela, Luisa",persona,Luisa Valenzuela,366,equipo,alta
Luisa VEHIL,persona,Luisa Vehil,,recortes,media
Luisito Landriscina,persona,Luisito Landriscina,,recortes,media
Lydé Lisant,persona,Lydé Lisant,,recortes,media
LYNCH ARRIBALZAGA,persona,Lynch Arribalzaga,,recortes,media
M.B. ROSSANI,persona,M.b. Rossani,,equipo,media
"Kistenmacher de Lestorneau, M. L.",persona,M. L. Kistenmacher de Lestorneau,168,equipo,alta
M. L. Kistenmacher de Lestorneau,persona,M. L. Kistenmacher de Lestorneau,168,equipo,alta
"Lataza, M. Livio",persona,M. Livio Lataza,36,equipo,alta
M. Livio Lataza,persona,M. Livio Lataza,36,equipo,alta
Mabel Bonome,persona,Mabel Bonome,,regla,media
Ν. Mac Donnell,persona,Ν. Mac Donnell,,equipo,media
MAC DOUGALL,persona,Mac Dougall,,recortes,media
"Braumüller, Manfredo",persona,Manfredo Braumüller,330,equipo,alta
Manfredo Braumüller,persona,Manfredo Braumüller,330,equipo,alta
Manolo Varela,persona,Manolo Varela,,regla,media
Manuel Alvarez,persona,Manuel Alvarez,,equipo,media
Manuel ARAGÓN,persona,Manuel Aragón,,equipo,media
Manuel Espinosa,persona,Manuel Espinosa,,equipo,media
Manuel García,persona,Manuel García,,recortes,media
"Giménez, Manuel",persona,Manuel Giménez,43,equipo,alta
Manuel Giménez,persona,Manuel Giménez,43,equipo,alta
"González Ligier, Manuel",persona,Manuel González Ligier,100,equipo,alta
Manuel González Ligier,persona,Manuel González Ligier,100,equipo,alta
Manuel Horacio GARDEL,persona,Manuel Horacio Gardel,,equipo,media
Manuel J. CASTILLA,persona,Manuel J. Castilla,,recortes,media
Manuel J. FRANCIONI,persona,Manuel J. Francioni,,equipo,media
Manuel Paleo,persona,Manuel Paleo,163,equipo,alta
"Paleo, Manuel",persona,Manuel Paleo,163,equipo,alta
Manuel RODRIGUEZ,persona,Manuel Rodriguez,,equipo,media
Manuel Solis,persona,Manuel Solis,,equipo,media
Manuel Varela,persona,Manuel Varela,140,equipo,alta
"Varela, Manuel",persona,Manuel Varela,140,equipo,alta
Manuel Varela (h.),persona,Manuel Varela (h),,regla,media
Manuel Zorrilla,persona,Manuel Zorrilla,,equipo,media
Marc Chagall,persona,Marc Chagall,,equipo,media
Marcela Sola,persona,Marcela Sola,361,equipo,alta
"Sola, Marcela",persona,Marcela Sola,361,equipo,alta
Marcelo Adolfo Gustin,persona,Marcelo Adolfo Gustin,,notebook,baja
Marcelo Anibal BOGLIETTI,persona,Marcelo Anibal Boglietti,,equipo,media
Marcelo F.,persona,Marcelo F,,recortes,media
Arq. Marcelo A. Gustin,persona,Marcelo Gustin,,notebook,baja
Arq. Marcelo Gustin,persona,Marcelo Gustin,,notebook,baja
Marcelo A. Gustin,persona,Marcelo Gustin,,notebook,baja
Marcelo Gustin,persona,Marcelo Gustin,,equipo,alta
Marcelo Pacheco,persona,Marcelo Pacheco,,equipo,media
Marcelo Premoli,persona,Marcelo Premoli,198,equipo,alta
"Premoli, Marcelo",persona,Marcelo Premoli,198,equipo,alta
Marcial Alegre,persona,Marcial Alegre,,notebook,baja
Marco Aurelio Moncada,persona,Marco Aurelio Moncada,244,equipo,alta
"Moncada, Marco Aurelio",persona,Marco Aurelio Moncada,244,equipo,alta
Marcos Aguinis,persona,Marcos Aguinis,,recortes,media
"Marangunic, Marcos",persona,Marcos Marangunic,266,equipo,alta
Marcos Marangunic,persona,Marcos Marangunic,266,equipo,alta
Marcos R. Marangunic,persona,Marcos Marangunic,266,recortes,media
Marcos Moncada,persona,Marcos Moncada,,regla,media
Marcos Sanjurjo,persona,Marcos Sanjurjo,,regla,media
Marcos Schwab,persona,Marcos Schwab,108,equipo,alta
"Schwab, Marcos",persona,Marcos Schwab,108,equipo,alta
Marcos Tiglio,persona,Marcos Tiglio,,recortes,media
Margarita Palmer,persona,Margarita Palmer,416,equipo,alta
"Palmer, Margarita",persona,Margarita Palmer,416,equipo,alta
"Capponi, Mari",persona,Mari Capponi,334,equipo,alta
Mari Capponi,persona,Mari Capponi,334,equipo,alta
"Bosco, María Angélica",persona,María Angélica Bosco,346,equipo,alta
María Angélica Bosco,persona,María Angélica Bosco,346,equipo,alta
María Antonia Doglio,persona,María Antonia Doglio,,regla,media
María C,persona,María C,,recortes,media
"Govi, María de",persona,María de Govi,57,equipo,alta
María de Govi,persona,María de Govi,57,equipo,alta
María del Carmen,persona,María del Carmen,,recortes,media
"Galvarini, María del Cármen",persona,María del Cármen Galvarini,467,equipo,alta
María del Cármen Galvarini,persona,María del Cármen Galvarini,467,equipo,alta
Maria Dolores,persona,Maria Dolores,,recortes,media
"Delovo de Sánz Lajara, María Elena",persona,María Elena Delovo de Sánz Lajara,142,equipo,alta
María Elena Delovo de Sánz Lajara,persona,María Elena Delovo de Sánz Lajara,142,equipo,alta
María Élida Castells,persona,María Élida Castells,,regla,media
Maria Estela,persona,Maria Estela,,recortes,media
"de Miguel, María Esther",persona,María Esther de Miguel,409,equipo,alta
María Esther de Miguel,persona,María Esther de Miguel,409,equipo,alta
"Fux, María",persona,María Fux,220,equipo,alta
M. Fux,persona,María Fux,220,equipo,alta
María Fux,persona,María Fux,220,equipo,alta
"Carosonte, María Leticia",persona,María Leticia Carosonte,482,equipo,alta
María Leticia Carosonte,persona,María Leticia Carosonte,482,equipo,alta
"Gabardini de Fetz, María Luisa",persona,María Luisa Gabardini de Fetz,19,equipo,alta
María Luisa Gabardini de Fetz,persona,María Luisa Gabardini de Fetz,19,equipo,alta
María Luisa Lagerheim de Varela,persona,María Luisa Lagerheim de Varela,,recortes,media
María Martorell,persona,María Martorell,,equipo,media
María Moeskops,persona,María Moeskops,,regla,media
María Raquel Lartigue,persona,María Raquel Lartigue,,equipo,media
María Rocchi,persona,María Rocchi,,equipo,media
María Rosa González,persona,María Rosa González,,regla,media
María Rosa Moreton,persona,María Rosa Moreton,,equipo,media
"de Peper, María Teresa",persona,María Teresa de Peper,293,equipo,alta
María Teresa de Peper,persona,María Teresa de Peper,293,equipo,alta
María Teresa Varela de Torres,persona,María Teresa Varela de Torres,,recortes,media
María Tilia Rosas de Jouliá,persona,María Tilia Rosas de Jouliá,290,equipo,alta
"Rosas de Jouliá, María Tilia",persona,María Tilia Rosas de Jouliá,290,equipo,alta
María Urdapilleta de Boglietti,persona,María Urdapilleta de Boglietti,,recortes,media
Marian Wieczorek,persona,Marian Wieczorek,457,equipo,alta
"Wieczorek, Marian",persona,Marian Wieczorek,457,equipo,alta
Mariano Barilari,persona,Mariano Barilari,,equipo,media
M. Pagés,persona,Mariano Pagés,,equipo,alta
Mariano Pagés,persona,Mariano Pagés,,equipo,alta
Marie Pastor,persona,Marie Pastor,,recortes,media
Marilín Mancebo,persona,Marilín Mancebo,,recortes,media
Marina HERRERA CAMPOS,persona,Marina Herrera Campos,,equipo,media
Mario A. Esgrelli,persona,Mario A. Esgrelli,,equipo,media
Mario Anzamizzi,persona,Mario Anzamizzi,,equipo,media
Dr. Mario CHAPO BORTAGARAY,persona,Mario Chapo Bortagaray,,recortes,media
Mario Chapo Bortagaray,persona,Mario Chapo Bortagaray,,recortes,media
"Chapo Bortagay, Mario",persona,Mario Chapo Bortagay,411,equipo,alta
Mario Chapo Bortagay,persona,Mario Chapo Bortagay,411,equipo,alta
Mario Grandi,persona,Mario Grandi,,equipo,media
Mario Grillo,persona,Mario Grillo,,equipo,media
Mario Guillermo PODESTA,persona,Mario Guillermo Podesta,,equipo,media
Mario Heredia,persona,Mario Heredia,,equipo,media
Mario Loza,persona,Mario Loza,,equipo,media
"Mangiaterra, Mario",persona,Mario Mangiaterra,205,equipo,alta
Mario Mangiaterra,persona,Mario Mangiaterra,205,equipo,alta
Mario Marini,persona,Mario Marini,,equipo,media
Mario MARZORATI,persona,Mario Marzorati,,equipo,media
Mario Mosch,persona,Mario Mosch,,recortes,media
Mario Pucciarelli,persona,Mario Pucciarelli,,notebook,baja
Mario Rossi,persona,Mario Rossi,,recortes,media
M. Rosso,persona,Mario Rosso,,equipo,alta
Mario Rosso,persona,Mario Rosso,,equipo,alta
Mario Soffici,persona,Mario Soffici,,recortes,media
Mario WILLIANS,persona,Mario Willians,,equipo,media
Marta De Ferrari,persona,Marta De Ferrari,,equipo,media
"Lynch, Marta",persona,Marta Lynch,354,equipo,alta
Marta Lynch,persona,Marta Lynch,354,equipo,alta
Marta Molina Gowland de Posse,persona,Marta Molina Gowland de Posse,498,equipo,alta
"Molina Gowland de Posse, Marta",persona,Marta Molina Gowland de Posse,498,equipo,alta
Marta Mosquera,persona,Marta Mosquera,372,equipo,alta
"Mosquera, Marta",persona,Marta Mosquera,372,equipo,alta
Marta Vignau,persona,Marta Vignau,194,equipo,alta
"Vignau, Marta",persona,Marta Vignau,194,equipo,alta
Martha Gavensky,persona,Martha Gavensky,,equipo,media
Martha Varela,persona,Martha Varela,,recortes,media
Martín Pampín,persona,Martín Pampín,228,equipo,alta
"Pampín, Martín",persona,Martín Pampín,228,equipo,alta
Martín Pret,persona,Martín Pret,,recortes,media
Martín Rampín,persona,Martín Rampín,,regla,baja
Mary Capponi,persona,Mary Capponi,,recortes,media
Mary Verón,persona,Mary Verón,,equipo,media
Maurice Elbaz,persona,Maurice Elbaz,,recortes,media
Maurice Utrillo,persona,Maurice Utrillo,,equipo,media
"Dolberg, Mauricio",persona,Mauricio Dolberg,323,equipo,alta
Mauricio Dolberg,persona,Mauricio Dolberg,323,equipo,alta
Mauro Boglietti,persona,Mauro Boglietti,,notebook,baja
Mauro Glorioso,persona,Mauro Glorioso,,equipo,media
Mauro Núñez,persona,Mauro Núñez,190,equipo,alta
"Núñez, Mauro",persona,Mauro Núñez,190,equipo,alta
"Dickman, Max",persona,Max Dickman,483,equipo,alta
Max Dickman,persona,Max Dickman,483,equipo,alta
Max Ernst,persona,Max Ernst,,equipo,media
Max Frisch,persona,Max Frisch,,recortes,media
"Garavito, Maximiliam",persona,Maximiliam Garavito,191,equipo,alta
Maximiliam Garavito,persona,Maximiliam Garavito,191,equipo,alta
Máximo Carlos Dr. SOTO,persona,Máximo Carlos Dr. Soto,,equipo,media
Máximo Vázquez Llona,persona,Máximo Vázquez Llona,,recortes,media
Mc Cloud,persona,Mc Cloud,,recortes,media
Sr. Mc Cloud,persona,Mc Cloud,,recortes,media
Mecha Casal,persona,Mecha Casal,,equipo,media
Mecha Ortiz,persona,Mecha Ortiz,288,equipo,alta
"Ortiz, Mecha",persona,Mecha Ortiz,288,equipo,alta
Medina Ortiz,persona,Medina Ortiz,,regla,baja
Mel Helstein,persona,Mel Helstein,,recortes,media
Mempo Giardinelli,persona,Mempo Giardinelli,,recortes,media
Michel de GHELDERODE,persona,Michel de Ghelderode,,recortes,media
Michel FORMOSA,persona,Michel Formosa,,recortes,media
Michel Lataza,persona,Michel Lataza,,regla,media
Michel PERRIN,persona,Michel Perrin,,recortes,media
Michel Piccoli,persona,Michel Piccoli,,recortes,media
Michèle Morgan,persona,Michèle Morgan,,recortes,media
Miguel A.,persona,Miguel A,,recortes,media
Miguel A. MASCORÓ,persona,Miguel A. Mascoró,,equipo,media
Miguel Alonso,persona,Miguel Alonso,,recortes,media
"Garrido, Miguel Angel",persona,Miguel Angel Garrido,315,equipo,alta
Miguel Angel Garrido,persona,Miguel Angel Garrido,315,equipo,alta
Miguel Angel GÓMEZ,persona,Miguel Angel Gómez,,equipo,media
Coronel (R) Miguel Ángel Mascaró,persona,Miguel Ángel Mascaró,,regla,media
Miguel Ángel Mascaró,persona,Miguel Ángel Mascaró,,regla,media
Miguel Ballesteros,persona,Miguel Ballesteros,,equipo,media
"Brascó, Miguel",persona,Miguel Brascó,213,equipo,alta
M. Brascó,persona,Miguel Brascó,213,equipo,alta
Miguel Brascó,persona,Miguel Brascó,213,equipo,alta
Miguelito Brascó,persona,Miguel Brascó,213,notebook,baja
Miguel Bruno,persona,Miguel Bruno,,regla,media
Miguel Dávila,persona,Miguel Dávila,,equipo,media
"Figuero Román, Miguel",persona,Miguel Figuero Román,326,equipo,alta
Miguel Figuero Román,persona,Miguel Figuero Román,326,equipo,alta
Miguel HERNANDEZ,persona,Miguel Hernandez,,recortes,media
Miguel L. SARBERIS,persona,Miguel L. Sarberis,,equipo,media
Miguel Lawrence,persona,Miguel Lawrence,,equipo,media
"Lozano Muñoz, Miguel",persona,Miguel Lozano Muñoz,126,equipo,alta
Miguel Lozano Muñoz,persona,Miguel Lozano Muñoz,126,equipo,alta
"Manrique, Miguel Mom",persona,Miguel Mom Manrique,294,equipo,alta
Miguel Mom Manrique,persona,Miguel Mom Manrique,294,equipo,alta
Miguel Moragues,persona,Miguel Moragues,278,equipo,alta
Moragues,persona,Miguel Moragues,278,equipo,media
"Moragues, Miguel",persona,Miguel Moragues,278,equipo,alta
Miguel O. L. CHASELON,persona,Miguel O. L. Chaselon,,equipo,media
Miguel PÉREZ TURNER,persona,Miguel Pérez Turner,,equipo,media
Miguel Ríos,persona,Miguel Ríos,350,equipo,alta
"Ríos, Miguel",persona,Miguel Ríos,350,equipo,alta
Miguel Tesón,persona,Miguel Tesón,197,equipo,alta
"Tesón, Miguel",persona,Miguel Tesón,197,equipo,alta
Mila Boutique,persona,Mila Boutique,,recortes,media
Milo Lockett,persona,Milo Lockett,,equipo,media
Mimi Di Luzio,persona,Mimi Di Luzio,,recortes,media
Mimí Solitro de Brenta,persona,Mimí Solitro de Brenta,481,equipo,alta
"Solitro de Brenta, Mimí",persona,Mimí Solitro de Brenta,481,equipo,alta
Mirbel López,persona,Mirbel López,,recortes,media
Mirke TAVICA,persona,Mirke Tavica,,recortes,media
"Bentolila, Moisés",persona,Moisés Bentolila,428,equipo,alta
Moisés Bentolila,persona,Moisés Bentolila,428,equipo,alta
Moisés Chilese,persona,Moisés Chilese,,regla,media
Moisés L,persona,Moisés L,,recortes,media
Dr. Moisés L. Penchansky,persona,Moisés L. Penchansky,34,notebook,baja
Moisés L. Penchansky,persona,Moisés L. Penchansky,34,equipo,alta
Moisés León Penchansky,persona,Moisés L. Penchansky,34,notebook,baja
Moisés Penchansky,persona,Moisés L. Penchansky,34,recortes,media
Moisés Penchasky,persona,Moisés L. Penchansky,34,equipo,alta
"Penchasky, Moisés",persona,Moisés L. Penchansky,34,equipo,alta
"Chiapello de Frangioli, Mónica",persona,Mónica Chiapello de Frangioli,466,equipo,alta
Mónica Chiapello de Frangioli,persona,Mónica Chiapello de Frangioli,466,equipo,alta
Mónica Soler,persona,Mónica Soler,,equipo,media
Monique Rozanes,persona,Monique Rozanes,,equipo,media
Mons. Bolatti,persona,Mons. Bolatti,,recortes,media
Mujica Lainez,persona,Mujica Lainez,,recortes,media
Nadecha Shoeneman,persona,Nadecha Shoeneman,,recortes,media
Nasario Maderna,persona,Nasario Maderna,,recortes,media
N. Knopp,persona,Naum Knop,,equipo,alta
Naum Knop,persona,Naum Knop,,equipo,alta
Naum Knopp,persona,Naum Knop,,notebook,baja
Naún Knop,persona,Naum Knop,,equipo,alta
Dr. Nazario Maderna,persona,Nazario Maderna,,notebook,baja
Nazario Maderna,persona,Nazario Maderna,,recortes,media
"Maderna, Nazario (Tato)",persona,Nazario (Tato) Maderna,59,equipo,alta
Nazario (Tato) Maderna,persona,Nazario (Tato) Maderna,59,equipo,alta
Negra RIOS,persona,Negra Rios,,equipo,media
Negro Mena,persona,Negro Mena,,notebook,baja
Kay,persona,Neil Mac Kay,426,equipo,media
"Mac Kay, Neil",persona,Neil Mac Kay,426,equipo,alta
Neil Mac Kay,persona,Neil Mac Kay,426,equipo,alta
Nelia Lincenziato,persona,Nelia Lincenziato,,equipo,media
Nélida A. Ledesma,persona,Nélida A. Ledesma,,notebook,baja
Nélida Etcheverry,persona,Nélida Etcheverry,,recortes,media
Nélida Giorgia de Viola,persona,Nélida Giorgia de Viola,,recortes,media
Nélida L. Ledesma,persona,Nélida L. Ledesma,,notebook,baja
Nélida Ledesma,persona,Nélida Ledesma,,notebook,baja
Nelly Alvarez,persona,Nelly Alvarez,,equipo,media
Nelly de Vacarezza,persona,Nelly de Vacarezza,,recortes,media
"Garbers, Nelly",persona,Nelly Garbers,264,equipo,alta
Nelly Garbers,persona,Nelly Garbers,264,equipo,alta
Nelly Meden,persona,Nelly Meden,,recortes,media
Nelly Vaccarezza de Vaccarezza,persona,Nelly Vaccarezza de Vaccarezza,,regla,media
Dr. Nenú Jaroslavsky,persona,Nenú Jaroslavsky,,notebook,baja
Nenú Jaroslavsky,persona,Nenú Jaroslavsky,,notebook,baja
Néstor Corral,persona,Néstor Corral,,equipo,media
Nestor Suarez Aboy,persona,Nestor Suarez Aboy,,recortes,media
Néstor Tere,persona,Néstor Tere,,equipo,media
Nicanor Zabaleta,persona,Nicanor Zabaleta,,equipo,alta
Nicasio Fernandez,persona,Nicasio Fernandez,,equipo,media
Fernández Mar,persona,Nicasio Fernández Mar,,equipo,alta
N. Fernández Mar,persona,Nicasio Fernández Mar,,equipo,alta
Nicasio Fernández Mar,persona,Nicasio Fernández Mar,,equipo,alta
"de San Luis, Nicolás Antonio",persona,Nicolás Antonio de San Luis,240,equipo,alta
Nicolás A. DE SAN LUIS,persona,Nicolás Antonio de San Luis,240,recortes,media
Nicolás Antonio de San Luis,persona,Nicolás Antonio de San Luis,240,equipo,alta
Nicolás Babini,persona,Nicolás Babini,,recortes,media
"Bancalari, Nicolás",persona,Nicolás Bancalari,392,equipo,alta
Nicolás Bancalari,persona,Nicolás Bancalari,392,equipo,alta
Nicolás M. Bancalari,persona,Nicolás Bancalari,392,notebook,baja
Nicolás García Uriburu,persona,Nicolás García Uriburu,,equipo,media
"Garmón, Nicolas",persona,Nicolas Garmón,115,equipo,alta
Nicolas Garmón,persona,Nicolas Garmón,115,equipo,alta
N. Guillén,persona,Nicolás Guillén,,equipo,alta
Nicolás Guillén,persona,Nicolás Guillén,,equipo,alta
Dr. Nicolás Juárez García,persona,Nicolás Juárez García,,regla,media
Nicolás Juárez García,persona,Nicolás Juárez García,,regla,media
Nicolás René DI FONZO,persona,Nicolás René Di Fonzo,,equipo,media
Nicolás Rubio,persona,Nicolás Rubio,,equipo,media
Nilda Britos,persona,Nilda Britos,,regla,media
"Cigersa, Nity de",persona,Nity de Cigersa,102,equipo,alta
Nity de Cigersa,persona,Nity de Cigersa,102,equipo,alta
Nivoullies de Pierrefort,persona,Nivoullies de Pierrefort,,equipo,media
Noel COWARD,persona,Noel Coward,,recortes,media
N. Gerstein,persona,Noemí Gerstein,,equipo,alta
Noemí Gerstein,persona,Noemí Gerstein,,equipo,alta
Noemí SALAS,persona,Noemí Salas,,equipo,media
Noni Bancalari,persona,Noni Bancalari,,notebook,baja
"Baravalle, Norberto",persona,Norberto Baravalle,,equipo,alta
Norberto Baravalle,persona,Norberto Baravalle,,equipo,alta
Norberto Pagano,persona,Norberto Pagano,,equipo,media
Norberto Spolansky,persona,Norberto Spolansky,,recortes,media
Norma Guastavino,persona,Norma Guastavino,,equipo,media
Norma Palmieri de Piccinato,persona,Norma Palmieri de Piccinato,63,equipo,alta
"Palmieri de Piccinato, Norma",persona,Norma Palmieri de Piccinato,63,equipo,alta
"""Nueva Danza""",persona,Nueva Danza,,recortes,media
"Caletti, Oberdam",persona,Oberdam Caletti,248,equipo,alta
Oberdam Caletti,persona,Oberdam Caletti,248,equipo,alta
Oberdán Caletti,persona,Oberdán Caletti,,equipo,alta
Odair Pedroso,persona,Odair Pedroso,233,equipo,alta
"Pedroso, Odair",persona,Odair Pedroso,233,equipo,alta
Ofelia Fisman,persona,Ofelia Fisman,,equipo,media
Ofelia P. De MORALES,persona,Ofelia P. De Morales,,equipo,media
Olegario Valdéz,persona,Olegario Valdéz,331,equipo,alta
"Valdéz, Olegario",persona,Olegario Valdéz,331,equipo,alta
Olga Alfonso,persona,Olga Alfonso,,recortes,media
Olga Ricca,persona,Olga Ricca,165,equipo,alta
"Ricca, Olga",persona,Olga Ricca,165,equipo,alta
Orencio SÁNCHEZ,persona,Orencio Sánchez,,equipo,media
"de Biasi, Orlando",persona,Orlando de Biasi,404,equipo,alta
Orlando de Biasi,persona,Orlando de Biasi,404,equipo,alta
Orlando Eloy Cuesta,persona,Orlando Eloy Cuesta,,recortes,media
"Moreno, Orlando",persona,Orlando Moreno,117,equipo,alta
O MORENO,persona,Orlando Moreno,117,equipo,media
Orlando Moreno,persona,Orlando Moreno,117,equipo,alta
Orlando Pierri,persona,Orlando Pierri,,equipo,media
Os Batuques Cariocas,persona,Os Batuques Cariocas,,recortes,media
"Esquivel, Oscar Adolfo",persona,Oscar Adolfo Esquivel,303,equipo,alta
Oscar Adolfo Esquivel,persona,Oscar Adolfo Esquivel,303,equipo,alta
"Alemán, Oscar",persona,Oscar Alemán,459,equipo,alta
Oscar Alemán,persona,Oscar Alemán,459,equipo,alta
"Cames, Oscar",persona,Oscar Cames,,equipo,alta
Oscar Cames,persona,Oscar Cames,,equipo,alta
"Capristo, Oscar",persona,Oscar Capristo,347,equipo,alta
O. Capristo,persona,Oscar Capristo,347,equipo,alta
Oscar Capristo,persona,Oscar Capristo,347,equipo,alta
Oscar Deza,persona,Oscar Deza,,equipo,media
Oscar F. E. Sassoli,persona,Oscar F. E. Sassoli,,recortes,media
Oscar Félix Haedo,persona,Oscar Félix Haedo,,recortes,media
"Ferrigno, Oscar",persona,Oscar Ferrigno,216,equipo,alta
Oscar Ferrigno,persona,Oscar Ferrigno,216,equipo,alta
Oscar Ferriño,persona,Oscar Ferriño,,regla,media
"Grimaux, Oscar",persona,Oscar Grimaux,255,equipo,alta
Oscar Grimaux,persona,Oscar Grimaux,255,equipo,alta
Oscar Hermes,persona,Oscar Hermes,,recortes,media
Oscar Hermes Villordo,persona,Oscar Hermes Villordo,,recortes,media
Oscar Herrero Miranda,persona,Oscar Herrero Miranda,,equipo,media
Oscar Levaggi,persona,Oscar Levaggi,,equipo,media
Oscar Manzoni,persona,Oscar Manzoni,,regla,media
Oscar Obal,persona,Oscar Obal,,recortes,media
Oscar P. Seggiaro,persona,Oscar P. Seggiaro,161,equipo,alta
"Seggiaro, Oscar P.",persona,Oscar P. Seggiaro,161,equipo,alta
Oscar R. Sassoli,persona,Oscar R. Sassoli,50,equipo,alta
"Sassoli, Oscar R.",persona,Oscar R. Sassoli,50,equipo,alta
Oscar Sánchez,persona,Oscar Sánchez,,equipo,media
Oscar E. Tacca,persona,Oscar Tacca,308,recortes,media
Oscar Tacca,persona,Oscar Tacca,308,equipo,alta
Prof. Oscar Tacca,persona,Oscar Tacca,308,notebook,baja
"Tacca, Oscar",persona,Oscar Tacca,308,equipo,alta
Oscar Torrents,persona,Oscar Torrents,,recortes,media
Oscar Urtizberea,persona,Oscar Urtizberea,268,equipo,alta
"Urtizberea, Oscar",persona,Oscar Urtizberea,268,equipo,alta
Oscar Valtier,persona,Oscar Valtier,352,equipo,alta
"Valtier, Oscar",persona,Oscar Valtier,352,equipo,alta
Osvaldo César Borroni,persona,Osvaldo César Borroni,,recortes,media
Osvaldo Egea,persona,Osvaldo Egea,,notebook,baja
"López Chuhura, Osvaldo",persona,Osvaldo López Chuhura,474,equipo,alta
Osvaldo López Chuhura,persona,Osvaldo López Chuhura,474,equipo,alta
Osvaldo Marcon,persona,Osvaldo Marcon,,equipo,media
Osvaldo Olmedo,persona,Osvaldo Olmedo,,recortes,media
Osvaldo Pérez,persona,Osvaldo Pérez,,recortes,media
Osvaldo Venturi,persona,Osvaldo Venturi,,recortes,media
Otilia Saravia,persona,Otilia Saravia,,recortes,media
Pable ROJAS PAZ,persona,Pable Rojas Paz,,recortes,media
Pablo De Donato,persona,Pablo De Donato,,equipo,media
"de Robertis, Pablo",persona,Pablo de Robertis,490,equipo,alta
Pablo de Robertis,persona,Pablo de Robertis,490,equipo,alta
Pablo Lameiro,persona,Pablo Lameiro,,equipo,media
Pablo Rojas Paz,persona,Pablo Rojas Paz,8,equipo,alta
"Rojas Paz, Pablo",persona,Pablo Rojas Paz,8,equipo,alta
P. Aguilar,persona,Paco Aguilar,,equipo,alta
Paco Aguilar,persona,Paco Aguilar,,equipo,alta
Paco Amor,persona,Paco Amor,,recortes,media
PADROSA ROCA,persona,Padrosa Roca,,recortes,media
Páez Vilaró,persona,Páez Vilaró,,recortes,media
PAN AMERICAN AIR,persona,Pan American Air,,recortes,media
Patricia A. Cowper-Coles,persona,Patricia A. Cowper-Coles,,equipo,alta
Patricia Cowper Coles,persona,Patricia A. Cowper-Coles,,equipo,alta
Prof. Patricia Cowper Coles,persona,Patricia A. Cowper-Coles,,notebook,baja
Patricia Rousselot,persona,Patricia Rousselot,,recortes,media
Patricia Schvatzman,persona,Patricia Schvatzman,,recortes,media
"Bechereau, Paul",persona,Paul Bechereau,387,equipo,alta
Paul Bechereau,persona,Paul Bechereau,387,equipo,alta
Paul Cezanne,persona,Paul Cezanne,,equipo,media
Paul Gauguin,persona,Paul Gauguin,,equipo,media
Paul Klee,persona,Paul Klee,,equipo,media
Paul Morousy,persona,Paul Morousy,,recortes,media
Paul Verdevoye,persona,Paul Verdevoye,162,equipo,alta
"Verdevoye, Paul",persona,Paul Verdevoye,162,equipo,alta
Paulina OSSONA,persona,Paulina Ossona,,recortes,media
Pedro CABA,persona,Pedro Caba,,recortes,media
Pedro Calzeta,persona,Pedro Calzeta,,equipo,media
"David, Pedro",persona,Pedro David,381,equipo,alta
Pedro David,persona,Pedro David,381,equipo,alta
Pedro Gaeta,persona,Pedro Gaeta,,equipo,media
Pedro Giacaglia,persona,Pedro Giacaglia,,equipo,media
Pedro Gianzone,persona,Pedro Gianzone,,equipo,media
Pedro Henriquez Ureña,persona,Pedro Henriquez Ureña,,recortes,media
Pedro I. Rosell Vera,persona,Pedro I. Rosell Vera,,recortes,media
Pedro Juan AREMENDI,persona,Pedro Juan Aremendi,,equipo,media
Pedro López Lagar,persona,Pedro López Lagar,,regla,media
Pedro Pouchulu,persona,Pedro Pouchulu,273,equipo,alta
"Pouchulu, Pedro",persona,Pedro Pouchulu,273,equipo,alta
Pedro Quartucci,persona,Pedro Quartucci,,recortes,media
"Nanty, Pedro V.",persona,Pedro V. Nanty,238,equipo,alta
Pedro V. Nanty,persona,Pedro V. Nanty,238,equipo,alta
Pedro Zeinsteger,persona,Pedro Zeinsteger,,recortes,media
P. Zonza Briano,persona,Pedro Zonza Briano,,equipo,alta
Pedro Zonza Briano,persona,Pedro Zonza Briano,,equipo,alta
Zonza Briano,persona,Pedro Zonza Briano,,equipo,alta
"""Peón único""",persona,Peón único,,notebook,baja
Pepita Marchese de Xibeli,persona,Pepita Marchese de Xibeli,,recortes,media
Pérez Celis,persona,Pérez Celis,,equipo,media
Perla B. de Alemann,persona,Perla B. de Alemann,,recortes,media
"de Bardín, Perla",persona,Perla de Bardín,360,equipo,alta
Perla de Bardín,persona,Perla de Bardín,360,equipo,alta
el perro Fernando,persona,Perrito Fernando,,equipo,alta
Perrito Fernando,persona,Perrito Fernando,,equipo,alta
Perro Fernando,persona,Perro Fernando,,recortes,media
Peter Von Artens,persona,Peter Von Artens,,equipo,media
"Greffet, Philipe",persona,Philipe Greffet,49,equipo,alta
Philipe Greffet,persona,Philipe Greffet,49,equipo,alta
Philippe GREFFET,persona,Philippe Greffet,,recortes,media
Pía Sebastiani,persona,Pía Sebastiani,430,equipo,alta
"Sebastiani, Pía",persona,Pía Sebastiani,430,equipo,alta
Pía Veiravé,persona,Pía Veiravé,,recortes,media
Pilán Alarcón,persona,Pilán Alarcón,,regla,media
Pocho Frías,persona,Pocho Frías,,recortes,media
Poen Alarcón,persona,Poen Alarcón,,regla,media
Pola Alonso,persona,Pola Alonso,,recortes,media
Polly Macdonell,persona,Polly Macdonell,,equipo,media
P. Audivert,persona,Pompeyo Audivert,,equipo,alta
Pompeyo Audivert,persona,Pompeyo Audivert,,equipo,alta
Pont Verges,persona,Pont Verges,,equipo,media
Pradial Gutiérrez,persona,Pradial Gutiérrez,,recortes,media
Presidente Frondizi,persona,Presidente Frondizi,,notebook,baja
Presidente Illia,persona,Presidente Illia,,notebook,baja
Presidente Videla,persona,Presidente Videla,,notebook,baja
Prilidiano Pueyrredón,persona,Prilidiano Pueyrredón,,equipo,media
Pro Musica,persona,Pro Musica,,equipo,media
Quinquela Martín,persona,Quinquela Martín,,equipo,media
R.J. MANPELY,persona,R.j. Manpely,,equipo,media
"Petraglia, Radamés",persona,Radamés Petraglia,124,equipo,alta
Radamés Petraglia,persona,Radamés Petraglia,124,equipo,alta
Radojka Pleticovic,persona,Radojka Pleticovic,,regla,media
Rafael Alberti,persona,Rafael Alberti,,equipo,alta
Rafael AUBRY,persona,Rafael Aubry,,recortes,media
Rafael Barradas,persona,Rafael Barradas,,equipo,media
Rafael FERNÁNDEZ GARRIDO,persona,Rafael Fernández Garrido,,equipo,media
Rafael GALINDEZ,persona,Rafael Galindez,,recortes,media
"Obal, Rafael",persona,Rafael Obal,158,equipo,alta
Rafael Obal,persona,Rafael Obal,158,equipo,alta
"Castells, Ramón",persona,Ramón Castells,91,equipo,alta
Ramón Castells,persona,Ramón Castells,91,equipo,alta
Ramón de las Mercedes Tissera,persona,Ramón de las Mercedes Tissera,,recortes,media
Gómez Cornet,persona,Ramón Gómez Cornet,208,equipo,alta
"Gómez Cornet, Ramón",persona,Ramón Gómez Cornet,208,equipo,alta
R. Gómez Cornet,persona,Ramón Gómez Cornet,208,equipo,alta
Ramón Gómez Cornet,persona,Ramón Gómez Cornet,208,equipo,alta
"Maidagán, Ramón",persona,Ramón Maidagán,373,equipo,alta
Ramón Maidagán,persona,Ramón Maidagán,373,equipo,alta
Ramón Prudencio Peralta,persona,Ramón Prudencio Peralta,,equipo,media
"Freire, Ramón S.",persona,Ramón S. Freire,72,equipo,alta
Ramón S. Freire,persona,Ramón S. Freire,72,equipo,alta
Ramseyer Martínez,persona,Ramseyer Martínez,,equipo,media
"Candiotti Risso de Taboada, Raquel",persona,Raquel Candiotti Risso de Taboada,,equipo,alta
Raquel Candiotti Risso de Taboada,persona,Raquel Candiotti Risso de Taboada,,equipo,alta
"Forner, Raquel",persona,Raquel Forner,,equipo,alta
R. Forner,persona,Raquel Forner,206,equipo,alta
Raquel Forner,persona,Raquel Forner,,equipo,alta
Raúl Alfredo GONZÁLEZ,persona,Raúl Alfredo González,,equipo,media
Raúl Alonso,persona,Raúl Alonso,,equipo,media
Raúl Andrés Aguirre,persona,Raúl Andrés Aguirre,,recortes,media
Raúl Anibal,persona,Raúl Anibal,,equipo,media
Raúl Ballester,persona,Raúl Ballester,,equipo,media
Raúl Barboza,persona,Raúl Barboza,,recortes,media
"Cerrutti, Raúl",persona,Raúl Cerrutti,95,equipo,alta
Gordo Cerrutti,persona,Raúl Cerrutti,95,equipo,media
Raúl Cerrutti,persona,Raúl Cerrutti,95,equipo,alta
"Raúl ""Gordo"" Cerrutti",persona,Raúl Cerrutti,95,equipo,alta
Raúl O. Cerrutti,persona,Raúl Cerrutti,95,recortes,media
Raúl D. Berneri,persona,Raúl D. Berneri,,recortes,media
"de Acha, Raúl",persona,Raúl de Acha,364,equipo,alta
Raúl de Acha,persona,Raúl de Acha,364,equipo,alta
Sr. Raúl De Acha,persona,Raúl de Acha,364,notebook,baja
Raúl E. Elys,persona,Raúl E. Elys,,recortes,media
Raúl GOMEZ,persona,Raúl Gomez,,equipo,media
González Tuñón,persona,Raúl González Tuñón,5,equipo,alta
"González Tuñón, Raúl",persona,Raúl González Tuñón,5,equipo,alta
Raúl González Tuñón,persona,Raúl González Tuñón,5,equipo,alta
R. G. Aguirre,persona,Raúl Gustavo Aguirre,,equipo,alta
Raúl Gustavo Aguirre,persona,Raúl Gustavo Aguirre,,equipo,alta
"Castagnino, Raúl H.",persona,Raúl H. Castagnino,394,equipo,alta
Raúl H. Castagnino,persona,Raúl H. Castagnino,394,equipo,alta
Raúl H. Horacio G. ROVE,persona,Raúl H. Horacio G. Rove,,equipo,media
Raúl José NESTI,persona,Raúl José Nesti,,equipo,media
Raúl Lozza,persona,Raúl Lozza,,equipo,media
Raúl Maderna,persona,Raúl Maderna,,notebook,baja
"Monsegur, Raúl",persona,Raúl Monsegur,256,equipo,alta
R. Monsegur,persona,Raúl Monsegur,256,equipo,alta
Raúl Monsegur,persona,Raúl Monsegur,256,equipo,alta
Raúl Monti,persona,Raúl Monti,,recortes,media
Raúl Nicotra,persona,Raúl Nicotra,,regla,media
"Pascuzzi, Raúl",persona,Raúl Pascuzzi,54,equipo,alta
Raúl F. PASCUZZI,persona,Raúl Pascuzzi,54,equipo,media
Raúl Pascuzzi,persona,Raúl Pascuzzi,54,equipo,alta
Raúl Pietrafaccia,persona,Raúl Pietrafaccia,,equipo,media
Raúl Riú,persona,Raúl Riú,385,equipo,alta
"Riú, Raúl",persona,Raúl Riú,385,equipo,alta
R. Schurjin,persona,Raúl Schurjin,77,equipo,alta
Raúl Schurjin,persona,Raúl Schurjin,77,equipo,alta
"Schurjin, Raúl",persona,Raúl Schurjin,77,equipo,alta
R. Soldi,persona,Raúl Soldi,,equipo,alta
Raúl Soldi,persona,Raúl Soldi,,equipo,alta
Raúl Spivak,persona,Raúl Spivak,236,equipo,alta
"Spivak, Raúl",persona,Raúl Spivak,236,equipo,alta
Raúl Trouvé,persona,Raúl Trouvé,38,equipo,alta
"Trouvé, Raúl",persona,Raúl Trouvé,38,equipo,alta
Raúl TROWÉ,persona,Raúl Trowé,,equipo,media
Cnel. (RE) Roberto Oscar Mazza,persona,(re) Roberto Oscar Mazza,,notebook,baja
(re) Roberto Oscar Mazza,persona,(re) Roberto Oscar Mazza,,notebook,baja
Rebeca Guitelzon,persona,Rebeca Guitelzon,,equipo,media
Reberte PEREZ,persona,Reberte Perez,,recortes,media
Reberte SPINA,persona,Reberte Spina,,recortes,media
Reinaldo Guitar,persona,Reinaldo Guitar,,recortes,media
REINAS DEL TRABAJO de Corrientes,persona,Reinas del Trabajo de Corrientes,,recortes,media
"Brusau, René",persona,René Brusau,157,equipo,alta
René Brusau,persona,René Brusau,157,equipo,alta
René Bruseau,persona,René Bruseau,,recortes,media
René Fanor Fernández,persona,René Fanor Fernández,,recortes,media
"Fernandez, René",persona,René Fernandez,386,equipo,alta
René F. FERNÁNDEZ,persona,René Fernandez,386,equipo,media
René Fernandez,persona,René Fernandez,386,equipo,alta
René Lion,persona,René Lion,,notebook,baja
René M. WELBERS,persona,René M. Welbers,,equipo,media
René Oscar Cisneros,persona,René Oscar Cisneros,,recortes,media
René Rausseug,persona,René Rausseug,,regla,media
"Guitart, Reynaldo",persona,Reynaldo Guitart,25,equipo,alta
Reynaldo Guitart,persona,Reynaldo Guitart,25,equipo,alta
Reynaldo Richardson,persona,Reynaldo Richardson,,equipo,alta
"Richardson, Reynaldo",persona,Reynaldo Richardson,,equipo,alta
Ricardo Alventosa,persona,Ricardo Alventosa,,recortes,media
Ricardo Ariel,persona,Ricardo Ariel,,recortes,media
Ricardo Baldan,persona,Ricardo Baldan,,recortes,media
Ricardo Dalla Lasta,persona,Ricardo Dalla Lasta,,equipo,media
"Donnet, Ricardo",persona,Ricardo Donnet,105,equipo,alta
Ricardo Donnet,persona,Ricardo Donnet,105,equipo,alta
Ricardo Garegnani,persona,Ricardo Garegnani,,equipo,media
"Gayol, Ricardo",persona,Ricardo Gayol,87,equipo,alta
Ricardo Gayol,persona,Ricardo Gayol,87,equipo,alta
Ricardo Gianetti,persona,Ricardo Gianetti,,recortes,media
"Lagos, Ricardo",persona,Ricardo Lagos,376,equipo,alta
Ricardo Lagos,persona,Ricardo Lagos,376,equipo,alta
Ricardo Leconte Mantilla,persona,Ricardo Leconte Mantilla,,recortes,media
Ricardo MARTINEZ,persona,Ricardo Martinez,,equipo,media
Ricardo Moreno Villafuerte,persona,Ricardo Moreno Villafuerte,,equipo,media
Ricardo PEDRONI,persona,Ricardo Pedroni,,equipo,media
Ricardo Stanley,persona,Ricardo Stanley,450,equipo,alta
"Stanley, Ricardo",persona,Ricardo Stanley,450,equipo,alta
Ricardo Supisiche,persona,Ricardo Supisiche,,equipo,media
Ricardo Trigo,persona,Ricardo Trigo,,recortes,media
Rita Waisman,persona,Rita Waisman,64,equipo,alta
"Waisman, Rita",persona,Rita Waisman,64,equipo,alta
RIVERO ENRIQUEZ,persona,Rivero Enriquez,,recortes,media
Riveros Sosa,persona,Riveros Sosa,,recortes,media
Robert Mac Errin,persona,Robert Mac Errin,,regla,baja
"Riccio, Robert",persona,Robert Riccio,440,equipo,alta
Robert Riccio,persona,Robert Riccio,440,equipo,alta
Roberte CHAMPION,persona,Roberte Champion,,recortes,media
Roberto Aizemberg,persona,Roberto Aizemberg,,equipo,media
"Azzoni, Roberto",persona,Roberto Azzoni,40,equipo,alta
Roberto Azzoni,persona,Roberto Azzoni,40,equipo,alta
Roberto Carnelli López,persona,Roberto Carnelli López,,equipo,media
Roberto Couture de Troismont,persona,Roberto Couture de Troismont,,recortes,media
De Vicenzo,persona,Roberto De Vicenzo,475,equipo,alta
"de Vicenzo, Roberto",persona,Roberto De Vicenzo,475,equipo,alta
Roberto de Vicenzo,persona,Roberto De Vicenzo,475,equipo,alta
"Espina, Roberto",persona,Roberto Espina,439,equipo,alta
Roberto Espina,persona,Roberto Espina,439,equipo,alta
"Guichón, Roberto G.",persona,Roberto G. Guichón,154,equipo,alta
Roberto G. Guichón,persona,Roberto G. Guichón,154,equipo,alta
Roberto Galicer,persona,Roberto Galicer,,equipo,media
"Giusti, Roberto",persona,Roberto Giusti,282,equipo,alta
Roberto Giusti,persona,Roberto Giusti,282,equipo,alta
Roberto LEDESMA,persona,Roberto Ledesma,,recortes,media
Roberto Longo,persona,Roberto Longo,,equipo,media
"Lori, Roberto",persona,Roberto Lori,413,equipo,alta
Roberto Lori,persona,Roberto Lori,413,equipo,alta
Roberto MENDEL,persona,Roberto Mendel,,equipo,media
"Mondelos, Roberto",persona,Roberto Mondelos,239,equipo,alta
Roberto Mondelos,persona,Roberto Mondelos,239,equipo,alta
"Mazza, Roberto Oscar",persona,Roberto Oscar Mazza,106,equipo,alta
Roberto Oscar Mazza,persona,Roberto Oscar Mazza,106,equipo,alta
"Pagani, Roberto",persona,Roberto Pagani,253,equipo,alta
Roberto Pagani,persona,Roberto Pagani,253,equipo,alta
"Ressino, Roberto",persona,Roberto Ressino,149,equipo,alta
Roberto Ressino,persona,Roberto Ressino,149,equipo,alta
Roberto Rossi,persona,Roberto Rossi,,equipo,media
Roberto Simmons,persona,Roberto Simmons,79,equipo,alta
"Simmons, Roberto",persona,Roberto Simmons,79,equipo,alta
Roberto Tálice,persona,Roberto Tálice,344,equipo,alta
"Tálice, Roberto",persona,Roberto Tálice,344,equipo,alta
Roberto VILANOVA RODRIGUEZ,persona,Roberto Vilanova Rodriguez,,recortes,media
"Premoli, Rodolfo C.",persona,Rodolfo C. Premoli,187,equipo,alta
Rodolfo C. Premoli,persona,Rodolfo C. Premoli,187,equipo,alta
"Caraciolo, Rodolfo",persona,Rodolfo Caraciolo,223,equipo,alta
Rodolfo Caraciolo,persona,Rodolfo Caraciolo,223,equipo,alta
Rodolfo Cristaldo,persona,Rodolfo Cristaldo,,recortes,media
"Gómez, Rodolfo",persona,Rodolfo Gómez,402,equipo,alta
Rodolfo Gómez,persona,Rodolfo Gómez,402,equipo,alta
Rodolfo Opazo,persona,Rodolfo Opazo,,equipo,media
"Díaz de Vivar, Rodolfo R.",persona,Rodolfo R. Díaz de Vivar,171,equipo,alta
Rodolfo Díaz De Vivar,persona,Rodolfo R. Díaz de Vivar,171,equipo,media
Rodolfo R. Díaz de Vivar,persona,Rodolfo R. Díaz de Vivar,171,equipo,alta
Rodolfo SALVAREZZA,persona,Rodolfo Salvarezza,,equipo,media
Rodolfo Schenone,persona,Rodolfo Schenone,,equipo,media
"Bonome, Rodrigo",persona,Rodrigo Bonome,127,equipo,alta
Don Rodrigo Bonome,persona,Rodrigo Bonome,127,equipo,alta
"""El Cid Hablador""",persona,Rodrigo Bonome,127,equipo,alta
R. Bonome,persona,Rodrigo Bonome,127,notebook,baja
Rodrigo Bonome,persona,Rodrigo Bonome,127,equipo,alta
Rodrigo Carmona,persona,Rodrigo Carmona,,equipo,media
Rogelio LESGART,persona,Rogelio Lesgart,,equipo,media
"Plá, Roger",persona,Roger Plá,406,equipo,alta
Roger Plá,persona,Roger Plá,406,equipo,alta
Rolando Veloso,persona,Rolando Veloso,420,equipo,alta
"Veloso, Rolando",persona,Rolando Veloso,420,equipo,alta
Roman ALONSO,persona,Roman Alonso,,equipo,media
Roman FIGUEROA,persona,Roman Figueroa,,equipo,media
"Falco, Romero",persona,Romero Falco,173,equipo,alta
Romero Falco,persona,Romero Falco,173,equipo,alta
"Pereno, Romildo",persona,Romildo Pereno,80,equipo,alta
Romildo Pereno,persona,Romildo Pereno,80,equipo,alta
Roque CENTURION MIRANDA,persona,Roque Centurion Miranda,,recortes,media
Rosario Maderna,persona,Rosario Maderna,,regla,media
Roul Dufy,persona,Roul Dufy,,equipo,media
Rubén Albornoz,persona,Rubén Albornoz,,equipo,media
Rubén Caballotti,persona,Rubén Caballotti,,recortes,media
Rubén ELKIN,persona,Rubén Elkin,,equipo,media
Ruben Elosegui,persona,Ruben Elosegui,,equipo,media
Rubén O.,persona,Rubén O,,recortes,media
Rubén Rodolfo GUINZBOURG,persona,Rubén Rodolfo Guinzbourg,,equipo,media
"Rolón, Rubén",persona,Rubén Rolón,258,equipo,alta
Rubén Rolón,persona,Rubén Rolón,258,equipo,alta
Rubén Sosa,persona,Rubén Sosa,,recortes,media
Dr. Rubén Yunes,persona,Rubén Yunes,,recortes,media
Rubén Yunes,persona,Rubén Yunes,,recortes,media
Ruiz Palacios,persona,Ruiz Palacios,,recortes,media
Ruli Maderna,persona,Ruli Maderna,,notebook,baja
Salomón Wapnir,persona,Salomón Wapnir,271,equipo,alta
"Wapnir, Salomón",persona,Salomón Wapnir,271,equipo,alta
"Montaño, Salvador Dana",persona,Salvador Dana Montaño,380,equipo,alta
Salvador Dana Montaño,persona,Salvador Dana Montaño,380,equipo,alta
Samuel Dr. TARNOPOLSKY,persona,Samuel Dr. Tarnopolsky,,equipo,media
Arq. Samuel Sánchez de Bustamante,persona,Samuel Sánchez Bustamante,215,notebook,baja
Samuel Sánchez Bustamante,persona,Samuel Sánchez Bustamante,215,equipo,alta
Samuel SANCHEZ DE BUSTAMANTE,persona,Samuel Sánchez Bustamante,215,recortes,media
"Sánchez Bustamante, Samuel",persona,Samuel Sánchez Bustamante,215,equipo,alta
Sánchez Barca,persona,Sánchez Barca,,recortes,media
don Sánchez de Bustamante,persona,Sánchez de Bustamante,,notebook,baja
Sánchez de Bustamante,persona,Sánchez de Bustamante,,notebook,baja
Santa Rosa de Lima,persona,Santa Rosa de Lima,,recortes,media
Santiago Cogorno,persona,Santiago Cogorno,,equipo,media
"Di Lázzaro, Santiago",persona,Santiago Di Lázzaro,14,equipo,alta
Santiago Di Lázzaro,persona,Santiago Di Lázzaro,14,equipo,alta
Santiago Ferrari,persona,Santiago Ferrari,,recortes,media
"Gómez Cou, Santiago",persona,Santiago Gómez Cou,277,equipo,alta
Santiago Gómez Cou,persona,Santiago Gómez Cou,277,equipo,alta
Santiago Gómez Cov,persona,Santiago Gómez Cov,,recortes,media
Sara Gerest,persona,Sara Gerest,,equipo,media
Saul YURKIEVICH,persona,Saúl Yurkievich,,recortes,media
Savelio Yurkevich,persona,Savelio Yurkevich,,notebook,baja
Saverio YURKEVICH,persona,Saverio Yurkevich,,recortes,media
Seferino A,persona,Seferino A,,recortes,media
"Geraldi, Seferino",persona,Seferino Geraldi,410,equipo,alta
Seferino Geraldi,persona,Seferino Geraldi,410,equipo,alta
Sepuccio Tidone,persona,Sepuccio Tidone,,recortes,media
Sergio Ferraro,persona,Sergio Ferraro,,equipo,media
Sergio Seguí,persona,Sergio Seguí,,equipo,media
S. Sergi,persona,Sergio Sergi,110,equipo,alta
"Sergi, Sergio",persona,Sergio Sergi,110,equipo,alta
Sergio Sergi,persona,Sergio Sergi,110,equipo,alta
Sergio Telles,persona,Sergio Telles,,equipo,media
Severo F. VILLANUEVA,persona,Severo F. Villanueva,,recortes,media
Sigfredo Pastor,persona,Sigfredo Pastor,,equipo,media
Sigisfredo KREBS,persona,Sigisfredo Krebs,,recortes,media
Silvia M.,persona,Silvia M,,recortes,media
Silvia Mores,persona,Silvia Mores,,recortes,media
Silvia Poletti,persona,Silvia Poletti,,recortes,media
Silvio Angel Federico Bertini,persona,Silvio Angel Federico Bertini,,recortes,media
"Bertini, Silvio",persona,Silvio Bertini,136,equipo,alta
Silvio Bertini,persona,Silvio Bertini,136,equipo,alta
Silvio Giagrande,persona,Silvio Giagrande,,equipo,media
"Giangrande, Silvio",persona,Silvio Giangrande,34,equipo,alta
Silvio Giangrande,persona,Silvio Giangrande,34,equipo,alta
Simón de Beauvoir,persona,Simón de Beauvoir,,recortes,media
"Maire, Stella Maris",persona,Stella Maris Maire,418,equipo,alta
Stella Maris Maire,persona,Stella Maris Maire,418,equipo,alta
Suarez Aboy,persona,Suarez Aboy,,recortes,media
"""Sus sobrinos Amer y Luis""",persona,Sus sobrinos Amer y Luis,,notebook,baja
Susana Aguirre,persona,Susana Aguirre,,equipo,media
Susana Boglietti,persona,Susana Boglietti,,recortes,media
Susana Danilo,persona,Susana Danilo,,equipo,media
Susana de Muro,persona,Susana de Muro,,recortes,media
Susana Foldes,persona,Susana Foldes,,equipo,media
"Galvarini, Susana",persona,Susana Galvarini,476,equipo,alta
Susana Galvarini,persona,Susana Galvarini,476,equipo,alta
Susana Geraldi,persona,Susana Geraldi,,equipo,media
Susana Glombosky,persona,Susana Glombosky,,equipo,media
"Glombovsky de Landman, Susana",persona,Susana Glombovsky de Landman,61,equipo,alta
Susana Glombovsky,persona,Susana Glombovsky de Landman,61,equipo,alta
Susana Glombovsky de Landman,persona,Susana Glombovsky de Landman,61,equipo,alta
Susana Slomkovsky,persona,Susana Glombovsky de Landman,61,equipo,baja
Susana Vallene,persona,Susana Vallene,,equipo,media
Sylvestre Begnis,persona,Sylvestre Begnis,,notebook,baja
"Poletti, Syria",persona,Syria Poletti,391,equipo,alta
Syria Poletti,persona,Syria Poletti,391,equipo,alta
Tennesee WILLIAMS,persona,Tennesee Williams,,recortes,media
Terence Rattigan,persona,Terence Rattigan,,recortes,media
Teresa Parodi,persona,Teresa Parodi,,equipo,media
Teresita Inés,persona,Teresita Inés,,recortes,media
"Stanicio de Zamorano, Teresita",persona,Teresita Stanicio de Zamorano,304,equipo,alta
Teresita Stanicio de Zamorano,persona,Teresita Stanicio de Zamorano,304,equipo,alta
Tersio José Fara,persona,Tersio José Fara,,equipo,media
Testa Glusber,persona,Testa Glusber,,recortes,media
The Dreamer`s,persona,The Dreamer`s,,recortes,media
Thomas LIGGET,persona,Thomas Ligget,,recortes,media
Tía Vicenta,persona,Tía Vicenta,,recortes,media
Tila Morgs,persona,Tila Morgs,,regla,baja
"Helba, Tina",persona,Tina Helba,,equipo,alta
Tina Helba,persona,Tina Helba,,equipo,alta
Tita Merello,persona,Tita Merello,,recortes,media
Títeres de la Cachiporra,persona,Títeres de la Cachiporra,,recortes,media
Titiriteros de Neuquén,persona,Titiriteros de Neuquén,,recortes,media
Tito Divic,persona,Tito Divic,,regla,media
Tomás Abal,persona,Tomás Abal,,equipo,media
Tomás MORA,persona,Tomás Mora,,equipo,media
Toto Cáceres,persona,Toto Cáceres,,recortes,media
Toto Maderna,persona,Toto Maderna,,regla,media
Trejo Lema,persona,Trejo Lema,,equipo,media
Trinaz Fox,persona,Trinaz Fox,,regla,media
Trinidad Alvaredo,persona,Trinidad Alvaredo,,recortes,media
Trío de Tango,persona,Trío de Tango,,recortes,media
Troiano Troiani,persona,Troiano Troiani,,equipo,media
Ubalde MARTINEZ,persona,Ubalde Martinez,,recortes,media
"Martínez, Ubaldo",persona,Ubaldo Martínez,218,equipo,alta
Ubaldo Martínez,persona,Ubaldo Martínez,218,equipo,alta
Ulises Petit de Murat,persona,Ulises Petit de Murat,,recortes,media
"Petit de Murat, Ulyses",persona,Ulyses Petit de Murat,365,equipo,alta
Ulyses Petit de Murat,persona,Ulyses Petit de Murat,365,equipo,alta
"""una señora cultérrima que vive en el barrio""",persona,una señora cultérrima que vive en el barrio,,notebook,baja
Urbinati de Black,persona,Urbinati de Black,,recortes,media
V.C. TEMPLEMORE,persona,V.c. Templemore,,recortes,media
Van Riel,persona,Van Riel,,equipo,media
Vanina Trotani,persona,Vanina Trotani,,notebook,baja
Vargas Gómez,persona,Vargas Gómez,,recortes,media
Vargas Peña,persona,Vargas Peña,,recortes,media
Vazquez de Boronat,persona,Vazquez de Boronat,,recortes,media
Vázquez Gualtieri,persona,Vázquez Gualtieri,,recortes,media
Vecino/a de la propiedad contigua (patio trasero),persona,Vecino/a de la propiedad contigua (patio trasero),,notebook,baja
Vega Fernandez,persona,Vega Fernandez,,recortes,media
Velarmina Luaje,persona,Velarmina Luaje,,equipo,media
Veldis A.,persona,Veldis A,,recortes,media
Veldis Schanton,persona,Veldis Schanton,,recortes,media
Vicecónsul de España,persona,Vicecónsul de España,,recortes,media
"Di Domenico, Vicente",persona,Vicente Di Domenico,446,equipo,alta
Vicente Di Domenico,persona,Vicente Di Domenico,446,equipo,alta
Vicente Elías,persona,Vicente Elías,,recortes,media
"Forte, Vicente",persona,Vicente Forte,341,equipo,alta
Vicente Forte,persona,Vicente Forte,341,equipo,alta
Vicente Puig,persona,Vicente Puig,,notebook,baja
Vicente R. VAZQUEZ,persona,Vicente R. Vazquez,,equipo,media
Vicente SERDONDINI,persona,Vicente Serdondini,,equipo,media
V. Delhez,persona,Víctor Delhez,,equipo,alta
Víctor Delhez,persona,Víctor Delhez,,equipo,alta
"Marchese, Víctor",persona,Víctor Marchese,29,equipo,alta
V. Marchese,persona,Víctor Marchese,29,equipo,alta
Víctor Marchese,persona,Víctor Marchese,29,equipo,alta
Victor Marchessi,persona,Victor Marchessi,,notebook,baja
Victor Maschese,persona,Victor Maschese,,notebook,baja
Víctor Pissarro,persona,Víctor Pissarro,,equipo,media
Victor René Barbé,persona,Victor René Barbé,,equipo,media
Víctor Saúl,persona,Víctor Saúl,,equipo,media
Victorio Codovilla,persona,Victorio Codovilla,,notebook,baja
Viky Abouissac,persona,Viky Abouissac,,regla,media
Vilma Manzur,persona,Vilma Manzur,,notebook,baja
Violeta Rivas,persona,Violeta Rivas,,recortes,media
Vito Campanello,persona,Vito Campanello,,equipo,media
Viviana Boglietti,persona,Viviana Boglietti,,recortes,media
"Parravicini, Viviano",persona,Viviano Parravicini,451,equipo,alta
V. Parravicini,persona,Viviano Parravicini,451,recortes,media
Viviano Parravicini,persona,Viviano Parravicini,451,equipo,alta
W. A. Tate,persona,W. A. Tate,,regla,media
Walida A. Ledesma,persona,Walida A. Ledesma,,notebook,baja
Walida Ledesma,persona,Walida Ledesma,,notebook,baja
Walter D. Quiroz,persona,Walter D. Quiroz,,recortes,media
"Lattman, Walter",persona,Walter Lattman,170,equipo,alta
Walter Lattman,persona,Walter Lattman,170,equipo,alta
Warnes Gache,persona,Warnes Gache,,recortes,media
"Cura, Wasfe",persona,Wasfe Cura,71,equipo,alta
Wasfe Cura,persona,Wasfe Cura,71,equipo,alta
Wilfredo Viladrich,persona,Wilfredo Viladrich,,equipo,media
Ing. Wilson M. Villacorta,persona,Wilson M. Villacorta,,notebook,baja
Wilson M. Villacorta,persona,Wilson M. Villacorta,,notebook,baja
Wingate Paine,persona,Wingate Paine,,recortes,media
Witold Małcużyński,persona,Witold Małcużyński,,equipo,alta
"Acosta, Wladimiro",persona,Wladimiro Acosta,229,equipo,alta
Wladimiro Acosta,persona,Wladimiro Acosta,229,equipo,alta
Xul Solar,persona,Xul Solar,,equipo,media
Yanet Anderson,persona,Yanet Anderson,,equipo,media
Yanine Rebuffel,persona,Yanine Rebuffel,,equipo,media
"Chavez, Yaya",persona,Yaya Chavez,419,equipo,alta
Yaya Chavez,persona,Yaya Chavez,419,equipo,alta
Yeannine Roges,persona,Yeannine Roges,,equipo,media
"Elizondo, Yolanda",persona,Yolanda Elizondo,333,equipo,alta
Yolanda de Elizondo,persona,Yolanda Elizondo,333,recortes,media
Yolanda Elizondo,persona,Yolanda Elizondo,333,equipo,alta
Yolanda ELIZONDO PERENO,persona,Yolanda Elizondo Pereno,,recortes,media
Yolanda Pereno de Elizondo,persona,Yolanda Pereno de Elizondo,,recortes,media
Yvonne de Kedinger,persona,Yvonne Kédinger,,equipo,media
Yvonne Kédinger,persona,Yvonne Kédinger,,equipo,media
Zayas de Lima,persona,Zayas de Lima,,recortes,media
Zulma Valsecia,persona,Zulma Valsecia,,recortes,media
