Fuente,Fecha,Medio/Publicación,Titular o tema del recorte,Personas o instituciones mencionadas
R060 - Recortes periodisticos 1978_79.md,6-12-78,EL TERRITORIO,"LA ASOCIACION CORAL POLIFONICA DE RESISTENCIA FUE DISTINGUIDA CON LA ""ORDEN DEL QUEBRACHO"" - 1978","Asociación Coral Polifónica de Resistencia, Rotary Club Resistencia Oeste, Luis Landriscina, Fogón de los Arrieros, Casa del Chaco en Buenos Aires, Yolanda Pereno de Elizondo."
R060 - Recortes periodisticos 1978_79.md,30-12-78,EL TERRITORIO,CENSO DE OBJETOS Y OBRAS DE ARTE,"Subsecretaría de Cultura de la Nación, UNNE, Fogón de los Arrieros, Emilio Pettoruti, Eduardo Unertl."
R060 - Recortes periodisticos 1978_79.md,novembre-dicembre 1978,FUTURISMO-OGGI,non-marcire marciare,"Enzo Benedetto, Fogón de los Arrieros."
R060 - Recortes periodisticos 1978_79.md,6-11-78,EL TERRITORIO,EXPOSICION DESPEDIDA DE FABRICIANO GOMEZ,"Antonio Facundo Serrano, Fabriciano Gómez, Chacotur."
R060 - Recortes periodisticos 1978_79.md,6-11-78,EL TERRITORIO,Chacotur Estuvo Presente en Estados Unidos,"Efrain Boglietti, Chacotur, Lan Chile."
R060 - Recortes periodisticos 1978_79.md,13-10-78,NORTE,LA MANIFESTACION CULTURAL EN EL CHACO ES UNICA EN EL PAIS,"Nélida Etcheverry, Subsecretaría de Cultura de la Provincia, Municipalidad de Resistencia."
R060 - Recortes periodisticos 1978_79.md,29-9-78,EL TERRITORIO,Tina Helba en El Fogón,"Tina Helba, Discépolo, Borges, Sábato, Mujica Lainez, Fogón de los Arrieros."
R060 - Recortes periodisticos 1978_79.md,30-9-78,EL TERRITORIO,Muestra de Taxidermia Habilitada,"Mario Mosch, Fogón de los Arrieros."
R060 - Recortes periodisticos 1978_79.md,29-8-78,EL TERRITORIO,TEATRO EN EL FOGON DE LOS ARRIEROS - Del juego del amor en el teatro,"Eduardo Espinosa, Lydé Lisant, Alejandro Casona, Lope de Vega, Shakespeare, Chejov, Ionesco."
R060 - Recortes periodisticos 1978_79.md,11-8-78,EL TERRITORIO / NORTE,RESTAURADORAS DE OBRAS DE ARTE,"Celina Lindhauer, Celia Lindhauer, Subsecretaría de Estado de Cultura de la Nación."
R060 - Recortes periodisticos 1978_79.md,4-8-78,NORTE / EL TERRITORIO,Conferencia de Pagano: Arte y Símbolo,"Norberto Pagano, Fogón de los Arrieros, Academia Argentina de Artes y Letras de América."
R060 - Recortes periodisticos 1978_79.md,3-8-78,EL TERRITORIO,Pintura Argentina,"Norberto Pagano, Subsecretaría de Cultura de la Provincia, Austral Líneas Aéreas."
R060 - Recortes periodisticos 1978_79.md,1978,Alianza Francesa,SEMANA FRANCESA - 14 JUILLET,"Alianza Francesa de Resistencia, Fogón de los Arrieros, Hilda Torres Varela, M. J. Loubieres."
R060 - Recortes periodisticos 1978_79.md,17-7-78,EL TERRITORIO,"El Triunfo Argentino, Vaticinado por la Luna","Profesor Waffman, Kempes, Fillol, Houseman, Fogón de los Arrieros."
R060 - Recortes periodisticos 1978_79.md,7-7-78,EL TERRITORIO,Hoy Inaugura Casa Gabardini una Escultura,"Julia Juárez, Alfredo Gabardini, Fogón de los Arrieros."
R060 - Recortes periodisticos 1978_79.md,12-7-78,EL TERRITORIO / NORTE,CINE EN EL FOGON - Siete muertos bajo receta,"Michel Piccoli, Gérard Depardieu, Alianza Francesa."
R060 - Recortes periodisticos 1978_79.md,27-6-78,NORTE / EL TERRITORIO,Cine francés en el Fogón - La sinfonía pastoral,"André Gide, Michèle Morgan, Julien Duvivier, Alianza Francesa."
R060 - Recortes periodisticos 1978_79.md,27-6-78,EL TERRITORIO,DISTINCION PARA DOS CHAQUEÑOS,"Efraín Boglietti, Aldo Boglietti, Centro de Estudios Históricos Aerocomerciales Argentinos, René Fernández, J. Raúl Delpiano."
R060 - Recortes periodisticos 1978_79.md,29-5-78,EL TERRITORIO,"""Manuela la Guapa"" en El Fogón de los Arrieros","Juan Carlos Guerra, Estela Zelaya, Grupo Temusdacant."
R060 - Recortes periodisticos 1978_79.md,31-5-78,NORTE,PARTICIPACION DE FALLECIMIENTO - Ing. MANUEL VARELA,"Manuel Varela, Miguel Alonso, Ana J. de la Fuente de Alonso, María Luisa Lagerheim de Varela."
R060 - Recortes periodisticos 1978_79.md,4-4-78,NORTE / EL TERRITORIO,Hoy se inaugura la temporada cultural en el Fogón de los Arrieros,"David Lagmanovich, Juan de Dios Mena, Alfredo Veiravé, Adolfo Cristaldo, Victor Marchese, Aldo Boglietti, Antonio Facundo Serrano."
R060 - Recortes periodisticos 1978_79.md,16-5-78,EL TERRITORIO,Guido Miranda disertará hoy,"Guido Miranda, Gaspar E. Bonastre, SADE seccional Chaco, Horacio Riveros Sosa."
R060 - Recortes periodisticos 1978_79.md,22-5-78,NORTE,Cine francés en el Fogón - El loco amor,"Jacques Rivette, Jean Luc Godard, Francois Truffaut, Racine."
R060 - Recortes periodisticos 1978_79.md,15-5-78,EL TERRITORIO,La Loca de Amor en el Fogon de los Arrieros,"Eduardo Gómez Lestani, Chichin Obal, Antonio Facundo Serrano, Máximo Vázquez Llona, Iris Marga."
R060 - Recortes periodisticos 1978_79.md,11-4-78,EL TERRITORIO / NORTE,Conferencia en el Fogón del Doctor Vargas Gómez - San Martín íntimo,"Carlos María Vargas Gómez, José de San Martín, UNNE."
R060 - Recortes periodisticos 1978_79.md,23-4-78,EL TERRITORIO,"Panorama de la Pintura Uruguaya en ""El Fogón""","I. Caorsi, Fogón de los Arrieros."
R060 - Recortes periodisticos 1978_79.md,1-4-78,EL TERRITORIO,Otra Escultura de Víctor Marchese Inaugura el Fogón,"Víctor Marchese, Pepita Marchese de Xibeli, Fogón de los Arrieros."
R060 - Recortes periodisticos 1978_79.md,29-3-78,NORTE / EL TERRITORIO,Temporada cultural y ferial en El Fogón de los Arrieros,"Aldo Boglietti, Juan de Dios Mena, Víctor Marchese, David Lagmanovich, Bernardo Canal Feijóo, Ulises Petit de Murat, Dardo Cúneo, Guido Miranda, Oscar Tacca, Alfredo Veiravé, Hilda Torres Varela, Elisa Strahm, Eduardo Espinosa."
R060 - Recortes periodisticos 1978_79.md,26-3-78,NORTE,Dictará un cursillo sobre el ensayo hispanoamericano,"David Lagmanovich, Fogón de los Arrieros, Sarmiento, Martí, Sábato."
R060 - Recortes periodisticos 1978_79.md,1-3-78,EL TERRITORIO / NORTE,Los Facundos en el Fogón,"Carlos Andrada, Lino Mancuello, Ernesto Gauna, Familia Salto-Sosa, Silvia Mores."
R060 - Recortes periodisticos 1978_79.md,11-2-78,EL TERRITORIO,"LA PREMIERE DE LA PELICULA ""CHACO"" ANOCHE EN EL FOGON DE LOS ARRIEROS","Antonio Facundo Serrano, Ricardo Alventosa, Luis Landriscina, Ana María Picchio."
R060 - Recortes periodisticos 1978_79.md,20-1-78,EL TERRITORIO / NORTE,CHACOTUR DESPIDIO AL CUARTETO MARTIN FIERRO,"Aldo Boglietti, Efraín Boglietti, Cuarteto Martín Fierro, Alfredo Humberto Norniella."
R060 - Recortes periodisticos 1978_79.md,19-1-78,CLARIN,RESISTENCIA La ciudad de las estatuas,"Antonio Miguel Nevot, Sepuccio Tidone, Naum Knop, Alberto Balietti, Ricardo Gianetti, Francisco Reyes, Enrique Gaimari, Fabriciano Gómez."
R060 - Recortes periodisticos 1978_79.md,9-1-78,NORTE,RESISTENCIA: LA NIÑA VIRTUOSA DE LA PROVINCIA QUE PUEDE...,"Jorge Raúl Coyanes, Fogón de los Arrieros, Gaspar Benavento, Crisanto Domínguez, Mario Rossi."
R060 - Recortes periodisticos 1978_79.md,8-1-78,NORTE / EL TERRITORIO,Los grandes del Chaco Río: Nuevo cortometraje de Meana,"José Luis Meana, Alfredo Veiravé, Raúl O. Cerrutti, Ernesto Raúl Acosta, Jorge Loetscher."
R060 - Recortes periodisticos 1978_79.md,3-1-78,EL TERRITORIO,PARTICIPACION DE FALLECIMIENTO - Jacobo Finkelnstein / Reinaldo Guitar,"Jacobo Finkelnstein, Reinaldo Guitar, Fogón de los Arrieros."
R060 - Recortes periodisticos 1978_79.md,28-12-79,EL TERRITORIO,"""FOGON DE LOS ARRIEROS"": BASTION DE LA CULTURA EN RESISTENCIA","Aldo Boglietti, Fogón de los Arrieros."
R060 - Recortes periodisticos 1978_79.md,23-11-79,NORTE / EL TERRITORIO,Reedición de ferias en la calle Brown,"Fogón de los Arrieros, Juan Sol."
R060 - Recortes periodisticos 1978_79.md,2-11-79,EL TERRITORIO / NORTE,Audiovisuales en el Fogón de los Arrieros,"Osvaldo César Borroni, Foto Club de Corrientes, Wingate Paine."
R060 - Recortes periodisticos 1978_79.md,27-10-79,NORTE,JUAN MAURO GLORIOSO SU FALLECIMIENTO,"Juan Mauro Glorioso, Einstein, Fogón de los Arrieros, Academia de Bellas Artes."
R060 - Recortes periodisticos 1978_79.md,12-10-79,NORTE / EL TERRITORIO,Enrique Dumas en El Fogón,"Enrique Dumas, Fogón de los Arrieros."
R060 - Recortes periodisticos 1978_79.md,7-10-79,NORTE CULTURA,BREVE CHARLA CON EL CERAMISTA HECTOR DIAZ,"Héctor Díaz, Trinidad Alvaredo, Pocho Frías, Círculo Odontológico de Resistencia."
R060 - Recortes periodisticos 1978_79.md,7-10-79,NORTE / EL TERRITORIO,ALBERTO DELMONTE EXPONE EN EL FOGON DE LOS ARRIEROS,"Alberto Delmonte, Marcos Tiglio, Carlos de la Cárcova, Julio Payró, Héctor Cartier, Fogón de los Arrieros."
R060 - Recortes periodisticos 1978_79.md,octubre 1979,"REVISTA ""HUMOR"" N° 21",Fogonero (Carta al lector),"Juan Pablo González, Aldo Voglietti [Boglietti], Fogón de los Arrieros."
R060 - Recortes periodisticos 1978_79.md,27-9-79,NORTE / EL TERRITORIO,LA MODA SOL primavera-verano presentó Leandra en El Fogón de los Arrieros,"Leandra Boutique, Fogón de los Arrieros, ""Chino"" Veloso."
R060 - Recortes periodisticos 1978_79.md,Setiembre 1979,GACETA HOTELERA Y TURISTICA,EL ASPECTO CULTURAL / Chaco-Turístico...,"Coro Polifónico de Resistencia, Yolanda Pereno de Elizondo, UNNE, Fogón de los Arrieros, Juan de Dios Mena, Aldo Boglietti."
R060 - Recortes periodisticos 1978_79.md,8-8-79,NORTE,Ovo por Hermosilla Spaak (Carta de Mendieta),"Hermosilla Spaak, Luisito Landriscina, Caloi, Fontanarrosa, Fogón de los Arrieros."
R060 - Recortes periodisticos 1978_79.md,2-8-79,NORTE,DISERTACION EN EL FOGON HABLARA EL COMANDANTE RENE FERNANDEZ sobre Antoine de Saint Exupéry,"René Fanor Fernández, Antoine de Saint Exupéry, Ricardo Baldan, Daniel Sticotti, Efraín y Aldo Boglietti, Aerolíneas Argentinas."
R060 - Recortes periodisticos 1978_79.md,30-6-79,NORTE / EL TERRITORIO,La feria Cambalache con un mundo de cosas,"Fogón de los Arrieros, Hilda Torres Varela, Juan Sol, René Brusau, Gustavo Cuchet, Alfredo Pértile, Veldis Schanton, Amanda Alvarez."
R060 - Recortes periodisticos 1978_79.md,2-4-79,NORTE / EL TERRITORIO,No viene Borges / Guido Miranda en el Fogón de los Arrieros,"Jorge Luis Borges, Guido Miranda, Juan de Dios Mena, Fogón de los Arrieros, Antonio Facundo Serrano."
R060 - Recortes periodisticos 1978_79.md,1-4-79,NORTE CULTURA,LA PERDURACION DEL IMAGINERO CHAQUEÑO Juan de Dios MENA,"Juan de Dios Mena, Fogón de los Arrieros."
R060 - Recortes periodisticos 1978_79.md,30-3-79,EL TERRITORIO,BORGES VIENE A RESISTENCIA,"Jorge Luis Borges, Fogón de los Arrieros."
R060 - Recortes periodisticos 1978_79.md,14-3-79,EL TERRITORIO,"INAUGUROSE FABRICA DE PASTAS FRESCAS ""LA LITORALEÑA""","La Litoraleña, Ottonello Hnos. SRL, Fogón de los Arrieros."
R060 - Recortes periodisticos 1978_79.md,7-3-79,NORTE / EL TERRITORIO,FUNEBRES - MARIA TERESA PEPER / LUIS MIJAYLIDES,"María Teresa Peper (Gugu), Luis Mijaylides, Fogón de los Arrieros."
R060 - Recortes periodisticos 1978_79.md,3-3-79,ULTIMA HORA (Asunción),"¿Qué es ""el fogón de los arrieros""?","Oscar Torrents, Alfredo Veiravé, Aldo Boglietti, Efraín Boglietti, Juan de Dios Mena, Carlos Monzón, Páez Vilaró, Emile Griffith."
R060 - Recortes periodisticos 1978_79.md,11-2-79,NORTE CULTURA,LA VEZ QUE MARTINEZ ESTRADA HABLO EN EL CHACO,"Ezequiel Martínez Estrada, José Luis Romero, Luis Franco, Leopoldo Lugones, Arturo Cancela, Guido Miranda, José R. Bergallo, Abraham Jarolavky."
R054 - Recortes Periodisticos 1991_94.md,28 de diciembre de 1991,Norte,La Fundación del Fogón de los Arrieros saluda al diario Norte con motivo de celebrarse fin de año.,"Fundación del Fogón de los Arrieros, Diario Norte"
R054 - Recortes Periodisticos 1991_94.md,15 de diciembre de 1991,Norte,Recital del grupo Khorus en el Fogón de los Arrieros.,"Grupo Khorus, Fogón de los Arrieros"
R054 - Recortes Periodisticos 1991_94.md,12 de diciembre de 1991,Norte,Venta de pinturas y esculturas de plásticos locales en el Fogón de los Arrieros con motivo de celebrarse Navidad.,Fogón de los Arrieros
R054 - Recortes Periodisticos 1991_94.md,6 de diciembre de 1991,Norte,"Disertación sobre ""Reflejos del deporte chaqueño en los órganos periodísticos de nuestro medio"" por Molodezky, Luis D. En el Fogón de los Arrieros.","Molodezky, Luis D., Fogón de los Arrieros"
R054 - Recortes Periodisticos 1991_94.md,6 de diciembre de 1991,Norte,"5° Concurso de Escultura en Madera, institucionalización del premio de los niños con el nombre de Boglietti, Efraín.","Boglietti, Efraín, Norte"
R054 - Recortes Periodisticos 1991_94.md,2 de noviembre de 1991,Norte,"Los escultores Gómez, Fabriciano; Gómez Lollo, Humberto Ricardone, Víctor; Cuesta, Orlando y Domínguez, Manolo mostraran las obras que realizaran en el Certamen Internacional en Milwaukee y Québec, en el Fogón de los Arrieros.","Gómez, Fabriciano; Gómez Lollo, Humberto; Ricardone, Víctor; Cuesta, Orlando; Domínguez, Manolo; Fogón de los Arrieros"
R054 - Recortes Periodisticos 1991_94.md,23 de noviembre de 1991,Norte,"El Fogón de los Arrieros participa el fallecimiento de Veiravé, Alfredo E.: llave N° 235.","Fogón de los Arrieros, Veiravé, Alfredo E."
R054 - Recortes Periodisticos 1991_94.md,21 de noviembre de 1991,Norte,"Llamado a concurso sobre la obra de Mascheroni, Horacio por el Fogón de los Arrieros.","Mascheroni, Horacio, Fogón de los Arrieros"
R054 - Recortes Periodisticos 1991_94.md,19 de noviembre de 1991,Norte,"Concierto interpretado por Gagliardi, Perla en trompeta y Foussal, Silvia M. en piano en el Fogón de los Arrieros.","Gagliardi, Perla; Foussal, Silvia M.; Fogón de los Arrieros"
R054 - Recortes Periodisticos 1991_94.md,13 de noviembre de 1991,Norte,"Reportaje de Cánepa, Rolando a Pagano, Norberto quién habla de la labor del Fogón de los Arrieros.","Cánepa, Rolando; Pagano, Norberto; Fogón de los Arrieros"
R054 - Recortes Periodisticos 1991_94.md,7 de noviembre de 1991,Norte,"Recital de piano, saxo y flauta en el Fogón de los Arrieros participan Villalba, Carlos(saxo alto); Villalba, Silvia; Millet, Graciela(piano); Villafane, Lucía, Duarte Oscar y Vargas, Lito(flauta).","Villalba, Carlos; Villalba, Silvia; Millet, Graciela; Villafane, Lucía; Duarte, Oscar; Vargas, Lito; Fogón de los Arrieros"
R054 - Recortes Periodisticos 1991_94.md,6 de noviembre de 1991,Norte,"Recital de piano a cargo de Parra, Carmen B. en el Fogón de los Arrieros.","Parra, Carmen B., Fogón de los Arrieros"
R054 - Recortes Periodisticos 1991_94.md,1 de octubre de 1991,Norte,La Fundación Urunday recibió la Orden del Quebracho en el Fogón de los Arrieros.,"Fundación Urunday, Fogón de los Arrieros"
R054 - Recortes Periodisticos 1991_94.md,30 de octubre de 1991,El Diario,"Distinción ""Orden del Quebracho"" entregado por el Rotary Club Resistencia Oeste a la Fundación Urunday en el Fogón de los Arrieros.","Rotary Club Resistencia Oeste, Fundación Urunday, Fogón de los Arrieros"
R054 - Recortes Periodisticos 1991_94.md,30 de octubre de 1991,El Diario,"Concurso ""Mascheroni, Horacio"" organizado por el Fogón de los Arrieros.","Mascheroni, Horacio, Fogón de los Arrieros"
R054 - Recortes Periodisticos 1991_94.md,30 de octubre de 1991,Norte,Ciclo musical a cargo del Instituto Provincial de Música en adhesión a los 30 años de esta institución en el Fogón de los Arrieros.,"Instituto Provincial de Música, Fogón de los Arrieros"
R054 - Recortes Periodisticos 1991_94.md,28 de octubre de 1991,Norte,"Reportaje de Cánepa, Rolando a Malinow, Inés quién presentará en el Fogón de los Arrieros su libro ""Puertas de la noche"".","Cánepa, Rolando; Malinow, Inés; Fogón de los Arrieros"
R054 - Recortes Periodisticos 1991_94.md,27 de octubre de 1991,Norte,"Distinción ""Orden del Quebracho"" entregado por el Rotary Club Resistencia Oeste a la Fundación Urunday en el Fogón de los Arrieros.","Rotary Club Resistencia Oeste, Fundación Urunday, Fogón de los Arrieros"
R054 - Recortes Periodisticos 1991_94.md,26 de octubre de 1991,Norte,"El Fogón de los Arrieros participa el fallecimiento de Carranza Ferran, Ignacio: llave Nº 114.","Fogón de los Arrieros, Carranza Ferran, Ignacio"
R054 - Recortes Periodisticos 1991_94.md,20 de octubre de 1991,La Nación,"Presentación del libro de Malinow, Inés en Buenos Aires.","Malinow, Inés"
R054 - Recortes Periodisticos 1991_94.md,6 de octubre de 1991,Norte,"Concurso ""Mascheroni, Horacio"" organizado por el Fogón de los Arrieros.","Mascheroni, Horacio, Fogón de los Arrieros"
R054 - Recortes Periodisticos 1991_94.md,28 de septiembre de 1991,Norte,"Comentarios del Concurso de Escultura en la Plaza 25 de Mayo se menciona a Boglietti, Efraín.","Boglietti, Efraín"
R054 - Recortes Periodisticos 1991_94.md,18 de septiembre de 1991,Norte,Incorporación de nuevos miembros a la entidad histórico-patriótica del Instituto Browniano en el Fogón de los Arrieros.,"Instituto Browniano, Fogón de los Arrieros"
R054 - Recortes Periodisticos 1991_94.md,13 de septiembre de 1991,Norte,Charla técnica e informativa y posterior lunch en el fogón de los Arrieros de los representantes de productos de natación Baquacil.,"Baquacil, Fogón de los Arrieros"
R054 - Recortes Periodisticos 1991_94.md,11 de septiembre de 1991,Norte,"Curso ""Comprender nuestro tiempo, la cultura: ideas y valores"" a cargo de Torres Varela, Hilda en el Fogón de los Arrieros.","Torres Varela, Hilda; Fogón de los Arrieros"
R054 - Recortes Periodisticos 1991_94.md,6 de septiembre de 1991,Norte,"Homenaje póstumo a Boglietti, Efraín de Skal Club en el Fogón de los Arrieros.","Boglietti, Efraín; Skal Club; Fogón de los Arrieros"
R054 - Recortes Periodisticos 1991_94.md,2 de agosto de 1991,Norte,"Fiesta en el Fogón de los Arrieros para despedir a la señora del tango Di Luzio, Mimí.","Di Luzio, Mimí; Fogón de los Arrieros"
R054 - Recortes Periodisticos 1991_94.md,30 de agosto de 1991,Norte,"El Fogón de los Arrieros participa el fallecimiento de Geraldi, Seferino A.: llave N° 410.","Fogón de los Arrieros, Geraldi, Seferino A."
R054 - Recortes Periodisticos 1991_94.md,29 de agosto de 1991,Norte,"Nueva plazoleta denominada Boglietti, Aldo y Efraín emplazada en avenida Laprida al 800.","Boglietti, Aldo; Boglietti, Efraín"
R054 - Recortes Periodisticos 1991_94.md,23 de agosto de 1991,Norte,Revista ARTco menciona al Fogón de los Arrieros.,"Revista ARTco, Fogón de los Arrieros"
R054 - Recortes Periodisticos 1991_94.md,21 de agosto de 1991,Norte,"Nuevas esculturas en homenaje a Boglietti, Aldo en calles de Resistencia: Marcelo T. de Alvear 134 y en Avenida Italia 1265 por iniciativa del Fogón de los Arrieros.","Boglietti, Aldo, Fogón de los Arrieros"
R054 - Recortes Periodisticos 1991_94.md,16 de agosto de 1991,Norte,"""Cortazar Tango Club"" de Guevara, Horacio se presentará en el Fogón de los Arrieros.","Guevara, Horacio; Fogón de los Arrieros"
R054 - Recortes Periodisticos 1991_94.md,2 de julio de 1991,Norte,"Grupo de Cámara Kantorei bajo la dirección de Muscarola, Pedro en el Fogón de los Arrieros.","Grupo de Cámara Kantorei; Muscarola, Pedro; Fogón de los Arrieros"
R054 - Recortes Periodisticos 1991_94.md,27 de julio de 1991,Norte,"Homenaje al cumplirse el primer mes del fallecimiento de Boglietti, Efraín, en el mismo se descubrirá placa recordatoria en el cementerio.","Boglietti, Efraín"
R054 - Recortes Periodisticos 1991_94.md,11 de julio de 1991,Norte,"Acto de asunción del nuevo titular del Rotary Club Resistencia, Ingeniero Pereyra, Leandro M. en el Fogón de los Arrieros.","Rotary Club Resistencia; Pereyra, Leandro M.; Fogón de los Arrieros"
R054 - Recortes Periodisticos 1991_94.md,6 de julio de 1991,Norte,"Editorial de Fernández, Miguel A. ""La cultura enseña como se hace Chaco"", menciona la labor de Boglietti, Efraín.","Fernández, Miguel A.; Boglietti, Efraín"
R054 - Recortes Periodisticos 1991_94.md,28 de junio de 1991,La Nación,"Participación del fallecimiento de Boglietti, Efraín por Gamón, Nicolás y Hermida, Avelino M.","Boglietti, Efraín; Gamón, Nicolás; Hermida, Avelino M."
R054 - Recortes Periodisticos 1991_94.md,27 de junio de 1991,Norte,"Participación del fallecimiento de Boglietti, Efraín por sus hijas Susana y Viviana, sus nietos Ana Maria y Juan Pablo Donet y Martín y Alejandro Pret.","Boglietti, Efraín; Susana Boglietti; Viviana Boglietti; Ana Maria Donet; Juan Pablo Donet; Martín Pret; Alejandro Pret"
R054 - Recortes Periodisticos 1991_94.md,27 de junio de 1991,El Diario,"Primera plana del periódico El Diario anunciando el fallecimiento de Boglietti, Efraín.","Boglietti, Efraín"
R054 - Recortes Periodisticos 1991_94.md,23 de mayo de 1991,Norte,"Nota de Cánepa, Rolando a Boglietti, Efraín sobre su vida y la del Fogón de los Arrieros.","Cánepa, Rolando; Boglietti, Efraín; Fogón de los Arrieros"
R054 - Recortes Periodisticos 1991_94.md,29 de mayo de 1991,Norte,"A 28 años del fallecimiento del perro Fernando, sepultado en la vereda del Fogón de los Arrieros.","Perro Fernando, Fogón de los Arrieros"
R054 - Recortes Periodisticos 1991_94.md,17 de abril de 1991,Norte,Cena agasajo a los miembros del Instituto Browniano y de la Liga Naval Argentina en el Fogón de los Arrieros.,"Instituto Browniano, Liga Naval Argentina, Fogón de los Arrieros"
R054 - Recortes Periodisticos 1991_94.md,7 de abril de 1991,Norte,"Fallecimiento de Cerrutti, Raúl.","Cerrutti, Raúl"
R054 - Recortes Periodisticos 1991_94.md,6 de abril de 1991,Norte,"Festejos de los 80 años de Boglietti, Efraín en el Fogón de los Arrieros.","Boglietti, Efraín, Fogón de los Arrieros"
R054 - Recortes Periodisticos 1991_94.md,3 de marzo de 1991,Norte,"Charla de Penchansky, Moisés sobre ""Génesis del Fogón: remembranzas en el Fogón de los Arrieros.","Penchansky, Moisés; Fogón de los Arrieros"
R054 - Recortes Periodisticos 1991_94.md,26 de marzo de 1991,Norte,"50 años del primer vuelo aerocomercial al Chaco por los hermanos Boglietti, Aldo y Efraín.","Boglietti, Aldo; Boglietti, Efraín"
R054 - Recortes Periodisticos 1991_94.md,24 de marzo de 1991,Norte,"Exposición de Warnes Gache, Marcelo F. denominada ""Furia de colores"" en el Fogón de los Arrieros.","Warnes Gache, Marcelo F.; Fogón de los Arrieros"
R054 - Recortes Periodisticos 1991_94.md,13 de enero de 1991,Norte,"Conferencia de prensa en el Fogón de los Arrieros de Gómez, Fabriciano para anunciar su próximo viaje a Estados Unidos y Canadá.","Gómez, Fabriciano; Fogón de los Arrieros"
R054 - Recortes Periodisticos 1991_94.md,10 de diciembre de 1992,Norte,"Remate de obras plásticas organizado por el Fogón de los Arrieros, estará a cargo de Tacca, Gustavo.","Tacca, Gustavo; Fogón de los Arrieros"
R054 - Recortes Periodisticos 1991_94.md,21 de noviembre de 1992,Norte,"Charla sobre el Dr. Perrando, Julio C. su vida y personalidad a cargo del Dr. Dellamea, Rubén O.","Perrando, Julio C.; Dellamea, Rubén O.; Fogón de los Arrieros"
R054 - Recortes Periodisticos 1991_94.md,20 de septiembre de 1992,Norte,"Concejo del Fogón de los Arrieros integrado por Torres Varela, Hilda presidente ; Schanton, Veldis A. Vicepresidente; Fossati, José secretario; Celada, Carlos A. Tesorero.","Torres Varela, Hilda; Schanton, Veldis A.; Fossati, José; Celada, Carlos A.; Kedinger, M.; Carranza Torres, José M.; Valdez, Carlos; Fraser, Arturo"
R054 - Recortes Periodisticos 1991_94.md,22 de agosto de 1992,Norte,"Escultura inaugurada en la calle Julio A. Roca N° 460 ""La Luna"" de Bronce de Devoto, Carlos descubierta en homenaje a Boglietti, Aldo.","Devoto, Carlos; Boglietti, Aldo; Fogón de los Arrieros"
R054 - Recortes Periodisticos 1991_94.md,28 de junio de 1992,Norte,"Escultura en homenaje de Boglietti, Efraín al cumplirse el ler. Aniversario de su muerte, la obra es ""Transformación"" en mármol de carrara de Gómez Lollo, Humberto.","Boglietti, Efraín; Gómez Lollo, Humberto"
R054 - Recortes Periodisticos 1991_94.md,5 de junio de 1992,Norte,"Conferencia a cargo de Testa Glusber, Florindo y Pagis, Mariano sobre ""La problemática de la incorporación de la obra de arte al paisaje urbano"".","Testa Glusber, Florindo; Pagis, Mariano; Fogón de los Arrieros"
R054 - Recortes Periodisticos 1991_94.md,28 de abril de 1992,Norte,"Exposición de Alcalde, Elmasa en el Fogón de los Arrieros.","Alcalde, Elmasa; Fogón de los Arrieros"
R054 - Recortes Periodisticos 1991_94.md,2 de abril de 1992,El Diario,"Iniciación de la Temporada Cultural con la disertación de Yurkevich, Savelio en el Fogón de los Arrieros.","Yurkevich, Savelio; Fogón de los Arrieros"
R054 - Recortes Periodisticos 1991_94.md,28 de noviembre de 1993,Norte,El Fogón de los Arrieros cumple 50 años articulo escrito por Cuneo Dardo.,"Cuneo, Dardo; Fogón de los Arrieros"
R054 - Recortes Periodisticos 1991_94.md,28 de noviembre de 1993,Norte,"Mensaje de Sabato, Ernesto por los 50 años de El Fogón de los Arrieros dirigida a Torres Varela, Hilda.","Sabato, Ernesto; Torres Varela, Hilda; Fogón de los Arrieros"
R054 - Recortes Periodisticos 1991_94.md,24 de noviembre de 1993,Norte,"Entrega de Premios del Concurso ""La Obra Arquitectónica de Mascheroni, Horacio"".","Valdez, Oscar; Foulkes, Maria Dolores; González, Norma; Porcel, Lidia; Rafert, Maria Estela"
R054 - Recortes Periodisticos 1991_94.md,17 de octubre de 1993,Norte,"Kosice, Gyule escribe sobre el Fogón de los Arrieros con motivo de la celebración de sus 50 años.","Kosice, Gyule; Fogón de los Arrieros"
R054 - Recortes Periodisticos 1991_94.md,20 de agosto de 1993,Norte,"Conmemoración de un nuevo Aniversario del nacimiento de Boglietti, Aldo. Se sumará a la vía pública de Resistencia una nueva escultura de Gómez, Fabriciano.","Boglietti, Aldo; Gómez, Fabriciano; Celada, Alberto"
R054 - Recortes Periodisticos 1991_94.md,26 de julio de 1993,Norte,"Emplazamiento de escultura en la Avenida Alberdi N° 134 del escultor Canner, Fausto titulada ""Ana piensa"", en homenaje a Boglietti, Efraín.","Canner, Fausto; Boglietti, Efraín"
R054 - Recortes Periodisticos 1991_94.md,29 de junio de 1993,Norte,"Títeres en el Fogón de los Arrieros con Di Mauro, Héctor y Oyarzún, Miguel con la obra ""Carlitos pescador, enamorado y con bastón"".","Di Mauro, Héctor; Oyarzún, Miguel; Fogón de los Arrieros"
R054 - Recortes Periodisticos 1991_94.md,19 de abril de 1993,Norte,"Cena de agasajo al poeta Meloni, Aledo L. Ofrecida por el Fogón de los Arrieros.","Meloni, Aledo L.; Fogón de los Arrieros"
R054 - Recortes Periodisticos 1991_94.md,25 de marzo de 1993,Norte,"Luna, Félix en el Fogón de los Arrieros, tendrá a su cargo la charla: ""Reflexiones de un historiador"".","Luna, Félix; Fogón de los Arrieros"
R054 - Recortes Periodisticos 1991_94.md,21 de septiembre de 1994,La Nación,"Artículo periodístico sobre Resistencia Ciudad de las Esculturas, en el mismo se destaca la labor particular del Fogón de los Arrieros.",Fogón de los Arrieros
R054 - Recortes Periodisticos 1991_94.md,29 de agosto de 1994,Norte,"Aniversario de fallecimiento n° 15 de Boglietti, Aldo reflexiones sobre su vida y obras.","Boglietti, Aldo"
R054 - Recortes Periodisticos 1991_94.md,18 de agosto de 1994,Norte,"Solá, Manuel García, Ministro de Gobierno, convocó a una ""Peña del Poder"" en el Fogón de los Arrieros.","Solá, Manuel García; Fogón de los Arrieros"
R054 - Recortes Periodisticos 1991_94.md,2 de julio de 1994,Norte,"Descubrimiento de escultura, como recordatorio a Boglietti, Efraín a tres años de su muerte.","Boglietti, Efraín; Fogón de los Arrieros; Fundación Urunday"
R054 - Recortes Periodisticos 1991_94.md,2 de abril de 1994,Norte,"Apertura de la Temporada Cultural del Fogón de los Arrieros. El acto contara con la presencia del subsecretario de Artes y Acción Cultural de la Secretaria de Cultura de la Nación Castiñeira, de Dios José L.","Castiñeira de Dios, José L.; Fogón de los Arrieros"
R054 - Recortes Periodisticos 1991_94.md,4 de febrero de 1994,Norte,"El Fogón de los Arrieros realiza una cena en honor a Gómez, Fabriciano, Sotelo, Walter y Gómez Lollo, Humberto, con motivo de haber sido merecedores de la Medalla de Oro en El Festival Olímpico de las Artes Lillehammer 94.","Gómez, Fabriciano; Sotelo, Walter; Gómez Lollo, Humberto; Fogón de los Arrieros"
R054 - Recortes Periodisticos 1991_94.md,12 de enero de 1994,Norte,"Foto Histórica: Ramírez, Ariel en 1965 en el Fogón de los Arrieros, lo rodean Boglietti, Aldo, Gómez, Fabriciano, Guarani, Horacio, Boglietti, Efraín, Pedemonte, Juan y Cerrutti, Raúl.","Ramírez, Ariel; Boglietti, Aldo; Gómez, Fabriciano; Guarani, Horacio; Boglietti, Efraín; Pedemonte, Juan; Cerrutti, Raúl; Fogón de los Arrieros"
R164 - Recortes periodisticos 1960_63.md,Sin fecha,,ATENTADO contra el edificio del Fogón.,El Fogón de los Arrieros
R164 - Recortes periodisticos 1960_63.md,enero 13,,Posición de la UCR al respecto.,UCR
R164 - Recortes periodisticos 1960_63.md,abril 2,,"TEATRO leídos ""La versión de Browning"" de Terence RATTIGAN.","Terence Rattigan, Hilda Torres Varela, Pía Veiravé, Eva Sas, Enrique Kedinger, Coco Celada, Juan P. Jaroslavsky, Efraín Boglietti, Lucio Rizzotti"
R164 - Recortes periodisticos 1960_63.md,abril 2,,"Inauguración de Temporada: palabras de Alfredo VEIRAVE, interpretaciones musicales de Raúl CERRUTTI, lectura de poemas de MENA por Nazario MADERNA.","Alfredo Veiravé, Raúl Cerrutti, Juan de Dios Mena, Nazario Maderna"
R164 - Recortes periodisticos 1960_63.md,abril 4,,"Agasajo al consejero cultural de la Embajada de Francia, señor Jean DIDIER.","Jean Didier, Embajada de Francia"
R164 - Recortes periodisticos 1960_63.md,abril 6,,"Charla de Nelly de VACAREZZA sobre ""Japón e India"".",Nelly de Vacarezza
R164 - Recortes periodisticos 1960_63.md,abril 11,,"Conferencia de Ernesto GARCIA OLANO sobre ""Casos, cosas y casas de USA"".",Ernesto García Olano
R164 - Recortes periodisticos 1960_63.md,abril 16,TIA VICENTA,TIA VICENTA hace referencia al FOGON.,"Tía Vicenta, El Fogón de los Arrieros"
R164 - Recortes periodisticos 1960_63.md,abril 20,,"Conferencia de Angel de DOLARARAS sobre ""Romería y sus trece años de vida.""",Angel de Dolararas
R164 - Recortes periodisticos 1960_63.md,abril 27,,"Agasajo a Nelly MEDEN, Hugo DEL CARRIL, Mario SOFFICI y Sra. de Francisco CARCAVALLO.","Nelly Meden, Hugo del Carril, Mario Soffici, Sra. de Francisco Carcavallo"
R164 - Recortes periodisticos 1960_63.md,abril 29,,"Conferencia de Roberto COUTURE DE TROISMONT sobre ""Los archivos de Francia"".",Roberto Couture de Troismont
R164 - Recortes periodisticos 1960_63.md,abril 30,,"Actuación de Ubaldo MARTINEZ. Visita de Ricardo TRIGO, Carlos GOMEZ y Rubén CABALLOTTI. Curso de FRANCES dictado por André PETIT.","Ubaldo Martínez, Ricardo Trigo, Carlos Gómez, Rubén Caballotti, André Petit"
R164 - Recortes periodisticos 1960_63.md,mayo 3,,Artículo de Alfredo VEIRAVE sobre el FOGON.,"Alfredo Veiravé, El Fogón de los Arrieros"
R164 - Recortes periodisticos 1960_63.md,mayo 3,,"Conferencia de José M. IRIGOYEN sobre ""Nombres guaraníes en el Mapa de América"". Conferencia de José M. CIGUELA sobre ""Invitación al filosofar"".","José M. Irigoyen, José M. Cigüela"
R164 - Recortes periodisticos 1960_63.md,mayo 6,,Visita al escritor Alberto ERRO.,Alberto Erro
R164 - Recortes periodisticos 1960_63.md,mayo 7,,"Conferencia de Hugo BYRON sobre ""Esquema de la cultura uruguaya"". Viaje a E.U. y Europa de Aldo BOGLIETTI.","Hugo Byron, Aldo Boglietti"
R164 - Recortes periodisticos 1960_63.md,mayo 13,,"Conferencia de Grete STERN sobre ""Datos sobre la fotografía"". Concierto de GUITARRA de Irineo CUEVAS.","Grete Stern, Irineo Cuevas"
R164 - Recortes periodisticos 1960_63.md,mayo 23,,"Conferencia de Oscar E. TACCA sobre ""Consideraciones en torno al arte moderno"".",Oscar E. Tacca
R164 - Recortes periodisticos 1960_63.md,mayo 23,,"Conferencia de Juan C. CASTAGNINO sobre ""Pintura contemporánea"".",Juan C. Castagnino
R164 - Recortes periodisticos 1960_63.md,mayo 27,,Recital de PIANO de Efrain PAESKY.,Efraín Paesky
R164 - Recortes periodisticos 1960_63.md,junio 10,,"Conferencia de Marcos R. MARANGUNIC sobre ""Un viaje al infinito"".",Marcos R. Marangunic
R164 - Recortes periodisticos 1960_63.md,junio 10,,Concurso Anual de Artes Visuales Contemporáneas de KAYSER ARGENTINA.,Kayser Argentina
R164 - Recortes periodisticos 1960_63.md,junio 13,,CINE: films cedidos por el Servicio Cultural de la Embajada de FRANCIA.,Embajada de Francia
R164 - Recortes periodisticos 1960_63.md,junio 23,,"Conferencia de Ceferino GERALDI sobre ""Chaqueños en las primeras luchas por la Revolución de Mayo"".",Ceferino Geraldi
R164 - Recortes periodisticos 1960_63.md,junio 25,,"Conferencia del Ing. Oscar GRIMAUX sobre ""Brasilia"".",Oscar Grimaux
R164 - Recortes periodisticos 1960_63.md,julio 1,,"Conferencia de Gregorio BERMANN sobre ""Viajes por el mundo"".",Gregorio Bermann
R164 - Recortes periodisticos 1960_63.md,julio 15,,"Conferencia de Ernesto MONTENEGRO sobre ""Firmeza y flaqueza de la naturaleza chilena"".",Ernesto Montenegro
R164 - Recortes periodisticos 1960_63.md,julio 27,,Cena de despedida de André PETIT.,André Petit
R164 - Recortes periodisticos 1960_63.md,julio 28,,"Conferencia de André Petit sobre ""Françoise SAGAN y la novela de nuestro tiempo"".","André Petit, Françoise Sagan"
R164 - Recortes periodisticos 1960_63.md,Agosto 1º,,Artículo de Ernesto MONTENEGRO sobre RESISTENCIA y el FOGON.,"Ernesto Montenegro, El Fogón de los Arrieros"
R164 - Recortes periodisticos 1960_63.md,agosto 5,,"Conferencia de Lidia LATAZA DE WENZEL sobre ""Un día de clases en un colegio secundario de USA"".",Lidia Lataza de Wenzel
R164 - Recortes periodisticos 1960_63.md,agosto 12,,"Conferencia de Blasco FERNANDEZ DE MOREDA sobre ""Proyección de las emigraciones político-religiosas en la historia de la cultura hispánica"".",Blasco Fernández de Moreda
R164 - Recortes periodisticos 1960_63.md,agosto 22,,Agasajo a Aldo BOGLIETTI.,Aldo Boglietti
R164 - Recortes periodisticos 1960_63.md,agosto 23,,"Conferencia de Damián BAYON sobre ""La actualidad artística vista desde París"".",Damián Bayón
R164 - Recortes periodisticos 1960_63.md,agosto 26,,"Teatro de lectura dirigido por Hilda TORRES VARELA. Intérpretes: Toto CACERES, Ana María KEDINGER y Faustino DOGLIO.","Hilda Torres Varela, Toto Cáceres, Ana María Kedinger, Faustino Doglio"
R164 - Recortes periodisticos 1960_63.md,septiembre 3,,"Conferencia de Carlos LOZA COLOMER sobre ""Perspectivas de América"".",Carlos Loza Colomer
R164 - Recortes periodisticos 1960_63.md,septiembre 8,,Anexión de un terreno al FOGON.,El Fogón de los Arrieros
R164 - Recortes periodisticos 1960_63.md,septiembre 16,,Conferencia de Apolo RONCHI sobre Dalmiro COSTA.,"Apolo Ronchi, Dalmiro Costa"
R164 - Recortes periodisticos 1960_63.md,septiembre 29,,Sobre el BOLETIN.
R164 - Recortes periodisticos 1960_63.md,octubre 18,,"Conferencia de Bernardo CANAL FEIJOO sobre ""Metáforas de una pasión argentina"".",Bernardo Canal Feijóo
R164 - Recortes periodisticos 1960_63.md,octubre 27,,Agasajo de Pedro I. ROSELL VERA.,Pedro I. Rosell Vera
R164 - Recortes periodisticos 1960_63.md,noviembre 3,,Sobre el BOLETIN.
R164 - Recortes periodisticos 1960_63.md,noviembre 10,,EXPOSICION: árboles y dibujos de Roberto SIMMONS.,Roberto Simmons
R164 - Recortes periodisticos 1960_63.md,noviembre 11,,Concierto de GUITARRA de Vicente ELIAS.,Vicente Elías
R164 - Recortes periodisticos 1960_63.md,noviembre 12,,"Debate sobre ""La Dolce Vita"" de Federico FELLINI.",Federico Fellini
R164 - Recortes periodisticos 1960_63.md,noviembre 15,,"Conferencia de Kornel Z. MEHECZ sobre ""Carácter y decadencia de la antigua mujer romana"".",Kornel Z. Mehecz
R164 - Recortes periodisticos 1960_63.md,noviembre 17,,Visita del directorio de la Forestal.,La Forestal
R164 - Recortes periodisticos 1960_63.md,noviembre 19,,Sobre el CONGRESO DE PANADEROS y el FOGON.,"Congreso de Panaderos, El Fogón de los Arrieros"
R164 - Recortes periodisticos 1960_63.md,noviembre 25,,MUSICA: Actuación del cantante Ernesto HERRERA y del conjunto típico de Domingo SCAPOLA.,"Ernesto Herrera, Domingo Scapola"
R164 - Recortes periodisticos 1960_63.md,diciembre 9,,"MUSICA: Actuación de Herminio GIMENEZ, Damacio ESQUIVEL y Argentinita FERNANDEZ.","Herminio Giménez, Damacio Esquivel, Argentinita Fernandez"
R164 - Recortes periodisticos 1960_63.md,diciembre 21,,Artículo sobre el FOGON.,El Fogón de los Arrieros
R164 - Recortes periodisticos 1960_63.md,"enero 10, 1961",,MUSICA: Actuación de Jean DUVAL.,Jean Duval
R164 - Recortes periodisticos 1960_63.md,enero 17,,Actuación de Angélica ANCHART.,Angélica Anchart
R164 - Recortes periodisticos 1960_63.md,febrero 1,,"Sobre el ""Número feroz"" del BOLETIN."
R164 - Recortes periodisticos 1960_63.md,febrero 7,,Visita de Ubaldo MARTINEZ.,Ubaldo Martínez
R164 - Recortes periodisticos 1960_63.md,febrero 17,,Donación de litografías por Emilio PETTORUTI.,Emilio Pettoruti
R164 - Recortes periodisticos 1960_63.md,febrero 22,EL TERRITORIO,Aniversario de EL TERRITORIO saludos del Fogón.,"El Territorio, El Fogón de los Arrieros"
R164 - Recortes periodisticos 1960_63.md,marzo 19,,Artículo de Salomón WAPNIR sobre el FOGON.,"Salomón Wapnir, El Fogón de los Arrieros"
R164 - Recortes periodisticos 1960_63.md,marzo 30,,Inauguración de temporada cultural.
R164 - Recortes periodisticos 1960_63.md,abril 2,,Conferencia de Hilda TORRES VARELA sobre Juan de Dios MENA.,"Hilda Torres Varela, Juan de Dios Mena"
R164 - Recortes periodisticos 1960_63.md,abril 9,,"Visita de Luis BASTIAN, Violeta RIVAS, Paco AMOR, ""OS BATUQUES CARIOCAS"" y Félix SOTOMAYOR.","Luis Bastian, Violeta Rivas, Paco Amor, Os Batuques Cariocas, Félix Sotomayor"
R164 - Recortes periodisticos 1960_63.md,abril 12,,Curso de IKEBANA dictado por Beatriz SANCHEZ DE BUSTAMANTE.,Beatriz Sánchez de Bustamante
R164 - Recortes periodisticos 1960_63.md,mayo 6,,Visita de Roberto GIUSTI.,Roberto Giusti
R164 - Recortes periodisticos 1960_63.md,mayo 11,,Conferencia de José M. Yrigoyen sobre ISRAEL.,José M. Yrigoyen
R164 - Recortes periodisticos 1960_63.md,mayo 12,,Cena en honor de Efraín BOGLIETTI y Moisés PENCHANSKY.,"Efraín Boglietti, Moisés Penchansky"
R164 - Recortes periodisticos 1960_63.md,mayo 19,,"Conferencia de Juan Mantovani sobre ""Sarmiento, político"".","Juan Mantovani, Sarmiento"
R164 - Recortes periodisticos 1960_63.md,Junio 1º,,"Visita de Tita MERELLO, Pola ALONSO y Elcira OLIVERA GARCES al Fogón.","Tita Merello, Pola Alonso, Elcira Olivera Garcés"
R164 - Recortes periodisticos 1960_63.md,junio 14,,MESA REDONDA sobre el caso EICHMAN organizada por TEMIS.,"Jorge O. Benchetrit Medina, Ricardo Leconte Mantilla, Blasco Fernández de Moreda, Rubén Sosa, Alberto Gutnisky, José M. Yrigoyen"
R164 - Recortes periodisticos 1960_63.md,"agosto 28, 1962",,Recital de DANZA de María FUX.,María Fux
R164 - Recortes periodisticos 1960_63.md,"octubre 11, 1962",,Inauguración de los murales de MONSEGUR.,Raúl Monsegur
R164 - Recortes periodisticos 1960_63.md,"diciembre 18, 1962",,"TEATRO: ""El que dice sí y el que dice no"" de Bertold BRECHT y ""La gran furia de Felipe Hotz"" de Max FRISCH.","Bertold Brecht, Max Frisch, Hilda Torres Varela, Nicolás Bancalari, Juan C. Vidarte, Raúl Cerrutti, Ana María Kedinger, Mary Capponi, Marie Pastor, Eva Sas, Enrique Kedinger, Coco Celada, Pedro Zeinsteger, Osvaldo Olmedo, Luis Schmid, Juan Veloso"
R164 - Recortes periodisticos 1960_63.md,"agosto 22, 1963",,"Visita del presidente de la Nación, José María GUIDO.",José María Guido
R057 - Recortes periodisticos 1982_83.md,20 de diciembre de 1982,El Territorio,Participación del fallecimiento de Juan Luis Govi.,Juan Luis Govi
R057 - Recortes periodisticos 1982_83.md,20 de diciembre de 1982,El Territorio,Despidió el año El Fogón de los Arrieros. Cena de despedida del año.,El Fogón de los Arrieros
R057 - Recortes periodisticos 1982_83.md,6 de diciembre de 1982,El Territorio,Feria artesanal en El Fogón. Exposición y venta de artesanías.,El Fogón de los Arrieros
R057 - Recortes periodisticos 1982_83.md,30 de noviembre de 1982,El Territorio,De ayer y de hoy ... Charla de Gaspar Benavento en el Fogón. Homenaje al perro Fernando.,"Gaspar Benavento, Perro Fernando"
R057 - Recortes periodisticos 1982_83.md,24 de noviembre de 1982,Norte,Feria Artesanal en El Fogón. Exposición y venta de artesanias.,El Fogón de los Arrieros
R057 - Recortes periodisticos 1982_83.md,23 de noviembre de 1982,La Nación,Arte y Federalismo. Nota sobre las obras de Cullen Ayerza que están en El Fogón.,"Cullen Ayerza, El Fogón"
R057 - Recortes periodisticos 1982_83.md,17 de noviembre de 1982,Norte,Libro de Veiravé en la Feria ECOM. Presentación del libro Juan de Dios Mena de Alfredo Veiravé.,"Alfredo Veiravé, Juan de Dios Mena"
R057 - Recortes periodisticos 1982_83.md,14 de noviembre de 1982,La Nación,Fogón de los Arrieros. Nota sobre las obras de Cullen Ayerza que están en El Fogón.,"Cullen Ayerza, El Fogón de los Arrieros"
R057 - Recortes periodisticos 1982_83.md,5 de noviembre de 1982,El Territorio,"Hatha Yoga en El Fogón. Hatha Yoga, breve explicación del significado.",El Fogón
R057 - Recortes periodisticos 1982_83.md,5 de noviembre de 1982,Norte,"Hatha Yoga hoy en El Fogón de los Arrieros. Hatha Yoga, publicidad del espectáculo.",El Fogón de los Arrieros
R057 - Recortes periodisticos 1982_83.md,3 de noviembre de 1982,El Territorio,"Hatha Yoga en El Fogón. Hatha Yoga, breve explicación del significado.",El Fogón
R057 - Recortes periodisticos 1982_83.md,3 de noviembre de 1982,Norte,"Hatha Yoga hoy en El Fogón de los Amieros. Hatha Yoga, breve explicación del significado.",El Fogón de los Arrieros
R057 - Recortes periodisticos 1982_83.md,28 de octubre de 1982,Norte,"Hatha Yoga en El Fogón. Hatha Yoga, breve explicación del significado.",El Fogón
R057 - Recortes periodisticos 1982_83.md,22 de octubre de 1982,El Territorio,"Habrá Hatha Yoga en El Fogón de los Amieros. Hatha Yoga, breve explicación del significado.",El Fogón de los Arrieros
R057 - Recortes periodisticos 1982_83.md,21 de octubre de 1982,El Territorio,"Hoy en la Casa de Gobiemo, se distinguirán entidades chaqueñas por su aporte cultural. Acto de distinción y entrega de diplomas.",Entidades chaqueñas
R057 - Recortes periodisticos 1982_83.md,19 de octubre de 1982,El Territorio,Distinguirán por su aporte cultural a entidades privadas. Acto de distinción y entrega de diplomas.,Entidades privadas
R057 - Recortes periodisticos 1982_83.md,18 de octubre de 1982,Norte,EI PI y la cultura. Esculturas.,PI (Partido Intransigente)
R057 - Recortes periodisticos 1982_83.md,13 de octubre de 1982,La Nación,Carta de Francisco J. García Vázquez presidente de la Sociedad Central de Arquitectos. Nota sobre las obras de Cullen Ayerza.,"Francisco J. García Vázquez, Sociedad Central de Arquitectos, Cullen Ayerza, El Fogón"
R057 - Recortes periodisticos 1982_83.md,11 de octubre de 1982,La Nación,Remordimiento. Nota sobre las obras de Cullen Ayerza que están en El Fogón. Respuesta del Señor Boglietti.,"Cullen Ayerza, Boglietti, El Fogón"
R057 - Recortes periodisticos 1982_83.md,11 de octubre de 1982,Norte,Termina hoy ciclo político en El Fogón. Ciclo de Información Cívica. Resumen de los diferentes partidos.,El Fogón
R057 - Recortes periodisticos 1982_83.md,11 de octubre de 1982,El Territorio,El partido Federal en El Fogón de los Arrieros. Ciclo de Información Civica.,"Partido Federal, El Fogón de los Arrieros"
R057 - Recortes periodisticos 1982_83.md,9 de octubre de 1982,El Territorio,"El Partido Federal en El Fogón, el martes. Propuesta del partido Federal.","Partido Federal, El Fogón"
R057 - Recortes periodisticos 1982_83.md,9 de octubre de 1982,Norte,Aramburu en El Fogón. Ciclo de Información Civica. Propuesta del partido Federal.,"Aramburu, Partido Federal, El Fogón"
R057 - Recortes periodisticos 1982_83.md,30 de septiembre de 1982,Norte,Distinguen a Norte por su contribución a la cultura. Acto de distinción y entrega de diplomas.,Diario Norte
R057 - Recortes periodisticos 1982_83.md,28 de septiembre de 1982,Norte,Se presenta hoy un mimo francés. Breve reseña del mimo Rufus y presentación de su espectáculo.,Rufus
R057 - Recortes periodisticos 1982_83.md,27 de septiembre de 1982,El Territorio,El mimo francés Rufus actuará en Resistencia. Breve reseña del mimo Rufus.,Rufus
R057 - Recortes periodisticos 1982_83.md,27 de septiembre de 1982,Norte,Ciclo de Información Civica. Partido Justicialista.,Partido Justicialista
R057 - Recortes periodisticos 1982_83.md,27 de septiembre de 1982,El Territorio,Dirigentes Justicialistes hoy en El Fogón de los Arrieros.,"Dirigentes Justicialistas, El Fogón de los Arrieros"
R057 - Recortes periodisticos 1982_83.md,25 de septiembre de 1982,Norte,Llega a la ciudad el mimo francés Rufus. Breve reseña del mimo Rufus.,Rufus
R057 - Recortes periodisticos 1982_83.md,25 de septiembre de 1982,La Nación,Sobre Cullen Ayerza. Respuesta del crifico de arte Oscar Félix Haedo.,"Cullen Ayerza, Oscar Félix Haedo"
R057 - Recortes periodisticos 1982_83.md,25 de septiembre de 1982,Norte,En el Fogón. Ciclo de Información Civica. Presentación de las propuestas del partido justicialista.,"Partido Justicialista, El Fogón"
R057 - Recortes periodisticos 1982_83.md,20 de septiembre de 1982,El Territorio,El partido justicialista en el Fogón el martes. Ciclo de Información Civica.,"Partido Justicialista, El Fogón"
R057 - Recortes periodisticos 1982_83.md,18 de septiembre de 1982,El Territorio,EI MAS hoy en El Fogón. Ciclo de Información Civica.,"MAS (Movimiento al Socialismo), El Fogón"
R057 - Recortes periodisticos 1982_83.md,18 de septiembre de 1982,La Nación,Heman Cullen Ayerza. Biografia corta de Cullen Ayerza y su obra. Obra Remordimiento donada al Fogón.,"Heman Cullen Ayerza, El Fogón"
R057 - Recortes periodisticos 1982_83.md,16 de septiembre de 1982,El Territorio,Ciclo de Información Civica en El Fogón. Propuestas del MAS.,"MAS, El Fogón"
R057 - Recortes periodisticos 1982_83.md,13 de septiembre de 1982,Norte,Catalina Gerber en El Fogón. Canto lirico en El Fogon.,"Catalina Gerber, El Fogón"
R057 - Recortes periodisticos 1982_83.md,6 de septiembre de 1982,Norte,Actuará en Resistencia la cantante lírica Catalina Gerber. Canto lírico en El Fogón.,"Catalina Gerber, El Fogón"
R057 - Recortes periodisticos 1982_83.md,4 de septiembre de 1982,El Territorio,Casos y cosas del Chaco. 45 Aniversario del Ateneo del Chaco.,Ateneo del Chaco
R057 - Recortes periodisticos 1982_83.md,4 de septiembre de 1982,Norte,Participación de Fallecimiento de Ulises Petit de Murat y Rene Fernández.,"Ulises Petit de Murat, Rene Fernández"
R057 - Recortes periodisticos 1982_83.md,30 de agosto de 1982,El Territorio,El Dr. Carlos Díaz del FIP en el Fogón de los Arrieros. Propuestas del FIP.,"Dr. Carlos Díaz, FIP, El Fogón de los Arrieros"
R057 - Recortes periodisticos 1982_83.md,16 de agosto de 1982,El Territorio,León hoy en El Fogón. Ciclo de Información Cívica.,"Luis León, El Fogón"
R057 - Recortes periodisticos 1982_83.md,15 de agosto de 1982,Norte,León disertará en El Fogón.,"Luis León, El Fogón"
R057 - Recortes periodisticos 1982_83.md,13 de agosto de 1982,El Territorio,Luis León en El Fogón. Ciclo de Información Cívica.,"Luis León, El Fogón"
R057 - Recortes periodisticos 1982_83.md,11 de agosto de 1982,Norte,El titular del MAY en El Fogón.,"Luis León, MAY, El Fogón"
R057 - Recortes periodisticos 1982_83.md,7 de agosto de 1982,Norte,Dirigentes del MUCH disertaron en El Fogón.,"MUCH, El Fogón"
R057 - Recortes periodisticos 1982_83.md,6 de agosto de 1982,El Territorio,Será conmemorado mañana el nacimiento de Lino Torres. Acto homenaje.,Lino Torres
R057 - Recortes periodisticos 1982_83.md,31 de julio de 1982,Norte,EI MUCH en El Fogón. Ciclo de Información Civica.,"MUCH, El Fogón"
R057 - Recortes periodisticos 1982_83.md,26 de julio de 1982,Norte,Temporada cultural. Conferencia del Dr. José Liva.,Dr. José Liva
R057 - Recortes periodisticos 1982_83.md,26 de julio de 1982,El Territorio,EI MID expondrá hoy su plataforma en El Fogón. Ciclo de Información Civica.,"MID, El Fogón"
R057 - Recortes periodisticos 1982_83.md,25 de julio de 1982,Norte,"Kosice, Arte Madi y un libro premiado. Presentación del libro de Arte Madi de Gyula Kosice.",Gyula Kosice
R057 - Recortes periodisticos 1982_83.md,25 de julio de 1982,Norte,EI MID en El Fogón. Ciclo de Información Cívica.,"MID, El Fogón"
R057 - Recortes periodisticos 1982_83.md,21 de julio de 1982,Norte,Charla de Pagano. Disertación sobre artes plásticas.,Pagano
R057 - Recortes periodisticos 1982_83.md,19 de julio de 1982,El Territorio,Suspenden conferencia en El Fogón de los Arieros.,El Fogón de los Arrieros
R057 - Recortes periodisticos 1982_83.md,13 de julio de 1982,El Territorio,Poesías grabadas por Cristaldo fueron presentadas en El Fogón.,"Cristaldo, El Fogón"
R057 - Recortes periodisticos 1982_83.md,12 de julio de 1982,El Territorio,La Democracia Cristiana estará hoy en El Fogón.,"Democracia Cristiana, El Fogón"
R057 - Recortes periodisticos 1982_83.md,10 de julio de 1982,El Territorio,"Un casete con poemas de Cristaldo, en El Fogón.","Cristaldo, El Fogón"
R057 - Recortes periodisticos 1982_83.md,7 de julio de 1982,El Territorio,"En la Fundación El Fogón de los Amieros hablará Ott, el martes.","Ott, El Fogón de los Arrieros"
R057 - Recortes periodisticos 1982_83.md,5 de julio de 1982,Norte,Yunes en El Fogón. Feria exposición.,"Dr. Rubén Yunes, El Fogón"
R057 - Recortes periodisticos 1982_83.md,2 de julio de 1982,El Territorio,Fogón de los Amieros. Feria exposición de artes plásticas.,Fogón de los Arrieros
R057 - Recortes periodisticos 1982_83.md,1 de julio de 1982,Norte,Recital en El Fogón. Música.,El Fogón
R057 - Recortes periodisticos 1982_83.md,30 de junio de 1982,Norte,Recital de flauta y guitarra en El Fogón.,El Fogón
R057 - Recortes periodisticos 1982_83.md,29 de junio de 1982,Norte,Duo de flauta y guitarra en El Fogón.,El Fogón
R057 - Recortes periodisticos 1982_83.md,28 de junio de 1982,El Territorio,Socialistas en el ciclo del Fogón.,"Socialistas, El Fogón"
R057 - Recortes periodisticos 1982_83.md,21 de junio de 1982,Norte,Información Civica en El Fogón.,El Fogón
R057 - Recortes periodisticos 1982_83.md,12 de mayo de 1983,Norte,Donación.,El Fogón de los Arrieros
R057 - Recortes periodisticos 1982_83.md,25 de abril de 1983,Norte,"Guido Miranda, hoy en El Fogón. Temporada cultural 1983.","Guido Miranda, El Fogón"
R057 - Recortes periodisticos 1982_83.md,7 de abril de 1983,Norte,El profesor Romero estuvo en El Fogón de los Arrieros. Conferencia de Historia.,"Luis A. Romero, El Fogón de los Arrieros"
R057 - Recortes periodisticos 1982_83.md,13 de febrero de 1983,Norte,René Brusau: un breve y hondo peregrinaje.,René Brusau
R057 - Recortes periodisticos 1982_83.md,12 de febrero de 1983,Norte,El Fogón de los Arrieros. Descripción del Fogón.,El Fogón de los Arrieros
R057 - Recortes periodisticos 1982_83.md,5 de diciembre de 1983,El Territorio,Nuevo homenaje de Oblanc a los pioneros del chaco.,Firma Oblanc
R057 - Recortes periodisticos 1982_83.md,21 de noviembre de 1983,Norte,Titirimundo actúa hoy en el Centro Cultural.,Titirimundo
R057 - Recortes periodisticos 1982_83.md,12 de octubre de 1983,El Territorio,Murió Bernardo Canal Feijoo.,Bernardo Canal Feijoo
R057 - Recortes periodisticos 1982_83.md,2 de octubre de 1983,El Territorio,Llega hoy a Resistencia el Embajador de Venezuela. Visita al Fogón.,"Embajador de Venezuela, El Fogón"
R057 - Recortes periodisticos 1982_83.md,24 de septiembre de 1983,Norte,Tina Helba presenta hoy Latinoamericamor. Poesía. Música.,Tina Helba
R057 - Recortes periodisticos 1982_83.md,29 de agosto de 1983,Norte,Hace tres años se fue Aldo Boglietti. Homenaje.,Aldo Boglietti
R057 - Recortes periodisticos 1982_83.md,19 de julio de 1982,Norte,"Brascó, hoy en Resistencia. Obras de Miguel Brascó en El Fogón.","Miguel Brascó, El Fogón"
R057 - Recortes periodisticos 1982_83.md,4 de abril de 1982,El Territorio,"Felix Luna, hoy en El Fogón de los Amieros.","Felix Luna, El Fogón de los Arrieros"
R239 - Recordes sobre EFDA 1948_2002.md,"noviembre 5, 1947",Bs. As.,"De Atamisqui al ""Fogón de los Arrieros"". La marcha del tiempo.",El Fogón de los Arrieros
R239 - Recordes sobre EFDA 1948_2002.md,"abril 19, 1953","La Prensa, Bs. As.",El Fogón de los Arrieros una isla rodeada de tierra,El Fogón de los Arrieros
R239 - Recordes sobre EFDA 1948_2002.md,"septiembre 30, 1955",Le Quotidien. El Cotidiano,"Le ""Fogón de los Arrieros"". Une oasis intellectuelle en plein Chaco",El Fogón de los Arrieros
R239 - Recordes sobre EFDA 1948_2002.md,"octubre 1, 1955",Le Quotidien. El Cotidiano,"Le ""Fogón de los Arrieros"" Amité, hospitalité, solidarité",El Fogón de los Arrieros
R239 - Recordes sobre EFDA 1948_2002.md,"abril 12, 1956",El Laborista,"La casa encantada. Recuerdo para el ""Fogón""",El Fogón de los Arrieros
R239 - Recordes sobre EFDA 1948_2002.md,"septiembre 20, 1958","La Mañana, Corrientes","""El teatro del Fogón"" en el Hotel de Turismo",El teatro del Fogón
R239 - Recordes sobre EFDA 1948_2002.md,"mayo 7, 1960","La Razón, Bs. As.",Viaja a E.E.U.U. y Europa el Señor Aldo Boglietti,Aldo Boglietti
R239 - Recordes sobre EFDA 1948_2002.md,"julio 24, 1961",Corrientes,"""El Fogón de los Arrieros""",El Fogón de los Arrieros
R239 - Recordes sobre EFDA 1948_2002.md,"diciembre 31, 1963",El Territorio,"""El Fogón de los Arrieros""",El Fogón de los Arrieros
R239 - Recordes sobre EFDA 1948_2002.md,"agosto 5, 1964",El Territorio,"Tratarase sobre ""Patafísica"" en el Fogón de los Arrieros",El Fogón de los Arrieros
R239 - Recordes sobre EFDA 1948_2002.md,"junio 29, 1965",El Territorio,El Homenaje a Schenone,Schenone
R239 - Recordes sobre EFDA 1948_2002.md,"julio 23, 1965",El Territorio,Espectáculo audiovisual en el Fogón,El Fogón de los Arrieros
R239 - Recordes sobre EFDA 1948_2002.md,"octubre 13, 1965","El Territorio, Resistencia","""Imagen Soviética de las Américas"" conferencia en el Fogón de los Arrieros",El Fogón de los Arrieros
R239 - Recordes sobre EFDA 1948_2002.md,"octubre 29, 1967","Suplemento dominical, El Territorio, Resistencia",Biblioteca de arte y literatura en el Fogón de los Arrieros,El Fogón de los Arrieros
R239 - Recordes sobre EFDA 1948_2002.md,"noviembre 10, 1967","Revista Visión, Colombia",Tertulias sin fin en el Fogón de los Arrieros,El Fogón de los Arrieros
R239 - Recordes sobre EFDA 1948_2002.md,"noviembre 12, 1967",Bs. As. Herald,The Fogón Retreat for good liveres,El Fogón de los Arrieros
R239 - Recordes sobre EFDA 1948_2002.md,"febrero 24, 1969",El Territorio,El personal de EL Territorio fue agasajado ayer a mediodía por el Fogón del Arriero,"El Territorio, El Fogón de los Arrieros"
R239 - Recordes sobre EFDA 1948_2002.md,"noviembre 13, 1969",La Prensa,El Fogón de los Arrieros entregó a Resistencia otras dos esculturas,El Fogón de los Arrieros
R239 - Recordes sobre EFDA 1948_2002.md,"noviembre 25, 1969",El Territorio,"Reiniciaría ""El Fogón de los Arrieros"" una campaña con ayuda de la municipalidad","El Fogón de los Arrieros, Municipalidad"
R239 - Recordes sobre EFDA 1948_2002.md,"agosto 23, 1970","El Territorio, Resistencia",La Rebelión de las estatuas,"Horacio Riveros Sosa, El Fogón de los Arrieros, Aldo Boglietti, Monsegur, Rodrigo Bonome"
R239 - Recordes sobre EFDA 1948_2002.md,"marzo, 1971",En Noticias de alto vuelo Austral.Ala,Argentina Turística. El fogón de los Arrieros,El Fogón de los Arrieros
R239 - Recordes sobre EFDA 1948_2002.md,"abril, 1971",Autoclub,Las tallas de Mena,Mena
R239 - Recordes sobre EFDA 1948_2002.md,"septiembre 3, 1971",Litoral en Buenos Aires,El Fogón de los Arrieros mezcla de ironía y de buen humor,El Fogón de los Arrieros
R239 - Recordes sobre EFDA 1948_2002.md,"julio 21, 1972",El Territorio Resistencia,Esta noche disertará V. Parravicini en El Fogón de los Arrieros,"V. Parravicini, El Fogón de los Arrieros"
R239 - Recordes sobre EFDA 1948_2002.md,"abril 4, 1973",El Territorio Resistencia,El Fogón inaugura su temporada con un homenaje a V. Marchese,"V. Marchese, El Fogón de los Arrieros"
R239 - Recordes sobre EFDA 1948_2002.md,"abril 4, 1973",La Nación Buenos Aires,Homenaje a Marchese,Marchese
R239 - Recordes sobre EFDA 1948_2002.md,"mayo, 1973",Centro Argentino de Ingenieros,La comisión de visitas y vinculación realizó un viaje por el litoral y países limítrofes,Comisión de visitas y vinculación
R239 - Recordes sobre EFDA 1948_2002.md,"mayo 30, 1973","La Capital, La Tribuna de Rosario",Fallecimiento del Contador Delfor Boglietti,Delfor Boglietti
R239 - Recordes sobre EFDA 1948_2002.md,"agosto 22, 1974",La Prensa,Premio de la Academia Nacional Francesa a Hilda Torres Varela,"Hilda Torres Varela, Academia Nacional Francesa"
R239 - Recordes sobre EFDA 1948_2002.md,"septiembre 5, 1976",Clarín,El Fogón de los Arrieros,El Fogón de los Arrieros
R239 - Recordes sobre EFDA 1948_2002.md,"octubre 27, 1977",Clarín,El Fogón del Chaco,El Fogón de los Arrieros
R239 - Recordes sobre EFDA 1948_2002.md,"agosto 29, 1979",What's on in Argentina / La imagen Argentina en el mundo,Se fue el fogonero mayor,"Aldo Boglietti, Juan de Dios Mena"
R239 - Recordes sobre EFDA 1948_2002.md,"septiembre 1, 1979",La Prensa,Aldo Boglietti su fallecimiento,Aldo Boglietti
R239 - Recordes sobre EFDA 1948_2002.md,"septiembre 1, 1979",El Territorio,Ha desaparecido un hombre que contribuyó a que se conociera el Chaco en distintos ambitos,"Aldo Boglietti, Efraín Boglietti, El Fogón de los Arrieros"
R239 - Recordes sobre EFDA 1948_2002.md,"diciembre 21, 1980",Norte,Reconocimiento a Aldo Boglietti,Aldo Boglietti
R239 - Recordes sobre EFDA 1948_2002.md,"julio 10, 1982",Norte. Resistencia,El retorno de Fernando,Fernando
R239 - Recordes sobre EFDA 1948_2002.md,"abril, 1986",Fotocopia del escrito de Hilda Torres Varela,"""Un Fogón para la nostalgia""",Hilda Torres Varela
R239 - Recordes sobre EFDA 1948_2002.md,"agosto 15, 1993",Norte dominical,"50 años de ""El Fogón de los Arrieros""",El Fogón de los Arrieros
R239 - Recordes sobre EFDA 1948_2002.md,"octubre 3, 1993",Norte,El impulso inagotable de Aldo Boglietti,Aldo Boglietti
R239 - Recordes sobre EFDA 1948_2002.md,"octubre 24, 1993",Norte,"El Fogón, un adelanto cultural en las artes",El Fogón de los Arrieros
R239 - Recordes sobre EFDA 1948_2002.md,"noviembre 1, 1993",Norte,El Fogón de los Arrieros,El Fogón de los Arrieros
R239 - Recordes sobre EFDA 1948_2002.md,"abril 20, 2000",Norte,"El Fogón, con los mensajeros",El Fogón de los Arrieros
R239 - Recordes sobre EFDA 1948_2002.md,"abril 23, 2000",Norte,"El Fogón, todo garbo y salero",El Fogón de los Arrieros
R239 - Recordes sobre EFDA 1948_2002.md,"abril 25, 2000",Norte,Tango y noche española en el Fogón,El Fogón de los Arrieros
R239 - Recordes sobre EFDA 1948_2002.md,"mayo 8, 2000",Norte,Fogón de mensajes-tangaso,El Fogón de los Arrieros
R239 - Recordes sobre EFDA 1948_2002.md,"mayo 15, 2000",Norte,El Fogón tanguero,El Fogón de los Arrieros
R239 - Recordes sobre EFDA 1948_2002.md,"mayo 16, 2002",Norte,"Tango, en el fogón",El Fogón de los Arrieros
R239 - Recordes sobre EFDA 1948_2002.md,"mayo 17, 2002",Norte,"At-Say, en el Fogón","At-Say, El Fogón de los Arrieros"
R239 - Recordes sobre EFDA 1948_2002.md,"mayo 18, 2002",Norte,El Fogón y la música de At-Say,"El Fogón de los Arrieros, At-Say"
R239 - Recordes sobre EFDA 1948_2002.md,"mayo 20, 2002",Norte,La semana de mayo en el Fogón,El Fogón de los Arrieros
R239 - Recordes sobre EFDA 1948_2002.md,"mayo 21, 2002",Norte,"Mayo en el Fogón: hoy, el Coro de la U.T.N.","El Fogón de los Arrieros, Coro de la U.T.N."
R239 - Recordes sobre EFDA 1948_2002.md,"mayo 22, 2002",Norte,Tango y poesías en el fogón,El Fogón de los Arrieros
R239 - Recordes sobre EFDA 1948_2002.md,"mayo 23, 2002",Norte,El fogón y otra noche tanguera,El Fogón de los Arrieros
R239 - Recordes sobre EFDA 1948_2002.md,"mayo 24, 2002",Norte,Reunión de poetas en el Fogón,El Fogón de los Arrieros
R239 - Recordes sobre EFDA 1948_2002.md,SIN FECHA,Litoral,El Fogón de los Arrieros. Puertas abiertas en el Chaco,El Fogón de los Arrieros
R055 - Recortes periodisticos 1987_90.md,28 de diciembre de 1987,El Territorio,Campaña de donación de cuadros al Fogón.,Fogón de los Arrieros
R055 - Recortes periodisticos 1987_90.md,29 de diciembre de 1987,Norte,Saludo de fín de año al diario Norte.,"Diario Norte, Fogón de los Arrieros"
R055 - Recortes periodisticos 1987_90.md,20 de diciembre de 1987,Norte,Campaña de donación de cuadros al Fogón.,Fogón de los Arrieros
R055 - Recortes periodisticos 1987_90.md,17 de diciembre de 1987,Norte,Cena de fín de año.,Fogón de los Arrieros
R055 - Recortes periodisticos 1987_90.md,13 de diciembre de 1987,El Territorio,Cena de fín de año.,Fogón de los Arrieros
R055 - Recortes periodisticos 1987_90.md,13 de diciembre de 1987,Norte,yenta de cuadros en el Fogón.,Fogón de los Arrieros
R055 - Recortes periodisticos 1987_90.md,09 de diciembre de 1987,Norte,"Imposición del nombre ""René Bruseau"" al Museo Provincial Bellas Artes","René Bruseau, Museo Provincial de Bellas Artes"
R055 - Recortes periodisticos 1987_90.md,08 de noviembre de 1987,Norte,"Biografía del escritor Riveros Sosa, Horacio.","Riveros Sosa, Horacio"
R055 - Recortes periodisticos 1987_90.md,29 de octubre de 1987,El Territorio,"Espectáculo de ""Magia, humor y comunicación"".","Dellepiane Rawson, Julio"
R055 - Recortes periodisticos 1987_90.md,22 de octubre de 1987,Norte,"Espectáculo de ""Magia, humor y comunicación"".","Dellepiane Rawson, Julio"
R055 - Recortes periodisticos 1987_90.md,22 de octubre de 1987,Norte,"Participación del fallecimiento de la Llave N№ 288 Ortiz, Mecha.","Ortiz, Mecha"
R055 - Recortes periodisticos 1987_90.md,18 de octubre de 1987,El Territorio,"Reconocimiento al escultor Gómez Lollo, Fabriciano por periodista de Finlandia.","Gómez Lollo, Fabriciano"
R055 - Recortes periodisticos 1987_90.md,16 de octubre de 1987,El Territorio,"Disertación sobre ""El cuento argentino contemponáneo"".","Giardinelli, Mempo"
R055 - Recortes periodisticos 1987_90.md,16 de octubre de 1987,Norte,"Disertación de Giardinelli, Mempo.","Giardinelli, Mempo"
R055 - Recortes periodisticos 1987_90.md,14 de octubre de 1987,Norte,"Charla en el Centro Cultural ""leopoldo Marechal"".","Schenone, Rodolfo, Centro Cultural Leopoldo Marechal"
R055 - Recortes periodisticos 1987_90.md,06 de octubre de 1987,Norte,Representación del Chaco en el Congreso Internacional sobre la presencia italiana en la Argentina.,"Farias de Foulkes, Ana"
R055 - Recortes periodisticos 1987_90.md,06 de octubre de 1987,Norte,"Curso sobre ""Introducción a la escultura"".","Pagano, Norberto; Gómez Lollo, Fabriciano; Gómez Lollo, Humberto"
R055 - Recortes periodisticos 1987_90.md,29 de septiembre de 1987,Norte,"Homenaje al poeta Pedrini, José.","Pedrini, José; Kwas, Naum"
R055 - Recortes periodisticos 1987_90.md,29 de septiembre de 1987,El Territorio,"Homenaje al poeta Pedrini, José.","Pedrini, José; Kwass, Naum"
R055 - Recortes periodisticos 1987_90.md,28 de septiembre de 1987,Norte,Seminario de esculturas.,"Pagano, Norberto; Gómez Lollo, Humberto; Gómez Lollo, Fabriciano"
R055 - Recortes periodisticos 1987_90.md,27 de septiembre de 1987,Norte,El canto de las mujeres y los hombres del Chaco interpretado por el cuarteto Martín Fierro y Chacoamérica.,"Cuarteto Martín Fierro, Chacoamérica"
R055 - Recortes periodisticos 1987_90.md,27 de septiembre de 1987,Norte,"Biografías de los artistas plásticos: Días, Héctor y Geraldi Susana.","Días, Héctor; Geraldi, Susana"
R055 - Recortes periodisticos 1987_90.md,27 de septiembre de 1987,Norte,Exposición de obra de arte en Buenos Aires.,"Doebbeling de Kiefer, Mariana"
R055 - Recortes periodisticos 1987_90.md,22 de septiembre de 1987,Norte,"Disertación sobre ""Enseñanza del arte"".","Nessi, Angel O."
R055 - Recortes periodisticos 1987_90.md,22 de septiembre de 1987,El Territorio,"Disertación sobre ""enseñanza del arte"".","Nessi, Angel O."
R055 - Recortes periodisticos 1987_90.md,20 de septiembre de 1987,Norte,"Inauguración de la muestra de grabados de Thompson, Helga.","Thompson, Helga"
R055 - Recortes periodisticos 1987_90.md,20 de septiembre de 1987,El Territorio,"Inauguración de la muestra de grabados de Thompson, Helga.","Thompson, Helga"
R055 - Recortes periodisticos 1987_90.md,20 de septiembre de 1987,Norte,"Reportaje periodístico a Sebastiani, Pía.","Sebastiani, Pía"
R055 - Recortes periodisticos 1987_90.md,18 de septiembre de 1987,Norte,Recital del Ensamble Musical de la Asociación Coral polifónica de Resistencia.,Ensamble Musical de la Asociación Coral Polifónica de Resistencia
R055 - Recortes periodisticos 1987_90.md,10 de septiembre de 1987,El Territorio,Disertación y música de tango en el Fógón.,"Gobello, José; Piana, Sebastian; Fogón de los Arrieros"
R055 - Recortes periodisticos 1987_90.md,10 de septiembre de 1987,Norte,Disertación y música de tango en el Fogón.,"Gobello, José; Piana, Sebastian; Fogón de los Arrieros"
R055 - Recortes periodisticos 1987_90.md,07 de septiembre de 1987,Norte,Espectáculo de tangos en el Fogón.,Fogón de los Arrieros
R055 - Recortes periodisticos 1987_90.md,30 de agosto de 1987,Norte,"Recordatorio de vida y obra del Llave N№ 9 Zali, José.","Zali, José"
R055 - Recortes periodisticos 1987_90.md,23 de agosto de 1987,Norte,"Saludo de despedida del Llave N№ 210, el poeta Oran, Antonio.","Oran, Antonio"
R055 - Recortes periodisticos 1987_90.md,23 de agosto de 1987,El Territorio,"Presentación del libro ""Historia y cuento del alfabeto"".","Gudiño Kieffer, Eduardo"
R055 - Recortes periodisticos 1987_90.md,18 de agosto de 1987,Norte,"Homenaje al escultor Gómez Lollo, Humberto por su actuación en Italia.","Gómez Lollo, Humberto"
R055 - Recortes periodisticos 1987_90.md,18 de agosto de 1987,Norte,"Homenaje a Veiravé, Alfredo en la IV Feria Regional del Libro en corrientes.","Veiravé, Alfredo"
R055 - Recortes periodisticos 1987_90.md,18 de agosto de 1987,Norte,"Presentación del libro ""Historia y cuentos del alfabeto"" en Buenos Aires.","Torres Varela, Hilda"
R055 - Recortes periodisticos 1987_90.md,18 de agosto de 1987,Norte,Emigración de los colonizadores franceses.,Colonizadores franceses
R055 - Recortes periodisticos 1987_90.md,17 de agosto de 1987,Norte,"Visita al Fogón de Gobello, José y Piana, Sebastian.","Gobello, José; Piana, Sebastian; Fogón de los Arrieros"
R055 - Recortes periodisticos 1987_90.md,16 de agosto de 1987,Norte,Reportaje a Gómez Lollo Humberto y Fabriciano despues de su viaje a Italia.,"Gómez Lollo, Humberto; Gómez Lollo, Fabriciano"
R055 - Recortes periodisticos 1987_90.md,09 de agosto de 1987,Norte,"Biografía de Miranda, Guido.","Miranda, Guido"
R055 - Recortes periodisticos 1987_90.md,08 de agosto de 1987,Norte,Referencia histórica y cultural.,"Fernández, Miguel A."
R055 - Recortes periodisticos 1987_90.md,07 de agosto de 1987,Norte,"Homenaje a Gómez Lollo, Humberto y Fabriciano por la distinción recibida en Italia.","Gómez Lollo, Humberto; Gómez Lollo, Fabriciano"
R055 - Recortes periodisticos 1987_90.md,02 de agosto de 1987,Norte,"participación del fallecimiento de la Llave N№ 61 Glombovsky, Susana.","Glombovsky, Susana"
R055 - Recortes periodisticos 1987_90.md,01 de agosto de 1987,Norte,Bienvenida a Gómez Lollo Humberto y Fabriciano de su regreso de Italia.,"Gómez Lollo, Humberto; Gómez Lollo, Fabriciano; Boglietti, Efrain"
R055 - Recortes periodisticos 1987_90.md,31 de julio de 1987,Norte,"Participación del fallecimiento del Llave N№ 60 Piccolini, Angel E.","Piccolini, Angel E."
R055 - Recortes periodisticos 1987_90.md,31 de julio de 1987,El Territorio,"Participación del fallecimiento del Llave Nº 60 Piccolini, Angel E.","Piccolini, Angel E."
R055 - Recortes periodisticos 1987_90.md,26 de julio de 1987,Norte,"Proyecto de obra ""Aquella Resistencia del 30 al 50"".","Bisceglia, Juan A.; Levrino, Ruben O."
R055 - Recortes periodisticos 1987_90.md,17 de julio de 1987,El Territorio,"Participación del fallecimiento del Llave N№ 247 Mari, Jaime.","Mari, Jaime"
R055 - Recortes periodisticos 1987_90.md,05 de julio de 1987,Norte,"Donación de la escultura ""Manantial"".","Azlor, Ernestina"
R055 - Recortes periodisticos 1987_90.md,25 de junio de 1987,Norte,"Conferencia sobre ""El tango en la cultura popular argentina"".","Cerrutti, Rafael"
R055 - Recortes periodisticos 1987_90.md,24 de junio de 1987,El Territorio,"Conferencia sobre ""El tango en la cultura popular argentina"".","Cerrutti, Raúl"
R055 - Recortes periodisticos 1987_90.md,17 de junio de 1987,Norte,"Conferencia en el Fogón de la autora ""porqué y para qué de un libro"".",Fogón de los Arrieros
R055 - Recortes periodisticos 1987_90.md,17 de junio de 1987,El Territorio,"Conferencia en el Fogón de la autora de ""porqué y para qué un libro"".",Fogón de los Arrieros
R055 - Recortes periodisticos 1987_90.md,13 de junio de 1987,El Territorio,"Visita al Intendente de Resistencia, Piccilli.","Piccilli; Gómez Lollo, Humberto; Gómez Lollo, Fabricio"
R055 - Recortes periodisticos 1987_90.md,13 de junio de 1987,El Territorio,"Conferencia sobre ""La computación en la enseñanza"".",Brossard
R055 - Recortes periodisticos 1987_90.md,20 de mayo de 1987,Norte,Desfile: presentación de la colección de Mila Boutique.,Mila Boutique
R055 - Recortes periodisticos 1987_90.md,10 de mayo de 1987,El Territorio,"Invitación a Gómez Lollo, Humberto a participar en el VII- Concurso Internacional de Escultura en Madera en Cortina D'Ampezzo, Italia.","Gómez Lollo, Humberto"
R055 - Recortes periodisticos 1987_90.md,11 de abril de 1987,La Nación,"Autografos de los libros de Borges, J.L. por María Kodama en la Feria Internacional del Libro.","Borges, J.L.; Kodama, María"
R055 - Recortes periodisticos 1987_90.md,04 de abril de 1987,Norte,"Conferencia sobre ""La cultura del Nordeste"".","Calamaro, Eduardo"
R055 - Recortes periodisticos 1987_90.md,04 de abril de 1987,El Territorio,"Conferencia sobre ""La cultura del Nordeste"".","Calamaro, Eduardo"
R055 - Recortes periodisticos 1987_90.md,24 de marzo de 1987,El Territorio,Charla-debate sobre fotografías.,"Raota, José L."
R055 - Recortes periodisticos 1987_90.md,24 de marzo de 1987,Norte,Charla-debate sobre fotografías.,"Raota, José L."
R055 - Recortes periodisticos 1987_90.md,19 de marzo de 1987,El Territorio,Restauración del mural al fresco del salón principal del Fogón.,"Pagano, Norberto; Fogón de los Arrieros"
R055 - Recortes periodisticos 1987_90.md,14 de marzo de 1987,Norte,"Obsequio al diario Norte de la obra ""Descanso"".","Pagano, Norberto; Diario Norte"
R055 - Recortes periodisticos 1987_90.md,24 de enero de 1987,Norte,"Reconocimiento a la labor de Boglietti, Efrain.","Boglietti, Efrain; Fernández"
R055 - Recortes periodisticos 1987_90.md,19 de enero de 1987,La Nación,"Resistencia, ciudad de las esculturas.",Resistencia (Chaco)
R055 - Recortes periodisticos 1987_90.md,17 de enero de 1987,La Nación,"Resistencia, ciudad de las esculturas.",Resistencia (Chaco)
R055 - Recortes periodisticos 1987_90.md,02 de enero de 1987,El Territorio,"Misa por el Aniversario del fallecimiento de Mascheroni, Horacio H. en la Iglesia María Auxiliadora.","Mascheroni, Horacio H."
R055 - Recortes periodisticos 1987_90.md,26 de diciembre de 1988,Norte,Saludo de fín de año al Diario Norte.,"Diario Norte, Fogón de los Arrieros"
R055 - Recortes periodisticos 1987_90.md,18 de diciembre de 1988,El Territorio,Saludo de fín de año al diario El Territorio.,"Diario El Territorio, Fogón de los Arrieros"
R055 - Recortes periodisticos 1987_90.md,09 de diciembre de 1988,Norte,Despedida de fín de año.,Fogón de los Arrieros
R055 - Recortes periodisticos 1987_90.md,29 de noviembre de 1988,Norte,Concierto de piano.,"Fischer, Silvia; Espinoza, Andrea"
R055 - Recortes periodisticos 1987_90.md,13 de noviembre de 1988,Norte,"Participación del fallecimiento del Llave N№ 175, Bentolilla, José.","Bentolilla, José"
R055 - Recortes periodisticos 1987_90.md,06 de noviembre de 1988,El Territorio,"Poema de Benavento, Gaspar.","Benavento, Gaspar"
R055 - Recortes periodisticos 1987_90.md,01 de noviembre de 1988,Norte,Recital de trompeta y piano.,"Longhi de Bendersky, María C."
R055 - Recortes periodisticos 1987_90.md,30 de octubre de 1988,Norte,Visita de alumnos de la Escuela de Nivel Secundario Nº 9 de Villa Angela.,"Escuela de Nivel Secundario Nº 9 (Villa Angela), Fogón de los Arrieros"
R055 - Recortes periodisticos 1987_90.md,28 de octubre de 1988,Norte,"Conferencia sobre ""Monumentos y esculturas de Buenos Aires"".","Pagano, Norberto"
R055 - Recortes periodisticos 1987_90.md,26 de octubre de 1988,Norte,Disertación en el 35º Aniversario del Círculo Italiano Dante Alighieri.,"Torres Varela, Hilda; Círculo Italiano Dante Alighieri"
R055 - Recortes periodisticos 1987_90.md,25 de octubre de 1988,Norte,"Conferencia sobre ""La masonería en la Argentina y la región""","Mauriño, Alejandro"
R055 - Recortes periodisticos 1987_90.md,23 de octubre de 1988,Norte,"Recital del flaustista y cantante lírico Valledor, Dante.","Valledor, Dante"
R055 - Recortes periodisticos 1987_90.md,21 de octubre de 1988,Norte,"Obra-debate en el Fogón ""las Visitas"".","Grupo ""La Barraca"" de Corrientes, Fogón de los Arrieros"
R055 - Recortes periodisticos 1987_90.md,20 de octubre de 1988,Norte,"Exposición de pinturas del plástico Venier, Bruno.","Venier, Bruno"
R055 - Recortes periodisticos 1987_90.md,12 de octubre de 1988,Norte,"Conferencia con ilustraciones prácticas sobre ""Folcklore diferentes aspectos"".","Ossona, Paulina"
R055 - Recortes periodisticos 1987_90.md,11 de octubre de 1988,Norte,"Invitación al pintor Venier, Bruno.","Venier, Bruno"
R055 - Recortes periodisticos 1987_90.md,10 de octubre de 1988,El Territorio,"Invitación al pintor Venier, Bruno.","Venier, Bruno"
R055 - Recortes periodisticos 1987_90.md,10 de octubre de 1988,Norte,Ciclo de recitales en el Fogón.,"García, Bibiana S. de; Brizuela, Nadecha Shoeneman, Carmen P. de; Valledor, Dante; Fogón de los Arrieros"
R055 - Recortes periodisticos 1987_90.md,09 de octubre de 1988,La Nación,"Muestra de obras de Venier, Bruno.","Venier, Bruno"
R055 - Recortes periodisticos 1987_90.md,03 de octubre de 1988,Folleto,Referencia turística del Fogón.,Fogón de los Arrieros
R055 - Recortes periodisticos 1987_90.md,28 de septiembre de 1988,Norte,"Disertación sobre ""Trascendencia del Ateneo del Chaco a través de la plástica"".","Romagnoli, P.; Ateneo del Chaco"
R055 - Recortes periodisticos 1987_90.md,26 de septiembre de 1988,El Territorio,"Conferencia sobre ""Retorno a la ciudad de las esculturas"".","Cristaldo, Adolfo"
R055 - Recortes periodisticos 1987_90.md,26 de septiembre de 1988,Norte,"Conferencia sobre ""Retorno a la ciudad de las esculturas"".","Cristaldo, Adolfo"
R055 - Recortes periodisticos 1987_90.md,24 de septiembre de 1988,Norte,Subasta de obras de arte en el Fogón.,Fogón de los Arrieros
R055 - Recortes periodisticos 1987_90.md,22 de septiembre de 1988,Norte,"Participación del fallecimiento del Llave N№ 296, Ceccarelli, Fernando.","Ceccarelli, Fernando"
R055 - Recortes periodisticos 1987_90.md,13 de septiembre de 1988,Norte,"Disertación sobre ""Trascendencia del Ateneo del Chaco a través de la música"".","Cerrutti, Raúl; Ateneo del Chaco"
R055 - Recortes periodisticos 1987_90.md,10 de septiembre de 1988,La Nación,Entrega de premios Konex 1988 al Fogón de los Arrieros.,"Fogón de los Arrieros, Fundación Konex"
R055 - Recortes periodisticos 1987_90.md,09 de septiembre de 1988,Norte,Efrain Boglietti recibió el Premio Konex 1988.,"Boglietti, Efrain; Fundación Konex"
R055 - Recortes periodisticos 1987_90.md,07 de septiembre de 1988,Norte,Efrain Boglietti recibió el Premio Konex 1988.,"Boglietti, Efrain; Fundación Konex"
R055 - Recortes periodisticos 1987_90.md,07 de septiembre de 1988,La Razón,Fotografías de la entrega del Premio Konex 1988.,"Fogón de los Arrieros, Fundación Konex"
R055 - Recortes periodisticos 1987_90.md,06 de septiembre de 1988,Norte,"Disertación sobre el tema ""Historia del Ateneo del Chaco"".","Miranda, Guido; Ateneo del Chaco"
R055 - Recortes periodisticos 1987_90.md,30 de agosto de 1988,Norte,Ciclo de música de cámara en el Fogón.,Fogón de los Arrieros
R055 - Recortes periodisticos 1987_90.md,28 de agosto de 1988,Norte,Reconocimiento de la labor de los hermanos Boglietti.,"Petraglia, Adolfo; Aldo Boglietti; Efrain Boglietti"
R055 - Recortes periodisticos 1987_90.md,22 de agosto de 1988,El Territorio,Entrega del Diploma al Mérito Cultural al Fogón de los Arrieros.,Fogón de los Arrieros
R055 - Recortes periodisticos 1987_90.md,14 de agosto de 1988,Norte,"Biografías de Boglietti, Aldo y Efrain.","Boglietti, Aldo; Boglietti, Efrain"
R055 - Recortes periodisticos 1987_90.md,03 de agosto de 1988,Norte,"Espectáculo teatral: ""Diario de un drogadicto"".",Gente de Teatro
R055 - Recortes periodisticos 1987_90.md,07 de julio de 1988,Norte,Saludos al diario Norte en su aniversario.,"Diario Norte, Fogón de los Arrieros"
R055 - Recortes periodisticos 1987_90.md,01 de julio de 1988,Norte,Reconocimiento al Fogón como ámbito de manifestaciones culturales.,Fogón de los Arrieros
R055 - Recortes periodisticos 1987_90.md,01 de julio de 1988,Norte,Reconocimiento al Fogón como ámbito cultural valioso.,Fogón de los Arrieros
R055 - Recortes periodisticos 1987_90.md,24 de junio de 1988,Norte,Visita del Consejo de Profesionales de Ciencias Económicas.,"Consejo de Profesionales de Ciencias Económicas, Fogón de los Arrieros"
R055 - Recortes periodisticos 1987_90.md,23 de junio de 1988,Norte,Homenaje a Carlos Gardel.,"Carletti, Carlos; Carlos Gardel"
R055 - Recortes periodisticos 1987_90.md,16 de junio de 1988,Norte,"Participación del fallecimiento del Llave N№ 206, Forner, Raquel.","Forner, Raquel"
R055 - Recortes periodisticos 1987_90.md,01 de junio de 1988,Norte,"Recital homenaje a Callas, María.","Brizuela, Nadecha; Callas, María"
R055 - Recortes periodisticos 1987_90.md,25 de mayo de 1988,Norte,"Venta del libro ""Terciopelo de Champagne"" de González Peón, Ricardo Ariel.","González Peón, Ricardo Ariel"
R055 - Recortes periodisticos 1987_90.md,21 de mayo de 1988,Norte,"participación del fallecimiento del Llave N№ 375, Crotto posse, Jacinto.","Crotto posse, Jacinto"
R055 - Recortes periodisticos 1987_90.md,16 de mayo de 1988,Norte,"Visita de participantes del curso ""Introducción a la conservación de los bienes culturales"".",Fogón de los Arrieros
R055 - Recortes periodisticos 1987_90.md,30 de abril de 1988,El Territorio,Tira comica acerca de las tallas de Juan de Dios Mena.,"Mena, Juan de Dios"
R055 - Recortes periodisticos 1987_90.md,26 de abril de 1988,Norte,"Audiovisual ""Primer documento visual sobre la historia del Fogón"".","Elbaz, Maurice; Fogón de los Arrieros"
R055 - Recortes periodisticos 1987_90.md,21 de abril de 1988,Norte,"Participación del fallecimiento del Llave N№ 443, Reyes, Francisco.","Reyes, Francisco"
R055 - Recortes periodisticos 1987_90.md,16 de abril de 1988,El Territorio,Reconocimiento al skal Club de Resistencia.,Skal Club de Resistencia
R055 - Recortes periodisticos 1987_90.md,12 de abril de 1988,Norte,"Distinción honorífica a Boglietti, Efrain.","Boglietti, Efrain"
R055 - Recortes periodisticos 1987_90.md,08 de abril de 1988,Norte,Espectáculo a cargo del Ballet oficial de la Provincia.,Ballet oficial de la Provincia
R055 - Recortes periodisticos 1987_90.md,07 de abril de 1988,Norte,"Conferencia sobre ""Corrientes y Chaco, cien años de cultura""","Gómez, Carlos; Yrigoyen, José; Penchasky, Moisés"
R055 - Recortes periodisticos 1987_90.md,04 de abril de 1988,Norte,"Acto homenaje a Mena, Juan de Dios y a Boglietti, Aldo.","Mena, Juan de Dios; Boglietti, Aldo"
R055 - Recortes periodisticos 1987_90.md,03 de abril de 1988,El territorio,"Conferencia sobre ""Libertad y democracia desde 1983"".","Torre, Javier"
R055 - Recortes periodisticos 1987_90.md,02 de abril de 1988,El Territorio,Temporada cultural del Fogón.,Fogón de los Arrieros
R055 - Recortes periodisticos 1987_90.md,31 de marzo de 1988,Norte,"Record de distancia volada por Boglietti, Efrain.","Boglietti, Efrain"
R055 - Recortes periodisticos 1987_90.md,30 de marzo de 1988,Norte,"Asalto popular por el cumpleañosde Veiravé, Alfredo.","Veiravé, Alfredo"
R055 - Recortes periodisticos 1987_90.md,27 de marzo de 1988,El Territorio,Recuerdo del ler. vuelo comercial de CHACOTUR.,"Boglietti, Efrain; CHACOTUR"
R055 - Recortes periodisticos 1987_90.md,26 de marzo de 1988,Norte,Referencia al ler. vuelo comercial de CHACOTUR.,"Boglietti, Efrain; CHACOTUR"
R055 - Recortes periodisticos 1987_90.md,11 de marzo de 1988,Norte,Espectáculo de canciones y humor.,"Marquez, Claudio"
R055 - Recortes periodisticos 1987_90.md,10 de marzo de 1988,El territorio,Espectáculo de canciones y humor.,"Marquez, Claudio"
R055 - Recortes periodisticos 1987_90.md,09 de marzo de 1988,El Territorio,"Participación del fallecimiento de Anello de Mazza, Aida.","Anello de Mazza, Aida"
R055 - Recortes periodisticos 1987_90.md,08 de marzo de 1988,El Territorio,Espectáculo de canciones y humor.,"Marquez, Claudio"
R055 - Recortes periodisticos 1987_90.md,14 de febrero de 1988,Norte,"Premio a la mejor obra de las olimpiadas Mundiales de Esculturas en hielo y nieve a Gómez Lollo, Fabriciano y Humberto.","Gómez Lollo, Fabriciano; Gómez Lollo, Humberto"
R055 - Recortes periodisticos 1987_90.md,20 de enero de 1988,Norte,"Participación del fallecimiento del Llave N№ 376, Lagos, Ricardo.","Lagos, Ricardo"
R055 - Recortes periodisticos 1987_90.md,20 de diciembre de 1989,La Prensa,Referencia periodística sobre las Cataratas del Iguazú.,"Carranza Torres, José M."
R055 - Recortes periodisticos 1987_90.md,19 de diciembre de 1989,Norte,Recital de rock en el Cierre de Temporada Cultural.,"Grupo ""Complot"""
R055 - Recortes periodisticos 1987_90.md,17 de diciembre de 1989,La Prensa,"Referencia histórica del perro ""Fernando"".","Carranza Torres, José M."
R055 - Recortes periodisticos 1987_90.md,10 de diciembre de 1989,Norte,"Entrega de la distinción ""La Orden del Quebracho"" a Fabriciano Gómez.","Gómez Lollo, Fabriciano"
R055 - Recortes periodisticos 1987_90.md,09 de diciembre de 1989,La Prensa,Referencia geográfica y cultural del Río Bermejo.,"Carranza Torres, José M."
R055 - Recortes periodisticos 1987_90.md,08 de diciembre de 1989,Norte,Cena de Fín de Año en el Fogón.,Fogón de los Arrieros
R055 - Recortes periodisticos 1987_90.md,07 de diciembre de 1989,Norte,"Homenaje a Cristaldo, Adolfo.","Cristaldo, Adolfo; Balbuena, Pablo"
R055 - Recortes periodisticos 1987_90.md,02 de diciembre de 1989,Norte,"Entrega de Premios Carrillon a Boglietti, Efrain.","Boglietti, Efrain"
R055 - Recortes periodisticos 1987_90.md,26 de noviembre de 1989,Norte,Exposición de Joyería Osvaldino.,"Joyería Osvaldino, Fogón de los Arrieros"
R055 - Recortes periodisticos 1987_90.md,08 de noviembre de 1989,Norte,Espectáculo musical en el Fogón.,"Grupo de Jazz Latino, Fogón de los Arrieros"
R055 - Recortes periodisticos 1987_90.md,03 de noviembre de 1989,Norte,"Conferencia sobre ""La creación como desesperado intento de comunicación"".","Nos, Marta"
R055 - Recortes periodisticos 1987_90.md,29 de octubre de 1989,Norte,"Participación en el fallecimiento del Laave Nº 494, Benchetrit Medina, Jorge.","Benchetrit Medina, Jorge"
R055 - Recortes periodisticos 1987_90.md,27 de octubre de 1989,Norte,"Espectáculo titulado ""El viaje de un teatrante"".","Espina, Roberto"
R055 - Recortes periodisticos 1987_90.md,27 de octubre de 1989,Norte,Curso de títeres en el Fogón.,"Di Mauro, Héctor; Fogón de los Arrieros"
R055 - Recortes periodisticos 1987_90.md,13 de octubre de 1989,Norte,"Acto homenaje a Boglietti, Aldo.","Boglietti, Aldo"
R055 - Recortes periodisticos 1987_90.md,28 de septiembre de 1989,Norte,"Primer Curso Integral de Cultura Chaqueña, disertación.","Torres Varela, Hilda; Dellamea de Prieto, Alba"
R055 - Recortes periodisticos 1987_90.md,21 de septiembre de 1989,Norte,Concierto de rock en el Fogón.,"Grupo ""Complot"", Fogón de los Arrieros"
R055 - Recortes periodisticos 1987_90.md,14 de septiembre de 1989,Norte,"Descubrimiento de la escultura ""Cabeza de Estephan Erzia"".",Estephan Erzia (obra)
R055 - Recortes periodisticos 1987_90.md,14 de septiembre de 1989,Norte,Conferencia en el Fogón.,"Plager, silvia; Fogón de los Arrieros"
R055 - Recortes periodisticos 1987_90.md,08 de septiembre de 1989,Norte,Conferencia en el Fogón.,"Villordo, Oscar Hermes; Fogón de los Arrieros"
R055 - Recortes periodisticos 1987_90.md,07 de septiembre de 1989,Norte,Jueves de tango en el Fogón.,"Psenda, Roberto; Fogón de los Arrieros"
R055 - Recortes periodisticos 1987_90.md,29 de agosto de 1989,Norte,Homenaje por los 10 años de fallecimiento de Aldo Boglietti.,"Tacca, Oscar; Aldo Boglietti"
R055 - Recortes periodisticos 1987_90.md,24 de agosto de 1989,Norte,Concierto de guitarra en el Fogón.,"Pujol, Diego Máximo; Fogón de los Arrieros"
R055 - Recortes periodisticos 1987_90.md,20 de agosto de 1989,La Nación,Referencia histórica acerca del Fogón.,"Torres Varela, Hilda; Fogón de los Arrieros"
R055 - Recortes periodisticos 1987_90.md,03 de agosto de 1989,Norte,Concierto de piano en el Fogón.,"Alaniz, Teresita Inés; Fogón de los Arrieros"
R055 - Recortes periodisticos 1987_90.md,21 de julio de 1989,Norte,"Conferencia sobre ""La decadencia de la cultura o la ruta de la hamburguesa"".","Xurxo, Ignacio"
R055 - Recortes periodisticos 1987_90.md,28 de junio de 1989,Norte,Homenaje a Carlos Gardel.,"Granada, Marilyn; Tissembaum, Silvia; Obal, Chichín; Psenda, Roberto; Carlos Gardel"
R055 - Recortes periodisticos 1987_90.md,17 de junio de 1989,Norte,Recital de folcklore.,Cuarteto Martín Fierro
R055 - Recortes periodisticos 1987_90.md,10 de junio de 1989,Norte,Espectáculo de danza moderna.,"Vidal, Dora"
R055 - Recortes periodisticos 1987_90.md,09 de junio de 1989,Norte,Referencia histórica del Fogón.,"Mariscal, José; Fogón de los Arrieros"
R055 - Recortes periodisticos 1987_90.md,08 de junio de 1989,Norte,"Disertación sobre ""Panorama provisorio de la literatura argentina actual"".","Giardinelli, Mempo"
R055 - Recortes periodisticos 1987_90.md,03 de junio de 1989,Norte,Espectáculo de Jazz en el Fogón.,"Club de Jazz de Resistencia y Corrientes, Fogón de los Arrieros"
R055 - Recortes periodisticos 1987_90.md,01 de junio de 1989,Norte,"Exposición de pinturas, esculturas y retratos del artista plástico Vázquez, Antonio.","Vázquez, Antonio"
R055 - Recortes periodisticos 1987_90.md,31 de mayo de 1989,Norte,Espectáculo musical en el Fogón.,"Club del Jazz, Fogón de los Arrieros"
R055 - Recortes periodisticos 1987_90.md,25 de mayo de 1989,Norte,Intento de robo en el Fogón.,Fogón de los Arrieros
R055 - Recortes periodisticos 1987_90.md,24 de mayo de 1989,El Territorio,Intento de robo en el rogón.,Fogón de los Arrieros
R055 - Recortes periodisticos 1987_90.md,12 de mayo de 1989,Norte,"Entrega del Premio ""Puente General Belgrano"" a Miranda Guido.","Miranda, Guido"
R055 - Recortes periodisticos 1987_90.md,05 de mayo de 1989,Norte,"Disertación sobre ""La ciudad de Resistencia"".","Carranza Torres, José M."
R055 - Recortes periodisticos 1987_90.md,03 de mayo de 1989,Norte,Solicitud del edificio de SECHEEP por el Fogón.,"SECHEEP, Fogón de los Arrieros"
R055 - Recortes periodisticos 1987_90.md,14 de abril de 1989,Norte,"Restauración del mural ""Chaco"" de Petorutti, E.","Petorutti, E."
R055 - Recortes periodisticos 1987_90.md,06 de abril de 1989,Norte,Espectáculo de tango en el Fogón.,Fogón de los Arrieros
R055 - Recortes periodisticos 1987_90.md,04 de abril de 1989,Norte,"Invitación al Fogón a la reunión sobre ""Uso y apropiación de un inmueble con destino a la creación de un complejo Cultural de la Provincia"".","Subsecretaría de Cultura de la Provincia, Fogón de los Arrieros"
R055 - Recortes periodisticos 1987_90.md,04 de abril de 1989,Norte,Jueves de tango en el Fogón.,Fogón de los Arrieros
R055 - Recortes periodisticos 1987_90.md,28 de marzo de 1989,Norte,"Homenaje a Boglietti, Aldo y a Mena, Juan de Dios.","Boglietti, Aldo; Mena, Juan de Dios"
R055 - Recortes periodisticos 1987_90.md,23 de febrero de 1989,Norte,Solicitud de protección a las obras de esculturas.,"Comisión para la Producción Artística de Resistencia, Fogón de los Arrieros"
R055 - Recortes periodisticos 1987_90.md,15 de febrero de 1989,Norte,"Participación del fallecimiento del Llave N№ 179, Romero- Brest, Jorge.","Romero-Brest, Jorge"
R055 - Recortes periodisticos 1987_90.md,12 de enero de 1989,Norte,"Excursión veraniega de Boglietti, Efrain.","Boglietti, Efrain"
R055 - Recortes periodisticos 1987_90.md,11 de enero de 1989,Norte,"Despedida de los escultores Gómez Lollo, Fabriciano y Humberto.","Gómez Lollo, Fabriciano; Gómez Lollo, Humberto"
R055 - Recortes periodisticos 1987_90.md,29 de diciembre de 1990,Norte,"Entrega del premio ""La Orden del Quebracho 1990"" a Boglietti, Efrain.","Boglietti, Efrain; Rotary Club Resistencia Oeste"
R055 - Recortes periodisticos 1987_90.md,19 de diciembre de 1990,Norte,"Distinción a Boglietti, Efrain con ""La Orden del Quebracho 1990"".","Boglietti, Efrain; Rotary Club Resistencia Oeste"
R055 - Recortes periodisticos 1987_90.md,13 de diciembre de 1990,Norte,Despedida de año en el Fogón.,"Psenda, Roberto; Fogón de los Arrieros"
R055 - Recortes periodisticos 1987_90.md,12 de diciembre de 1990,Norte,Cena de fín de año en el Fogón.,Fogón de los Arrieros
R055 - Recortes periodisticos 1987_90.md,11 de diciembre de 1990,Norte,Proyecto de nombres ilustres para las calles de Resistencia.,"Pértile, Elda"
R055 - Recortes periodisticos 1987_90.md,09 de diciembre de 1990,Norte,"Participación del fallecimiento del lave N№ 127: Borome, Rodrigo.","Borome, Rodrigo"
R055 - Recortes periodisticos 1987_90.md,09 de diciembre de 1990,Norte,"Participación del fallecimiento del Llave N№ 127: Borome, Rodrigo.","Borome, Rodrigo"
R055 - Recortes periodisticos 1987_90.md,27 de noviembre de 1990,Norte,"Charla sobre ""Ictiología, conservacionismo"".","Guilano, César"
R055 - Recortes periodisticos 1987_90.md,20 de noviembre de 1990,Norte,"Biografía de Torres varela, Hilda en el Diccionario de Directores y Escenografos del Teatro Argentino.","Torres Varela, Hilda; Zayas de Lima, Perla"
R055 - Recortes periodisticos 1987_90.md,19 de noviembre de 1990,El Diario,Referencia histórica del Fogón.,"Nieto, Marcelo; Fogón de los Arrieros"
R055 - Recortes periodisticos 1987_90.md,04 de noviembre de 1990,Norte,"Proyecto: ""Concurso Premio 1991 la obra arquitectónica de Mascheroni, Horacio"".","Mascheroni, Horacio"
R055 - Recortes periodisticos 1987_90.md,03 de noviembre de 1990,Norte,Entrega del premio Carrillon 890 al Fogón.,Fogón de los Arrieros
R055 - Recortes periodisticos 1987_90.md,28 de octubre de 1990,Norte,"Entrega del premio ""Puma Argentino 1990"" a cristaldo, Adolfo.","Cristaldo, Adolfo"
R055 - Recortes periodisticos 1987_90.md,28 de octubre de 1990,Norte,"Reportaje al filósofo Pró, Diego Francisco.","Pró, Diego Francisco"
R055 - Recortes periodisticos 1987_90.md,11 de octubre de 1990,Norte,"Distinción Honorífica al Fogón, Carrillon' 90"".",Fogón de los Arrieros
R055 - Recortes periodisticos 1987_90.md,04 de octubre de 1990,Norte,Noche de tangos en el Fogón.,"Psenda, Roberto; Fogón de los Arrieros"
R055 - Recortes periodisticos 1987_90.md,02 de octubre de 1990,Norte,"Charla sobre ""El conflicto del Golfo Pérsico y la intervención Argentina"".","Penchasky, Moisés L."
R055 - Recortes periodisticos 1987_90.md,28 de septiembre de 1990,Norte,A puro tango en el Fogón.,"Psenda, Roberto; Fogón de los Arrieros"
R055 - Recortes periodisticos 1987_90.md,20 de septiembre de 1990,Norte,Noche tanguera en el Fogón.,"Psenda, Roberto; Fogón de los Arrieros"
R055 - Recortes periodisticos 1987_90.md,13 de septiembre de 1990,Norte,Noche de tango en el Fogón.,"Psenda, Roberto; Fogón de los Arrieros"
R055 - Recortes periodisticos 1987_90.md,12 de septiembre de 1990,Norte,Noche de tango en el Fogón.,"Psenda, Roberto; Fogón de los Arrieros"
R055 - Recortes periodisticos 1987_90.md,06 de septiembre de 1990,Norte,Velada de tango en el Fogón.,"Psenda, Roberto; Fogón de los Arrieros"
R055 - Recortes periodisticos 1987_90.md,04 de septiembre de 1990,Norte,"Charla sobre ""Ecología y ecologismo"".","Gerzel, Godofredo"
R055 - Recortes periodisticos 1987_90.md,21 de agosto de 1990,Norte,"Homenaje a Boglietti, Aldo: descubrimiento de placa en calle a su nombre.",Aldo Boglietti
R055 - Recortes periodisticos 1987_90.md,21 de agosto de 1990,Norte,"Premio ""Santa Clara de Asís"" al poeta Meloni, AAledo Luis.","Meloni, Aledo Luis"
R055 - Recortes periodisticos 1987_90.md,16 de agosto de 1990,Norte,Velada de tango en el Fogón.,"Psenda, Roberto; Fogón de los Arrieros"
R055 - Recortes periodisticos 1987_90.md,14 de agosto de 1990,Norte,"Charla sobre ""La Universidad que queremos"".","Kaenel, Federico"
R055 - Recortes periodisticos 1987_90.md,10 de agosto de 1990,Norte,Noche de tango en el Fogón.,"Psenda, Roberto; Fogón de los Arrieros"
R055 - Recortes periodisticos 1987_90.md,31 de julio de 1990,Norte,"Charla sobre ""poesías de hoy siempre"".","Vazquez de Boronat, Dalmira"
R055 - Recortes periodisticos 1987_90.md,24 de julio de 1990,Norte,"Charla sobre ""proyectos para la reactivación de la Provincia del Chaco"".","Tenev, Carlos"
R055 - Recortes periodisticos 1987_90.md,18 de julio de 1990,Norte,"Acto homenaje al doctor Riveros Sosa, Horacio.","Riveros Sosa, Horacio"
R055 - Recortes periodisticos 1987_90.md,15 de julio de 1990,Norte,Espectáculos en el Fogón.,Fogón de los Arrieros
R055 - Recortes periodisticos 1987_90.md,15 de julio de 1990,Norte,Tercer Concurso Nacional de Esculturas en Madera con la participación de varios artistas.,"Erzia, Estephan; Schenone, Carlos; Dominguez, Crisanto; Mena, Juan de Dios; Boglietti, Aldo; Boglietti, Efrain; Eidman, Mimo; Gomez Lollo, Humberto; Gomez Lollo, Fabriciano; Milani, Eugenio"
R055 - Recortes periodisticos 1987_90.md,14 de julio de 1990,Norte,"Homenaje al doctor Riveros Sosa, Horacio.","Riveros Sosa, Horacio"
R055 - Recortes periodisticos 1987_90.md,14 de julio de 1990,Norte,Precursores del Concurso de Esculturas en Madera.,"Mena, Juan de Dios; Boglietti, Aldo; Eddy Torre; Arena, Domingo; Boglietti, Efrain; Gomez Lollo, Fabriciano; Gomez Lollo, Humberto"
R055 - Recortes periodisticos 1987_90.md,13 de julio de 1990,Norte,"Boglietti, Aldo precursor de las esculturas en la ciudad.","Boglietti, Aldo"
R055 - Recortes periodisticos 1987_90.md,12 de julio de 1990,Norte,"Visita de Erzia, Estephan al Chaco.","Erzia, Estephan"
R055 - Recortes periodisticos 1987_90.md,06 de julio de 1990,Norte,"Recital en el Fogón: ""Lo mejor de la música francesa y canciones del zodiaco"".","Leone, Paul; Fogón de los Arrieros"
R055 - Recortes periodisticos 1987_90.md,20 de junio de 1990,Norte,Panel-debate sobre Carlos Gardel.,"Muñoz, Marcelo; Moscatelli, Daniel; Carlos Gardel"
R055 - Recortes periodisticos 1987_90.md,18 de junio de 1990,Norte,Aniversario de la muerte de Carlos Gardel.,Carlos Gardel
R055 - Recortes periodisticos 1987_90.md,16 de junio de 1990,Norte,Invitación al Aniversario homenaje de Carlos Gardel.,Carlos Gardel
R055 - Recortes periodisticos 1987_90.md,15 de junio de 1990,Norte,Visita de la Asociación del Chaco de la Federación Argentina de Mujeres Universitarias.,"Federación Argentina de Mujeres Universitarias, Fogón de los Arrieros"
R055 - Recortes periodisticos 1987_90.md,13 de junio de 1990,Norte,"Panel-debate ""Argentina y el campeonato mundial de fútbol"".","Edison, Omar; Lestani, José; Bernardi, carlos"
R055 - Recortes periodisticos 1987_90.md,10 de junio de 1990,Norte,"Entrega del premio ""puente General Belgrano"" al escultor Fabriciano Gómez.","Gómez Lollo, Fabriciano"
R055 - Recortes periodisticos 1987_90.md,09 de junio de 1990,Norte,"Participación del fallecimiento del Llame N№ 327, doctor Riveros Sosa, Horacio.","Riveros Sosa, Horacio"
R055 - Recortes periodisticos 1987_90.md,05 de junio de 1990,Norte,"Charla sobre ""El día del Deriodista"".","Vázquez Gualtieri, José N."
R055 - Recortes periodisticos 1987_90.md,04 de junio de 1990,Norte,"Conferencia sobre la ""Reforma de la Constitución"".","Durañona y Vedia, Francisco"
R055 - Recortes periodisticos 1987_90.md,04 de junio de 1990,Norte,"Debate sobre ""La reforma de la Constitución Nacional"".","Durañona y Vedia, Francisco; Vargas Gómez, Carlos; Carrió, Elisa"
R055 - Recortes periodisticos 1987_90.md,30 de mayo de 1990,Norte,"Panel-debate sobre ""Educación sexual, un imposible"".","Caronni, María del Carmen; Urbinati de Black, Ana María; Carlino, Orlando"
R055 - Recortes periodisticos 1987_90.md,18 de mayo de 1990,Norte,Noche de tango en el Fogón.,"Sobral, Jorge; Verón, Aldo; Di Luzzio, Mimi; Maffei; Fogón de los Arrieros"
R055 - Recortes periodisticos 1987_90.md,04 de mayo de 1990,Norte,"Viaje de Boglietti, Efrain y esposa.","Boglietti, Efrain"
R055 - Recortes periodisticos 1987_90.md,03 de mayo de 1990,Norte,"Invitación al debate ""Socorro 5to. Año"".","Diel, Jorge"
R055 - Recortes periodisticos 1987_90.md,20 de abril de 1990,Norte,"Participación por el fallecimiento de Brunet de Serra, Helena Renee.","Brunet de Serra, Helena Renee"
R055 - Recortes periodisticos 1987_90.md,06 de abril de 1990,Norte,"Celebración del cumpleaño de Boglietti, Efrain.","Boglietti, Efrain"
R055 - Recortes periodisticos 1987_90.md,04 de abril de 1990,Norte,Recital poético-musical en la Apertura de la Temporada Cultural.,"Cerrutti, Raúl; Grupo de Teatro de la Peña Martín Fierro"
R055 - Recortes periodisticos 1987_90.md,16 de marzo de 1990,Norte,Noches de tango en el Fogón.,"Di Luzzio, Mimi; Maffei, Luis; Moscatelli, Daniel; Fogón de los Arrieros"
R055 - Recortes periodisticos 1987_90.md,25 de febrero de 1990,Norte,"Homenaje a Sánchez Barca, Gaspar en el Fogón.","Sánchez Barca, Gaspar; Fogón de los Arrieros"
R055 - Recortes periodisticos 1987_90.md,12 de febrero de 1990,La Prensa,"Pioneros en el arte en la ciudad de Resistencia, Boglietti, Aldo y Efrain.","Boglietti, Aldo; Boglietti, Efrain"
R055 - Recortes periodisticos 1987_90.md,06 de febrero de 1990,La Prensa,Referencia histórica del Chaco.,"Carranza Torres, José M."
R165 - Recortes periodisticos 1964_66.md,1966 enero,Revista Claudia Literal,"Nota de la Revista ""Claudia Literal"" sobre el Fogón de los Arrieros. Su historia y sus contenidos",El Fogón de los Arrieros
R165 - Recortes periodisticos 1964_66.md,1965 18 de enero,Revista Guía Guaraní,Nota de la revista Guía Guaraní con motivo de la inauguración oficial del Aeropuerto de Resistencia. Comentario especial acerca de lo que es el Fogón de los Arrieros,"Aeropuerto de Resistencia, El Fogón de los Arrieros"
R165 - Recortes periodisticos 1964_66.md,1965 29 de enero,Revista Autoclub,"Nota sobre la ciudad de Resistencia: Riqueza forestal, esculturas, comunicaciones",Ciudad de Resistencia
R165 - Recortes periodisticos 1964_66.md,1965 25-26 de marzo,"Diarios: La Razón, La Prensa, Clarín",Notas sobre la exposición de Mena en el A.C.A.,"Juan de Dios Mena, A.C.A."
R165 - Recortes periodisticos 1964_66.md,1965 mayo,"Diario ""El País"" de Montevideo","Nota del diario ""El País"" de Montevideo, sobre el bautismo del Jet Antares de Caravelle",Jet Antares
R165 - Recortes periodisticos 1964_66.md,1964 13 de febrero,"Diario ""La Nación""","Nota del diario ""La Nación"" apoyando la eximición de impuestos a la Institución",El Fogón de los Arrieros
R165 - Recortes periodisticos 1964_66.md,1964 23 de octubre,Revista Maribel,Carta de lectores: Manifestando disconformidad con lo publicado por la revista MARIBEL,Revista Maribel
R165 - Recortes periodisticos 1964_66.md,1964 20 de diciembre,"Diario ""La Mañana"" de Uruguay","Nota del diario ""La Mañana"" de Uruguay, sobre la inauguración del ""Museo Del Disparate y El Buen Humor"" del Fogón","El Fogón de los Arrieros, Museo Del Disparate y El Buen Humor"
R058 - Recortes periodisticos 1981.md,Sin fecha,Norte,"Tapa de norte, sumario",Diario Norte
R058 - Recortes periodisticos 1981.md,1 de abril,La hoja del Titiritero independiente,"Publicación ""La hoja del Titiritero independiente"", cit pág. 6.",La hoja del Titiritero independiente
R053 - Recortes periodisticos 1995_97.md,14 de diciembre,,El Fogón despide el año,El Fogón de los Arrieros
R053 - Recortes periodisticos 1995_97.md,30 de noviembre,,Conferencia
R053 - Recortes periodisticos 1995_97.md,27 de noviembre,,Directores de Museos insistirán sobre la protección de patrimonio,Directores de Museos
R053 - Recortes periodisticos 1995_97.md,24 de noviembre,,Noche de boleros en El Fogón,El Fogón de los Arrieros
R053 - Recortes periodisticos 1995_97.md,19 de noviembre,,Boleros en El Fogón,El Fogón de los Arrieros
R053 - Recortes periodisticos 1995_97.md,12 de noviembre,,Artistas y artesanos en El Fogón,"Artistas y artesanos, El Fogón de los Arrieros"
R053 - Recortes periodisticos 1995_97.md,11 de noviembre,,Artesanías y arte en El Fogón,El Fogón de los Arrieros
R053 - Recortes periodisticos 1995_97.md,10 de noviembre,,Artesanías en El Fogón,El Fogón de los Arrieros
R053 - Recortes periodisticos 1995_97.md,25 de octubre,,Conferencia en El Fogón del Profesor Montenegro,"Profesor Montenegro, El Fogón de los Arrieros"
R053 - Recortes periodisticos 1995_97.md,20 de octubre,,Conferencia en El Fogón de los Arrieros,El Fogón de los Arrieros
R053 - Recortes periodisticos 1995_97.md,03 de octubre,,Turísticos
R053 - Recortes periodisticos 1995_97.md,24 de septiembre,,Títeres para niños con Héctor Di Mauro,Héctor Di Mauro
R053 - Recortes periodisticos 1995_97.md,20 de septiembre,,Curso de títers con Di Mauro. En El Fogón,"Héctor Di Mauro, El Fogón de los Arrieros"
R053 - Recortes periodisticos 1995_97.md,16 de septiembre,,Todos los títeres en la Escuela 2000. En El Fogón,"Escuela 2000, El Fogón de los Arrieros"
R053 - Recortes periodisticos 1995_97.md,06 de septiembre,,Carta a los directores,Directores
R053 - Recortes periodisticos 1995_97.md,15 de agosto,,Admirados por la capacidad de comunicación de los argentinos,Argentinos
R053 - Recortes periodisticos 1995_97.md,27 de julio,,La vigencia del Fogón,El Fogón de los Arrieros
R053 - Recortes periodisticos 1995_97.md,25 de julio,,El Fogón y çla escultura,El Fogón de los Arrieros
R053 - Recortes periodisticos 1995_97.md,25 de julio,,Cuarto día: cuando el urunday es cultura
R053 - Recortes periodisticos 1995_97.md,24 de julio,,"Resistencia, espacio abierto a la escultura",Resistencia
R053 - Recortes periodisticos 1995_97.md,28 de junio,,Amigos de El Fogón,Amigos de El Fogón
R053 - Recortes periodisticos 1995_97.md,16 de junio,,Continúa el ciclo de cine mudo en El Fogón,El Fogón de los Arrieros
R053 - Recortes periodisticos 1995_97.md,15 de junio,,Comienza hoy el ciclo de cine mudo en El Fogón,El Fogón de los Arrieros
R053 - Recortes periodisticos 1995_97.md,11 de junio,,Primeras imágenes del cine
R053 - Recortes periodisticos 1995_97.md,08 de junio,,Homenaje al cine
R053 - Recortes periodisticos 1995_97.md,08 de junio,,Cambalache en El Fogón,El Fogón de los Arrieros
R053 - Recortes periodisticos 1995_97.md,04 de junio,,Ciclo de cine mudo en El Fogón,El Fogón de los Arrieros
R053 - Recortes periodisticos 1995_97.md,29 de mayo,,Cine mudo
R053 - Recortes periodisticos 1995_97.md,11 de mayo,,Feria cambalache en El Fogón,El Fogón de los Arrieros
R053 - Recortes periodisticos 1995_97.md,11 de mayo,,"Hoy, homenaje a Guido Arnoldo Miranda",Guido Arnoldo Miranda
R053 - Recortes periodisticos 1995_97.md,25 de abril,,"La memoria, los recuerdos y la historia en El Fogón",El Fogón de los Arrieros
R053 - Recortes periodisticos 1995_97.md,24 de abril,,Activo
R053 - Recortes periodisticos 1995_97.md,22 de abril,,Charla sobre murales en El Fogón de los Arrieros,El Fogón de los Arrieros
R053 - Recortes periodisticos 1995_97.md,20 de abril,,Fotografías en El Fogón,El Fogón de los Arrieros
R053 - Recortes periodisticos 1995_97.md,12 de abril,,El Fogón de los Arrieros a puertas abiertas,El Fogón de los Arrieros
R053 - Recortes periodisticos 1995_97.md,08 de abril,,Hoy Feria cambalache en El Fogón,El Fogón de los Arrieros
R053 - Recortes periodisticos 1995_97.md,04 de abril,,Comienza un nuevo ciclo El Fogón de los Arrieros,El Fogón de los Arrieros
R053 - Recortes periodisticos 1995_97.md,03 de abril,,Dardo Cuneo abre mañana la temporada del Fogón,"Dardo Cuneo, El Fogón de los Arrieros"
R053 - Recortes periodisticos 1995_97.md,01 de abril,,El Fogón de los Arrieros inaugura su temporada,El Fogón de los Arrieros
R053 - Recortes periodisticos 1995_97.md,S/f (Marzo),,Saludos
R053 - Recortes periodisticos 1995_97.md,30 de marzo,,Ventas en El Fogón de los Arrieros,El Fogón de los Arrieros
R053 - Recortes periodisticos 1995_97.md,23 de marzo,,Saludos
R053 - Recortes periodisticos 1995_97.md,20 de marzo,,El Vicecónsul de España visitará Resistencia,"Vicecónsul de España, Resistencia"
R053 - Recortes periodisticos 1995_97.md,14 de marzo,,Dardo Cuneo abrirá la temporada del Fogón de los Arrieros,"Dardo Cuneo, El Fogón de los Arrieros"
R053 - Recortes periodisticos 1995_97.md,14 de marzo,,Feria cambalache
R053 - Recortes periodisticos 1995_97.md,21 de febrero,,Participación de fallecimiento de Damián Carlos Bayón,Damián Carlos Bayón
R053 - Recortes periodisticos 1995_97.md,11 de febrero,,Seis esculturos para tres concursos: las divinas proporciones en la nieve,Escultores
R053 - Recortes periodisticos 1995_97.md,10 de febrero,,Conferencia escultórica
R053 - Recortes periodisticos 1995_97.md,31 de enero,,Participación de fallecimiento de Silvio Angel Federico Bertini,Silvio Angel Federico Bertini
R053 - Recortes periodisticos 1995_97.md,12 de enero,,Los escultores anuncian su viaje al exterior hoy,Escultores
R053 - Recortes periodisticos 1995_97.md,07 de enero,,Preparados
R053 - Recortes periodisticos 1995_97.md,29 de diciembre,,Resistencia está perdiendo su identidad,Resistencia
R053 - Recortes periodisticos 1995_97.md,20 de diciembre,,Fogón de los Arrieros: cena de fin de año,El Fogón de los Arrieros
R053 - Recortes periodisticos 1995_97.md,15 de diciembre,,Le robaron el semáforo al Fogón de los Arrieros,El Fogón de los Arrieros
R053 - Recortes periodisticos 1995_97.md,07 de diciembre,,Teatro en El Fogón con el grupo Perro Loco,"Grupo Perro Loco, El Fogón de los Arrieros"
R053 - Recortes periodisticos 1995_97.md,30 de noviembre,,Presentaron el libro: Los Virasoro en la Organización Nacional,Los Virasoro
R053 - Recortes periodisticos 1995_97.md,22 de noviembre,,Fogón tanguísimo,El Fogón de los Arrieros
R053 - Recortes periodisticos 1995_97.md,21 de noviembre,,Fogón tanguísimo,El Fogón de los Arrieros
R053 - Recortes periodisticos 1995_97.md,20 de noviembre,,Dardo Cuneo premiado por Fondo Nacional de las Artes,"Dardo Cuneo, Fondo Nacional de las Artes"
R053 - Recortes periodisticos 1995_97.md,16 de noviembre,,Distinción al Museo Schulz por su aporte al urbanismo,Museo Schulz
R053 - Recortes periodisticos 1995_97.md,26 de octubre,,José María Langlais en los actos por el Día del Poeta,José María Langlais
R053 - Recortes periodisticos 1995_97.md,24 de octubre,,Langlais,José María Langlais
R053 - Recortes periodisticos 1995_97.md,18 de octubre,,Conferencia del Arquitecto Nicolás Babini en El Fogón,"Nicolás Babini, El Fogón de los Arrieros"
R053 - Recortes periodisticos 1995_97.md,18 de octubre,,Hoy continúa curso
R053 - Recortes periodisticos 1995_97.md,17 de octubre,,Curso sobre Educación se inicia en El Fogón,El Fogón de los Arrieros
R053 - Recortes periodisticos 1995_97.md,16 de octubre,,Vuelve el jazz al Fogón,El Fogón de los Arrieros
R053 - Recortes periodisticos 1995_97.md,16 de octubre,,Mañana se inicia el curso con la profesora Babini,Profesora Babini (Ana María Eichelbaum de Babini)
R053 - Recortes periodisticos 1995_97.md,13 de octubre,,La historia de la ciencia en la revista Saber y tiempo
R053 - Recortes periodisticos 1995_97.md,10 de octubre,,Educación y ciencia en El Fogón,El Fogón de los Arrieros
R053 - Recortes periodisticos 1995_97.md,10 de octubre,,Conferencia
R053 - Recortes periodisticos 1995_97.md,06 de octubre,,Curso sobre Educación en El Fogón,El Fogón de los Arrieros
R053 - Recortes periodisticos 1995_97.md,04 de octubre,,Boleros al pesto
R053 - Recortes periodisticos 1995_97.md,18 de agosto,,Fogón,El Fogón de los Arrieros
R053 - Recortes periodisticos 1995_97.md,21 de julio,,Resistencia ciudad de los murales,Resistencia
R053 - Recortes periodisticos 1995_97.md,21 de julio,,Casa Gabardini: 112 años de progreso económico en la región,Casa Gabardini
R053 - Recortes periodisticos 1995_97.md,14 de julio,,Cultivar y crear con plantas y flores
R053 - Recortes periodisticos 1995_97.md,14 de julio,,El devenir de la escultura chaqueña
R053 - Recortes periodisticos 1995_97.md,13 de julio,,El devenir de la escultura chaqueña
R053 - Recortes periodisticos 1995_97.md,13 de julio,,El ballet ruso Fouette esta noche en el Domo,Ballet ruso Fouette
R053 - Recortes periodisticos 1995_97.md,13 de julio,,La fundación El Fogón de los Arrieros presenta Fouette,"Fundación El Fogón de los Arrieros, Ballet Fouette"
R053 - Recortes periodisticos 1995_97.md,10 de julio,,La ciudad abre sus brazos en la bienvenida a los escultores de la Segunda Trienal Americana de Escultores,Escultores
R053 - Recortes periodisticos 1995_97.md,09 de julio,,Ballet de Moscú actúa el 13 en el Domo,Ballet de Moscú
R053 - Recortes periodisticos 1995_97.md,09 de julio,,Ballet Ruso en el Domo,Ballet Ruso
R053 - Recortes periodisticos 1995_97.md,07 de julio,,Ballet Fouette de Moscú se presenta el 13 en el Domo,Ballet Fouette de Moscú
R053 - Recortes periodisticos 1995_97.md,06 de julio,,Moscú
R053 - Recortes periodisticos 1995_97.md,05 de julio,,Jazz
R053 - Recortes periodisticos 1995_97.md,02 de julio,,Jazz
R053 - Recortes periodisticos 1995_97.md,23 de junio,,Reunión anual del Fogón,El Fogón de los Arrieros
R053 - Recortes periodisticos 1995_97.md,22 de junio,,Locro canyengue en El Fogón de los Arrieros,El Fogón de los Arrieros
R053 - Recortes periodisticos 1995_97.md,18 de junio,,El Fogón con locro canyengue,El Fogón de los Arrieros
R053 - Recortes periodisticos 1995_97.md,16 de junio,,Tangazo
R053 - Recortes periodisticos 1995_97.md,07 de junio,,El Jazz Hot Club en El Fogón,"Jazz Hot Club, El Fogón de los Arrieros"
R053 - Recortes periodisticos 1995_97.md,06 de junio,,"Títeres hoy, en El Fogón, para recordar a Javier Villafañe","Javier Villafañe, El Fogón de los Arrieros"
R053 - Recortes periodisticos 1995_97.md,28 de mayo,,Mirbel López en El Fogón,"Mirbel López, El Fogón de los Arrieros"
R053 - Recortes periodisticos 1995_97.md,19 de mayo,,Show en El Fogón,El Fogón de los Arrieros
R053 - Recortes periodisticos 1995_97.md,18 de mayo,,Gran-Baile-Gran
R053 - Recortes periodisticos 1995_97.md,27 de abril,,Papá Noel con The Dreamer`s,The Dreamer`s
R053 - Recortes periodisticos 1995_97.md,26 de abril,,Cloridancing en El Fogón,El Fogón de los Arrieros
R053 - Recortes periodisticos 1995_97.md,04 de abril,,Un concierto de piano y guitarra abre hoy la temporada cultural del Fogón,El Fogón de los Arrieros
R053 - Recortes periodisticos 1995_97.md,04 de abril,,El Fogón inicia su temporada cultural,El Fogón de los Arrieros
R053 - Recortes periodisticos 1995_97.md,03 de abril,,El Fogón de los Arrieros abre mañana su temporada,El Fogón de los Arrieros
R053 - Recortes periodisticos 1995_97.md,31 de marzo,,Concertista para abrir la temporada del Fogón,El Fogón de los Arrieros
R053 - Recortes periodisticos 1995_97.md,31 de marzo,,Anuncian hoy el Programa nacional Cien Ciudades cuentan su historia
R053 - Recortes periodisticos 1995_97.md,29 de marzo,,"Hoy, tango en El Fogón de los Arrieros",El Fogón de los Arrieros
R053 - Recortes periodisticos 1995_97.md,24 de marzo,,Tango para los arrieros
R053 - Recortes periodisticos 1995_97.md,24 de marzo,,Psenda en El Fogón de los Arrieros,El Fogón de los Arrieros
R053 - Recortes periodisticos 1995_97.md,10 de marzo,,Fogón de los Arrieros,El Fogón de los Arrieros
R053 - Recortes periodisticos 1995_97.md,06 de marzo,,Forjadores de sueños: pioneros de la escultura chaqueña
R053 - Recortes periodisticos 1995_97.md,03 de marzo,,Experiencia de la poesía
R053 - Recortes periodisticos 1995_97.md,02 de marzo,,Dale gas
R053 - Recortes periodisticos 1995_97.md,26 de febrero,,Dale gas el 2 de marzo en El Fogón de los Arrieros,El Fogón de los Arrieros
R053 - Recortes periodisticos 1995_97.md,26 de febrero,,Espectáculo en El Fogón,El Fogón de los Arrieros
R053 - Recortes periodisticos 1995_97.md,25 de febrero,,Gaseoso
R053 - Recortes periodisticos 1995_97.md,18 de febrero,,El Fogón melodioso,El Fogón de los Arrieros
R053 - Recortes periodisticos 1995_97.md,17 de febrero,,El humor en El Fogón,El Fogón de los Arrieros
R053 - Recortes periodisticos 1995_97.md,13 de noviembre,,"Presentan hoy, en El Fogón, el libro de Hugo Dittaranto","Hugo Dittaranto, El Fogón de los Arrieros"
R053 - Recortes periodisticos 1995_97.md,13 de noviembre,,Baile
R053 - Recortes periodisticos 1995_97.md,12 de noviembre,,Fernando,Fernando
R053 - Recortes periodisticos 1995_97.md,09 de noviembre,,Fernando,Fernando
R053 - Recortes periodisticos 1995_97.md,07 de noviembre,,Recital de Marilín Mancebo en El Fogón,"Marilín Mancebo, El Fogón de los Arrieros"
R053 - Recortes periodisticos 1995_97.md,05 de noviembre,,Marilín Mancebo en El Fogón,"Marilín Mancebo, El Fogón de los Arrieros"
R053 - Recortes periodisticos 1995_97.md,19 de octubre,,El día que conocí a Deolindo Felipe Bittel,Deolindo Felipe Bittel
R053 - Recortes periodisticos 1995_97.md,11 de octubre,,Baile en El Fogón,El Fogón de los Arrieros
R053 - Recortes periodisticos 1995_97.md,02 de octubre,,Luna,Félix Luna
R053 - Recortes periodisticos 1995_97.md,23 de septiembre,,Felix Luna disertará hoy en El Fogón,"Félix Luna, El Fogón de los Arrieros"
R053 - Recortes periodisticos 1995_97.md,21 de septiembre,,El Fogón de Arrieros recibe a Felix Luna,"Félix Luna, El Fogón de los Arrieros"
R053 - Recortes periodisticos 1995_97.md,19 de septiembre,,"Felix Luna, en El Fogón de los Arrieros","Félix Luna, El Fogón de los Arrieros"
R053 - Recortes periodisticos 1995_97.md,19 de septiembre,,Tres en Banda en El Fogón,"Tres en Banda, El Fogón de los Arrieros"
R053 - Recortes periodisticos 1995_97.md,18 de septiembre,,Las esculturas monumentales se trasladan al Paseo Aldo y Efraín Boglietti,"Aldo Boglietti, Efraín Boglietti"
R053 - Recortes periodisticos 1995_97.md,24 de agosto,,Homenajes. Aldo Boglietti,Aldo Boglietti
R053 - Recortes periodisticos 1995_97.md,24 de agosto,,Los rencores del diputado Miño,Diputado Belzor Miño
R053 - Recortes periodisticos 1995_97.md,20 de agosto,,El Fogón es paz y amor,El Fogón de los Arrieros
R053 - Recortes periodisticos 1995_97.md,17 de agosto,,El Patrimonio cultural y natural del Chaco tiene quien lo cuide,Chaco
R053 - Recortes periodisticos 1995_97.md,15 de agosto,,Tres en Banda con bossa y boleros,Tres en Banda
R053 - Recortes periodisticos 1995_97.md,14 de agosto,,Tres en Banda en El Fogón,"Tres en Banda, El Fogón de los Arrieros"
R053 - Recortes periodisticos 1995_97.md,11 de agosto,,Tres en Banda vuelve al Fogón,"Tres en Banda, El Fogón de los Arrieros"
R053 - Recortes periodisticos 1995_97.md,14 de agosto,,El Fogón de los Arrieros no merece ninguna afrenta,El Fogón de los Arrieros
R053 - Recortes periodisticos 1995_97.md,11 de agosto,,El Fogón y la Peña siguen esperando que diputados voten reconocimientos,"El Fogón de los Arrieros, La Peña"
R053 - Recortes periodisticos 1995_97.md,09 de agosto,,El Fogón de los Arrieros supera a los resentidos,El Fogón de los Arrieros
R053 - Recortes periodisticos 1995_97.md,07 de agosto,,El pasado y el presente: se opina con experiencia
R053 - Recortes periodisticos 1995_97.md,05 de agosto,,¿El revolucionario se hizo holigarca?
R053 - Recortes periodisticos 1995_97.md,02 de agosto,,"Illia versus Evita, en El Sauzalito","Illia, Evita"
R053 - Recortes periodisticos 1995_97.md,01 de agosto,,Exclusivo para Belzor Miño,Belzor Miño
R053 - Recortes periodisticos 1995_97.md,31 de julio,,Miño: Hay cosas que Pía Veiravé no va a entender nunca en su vida,"Belzor Miño, Pía Veiravé"
R053 - Recortes periodisticos 1995_97.md,30 de julio,,Sigue la polémica por El Fogón de los Arrieros: Veiravé considera que Miño se desubicó,"El Fogón de los Arrieros, Pía Veiravé, Belzor Miño"
R053 - Recortes periodisticos 1995_97.md,20 de julio,,Se paró un reconocimiento al Fogón de los Arrieros por un aqueja de Miño,"El Fogón de los Arrieros, Belzor Miño"
R053 - Recortes periodisticos 1995_97.md,18 de julio,,El Fogón con Tres en Banda,"El Fogón de los Arrieros, Tres en Banda"
R053 - Recortes periodisticos 1995_97.md,17 de julio,,Tres en Banda en El Fogón,"Tres en Banda, El Fogón de los Arrieros"
R053 - Recortes periodisticos 1995_97.md,16 de julio,,Tres en Banda vuelve al Fogón,"Tres en Banda, El Fogón de los Arrieros"
R053 - Recortes periodisticos 1995_97.md,14 de julio,,Banda en Tres
R053 - Recortes periodisticos 1995_97.md,28 de junio,,Tango y lentejas en El Fogón,El Fogón de los Arrieros
R053 - Recortes periodisticos 1995_97.md,27 de junio,,Juntos en la senda del arte
R053 - Recortes periodisticos 1995_97.md,14 de junio,,El Fogón de los Arrieros destaca la figura del doctor Leopoldo Portnoy,"El Fogón de los Arrieros, Leopoldo Portnoy"
R053 - Recortes periodisticos 1995_97.md,14 de junio,,"Concierto de piano, violín y violoncelo en El Fogón",El Fogón de los Arrieros
R053 - Recortes periodisticos 1995_97.md,14 de junio,,Tres
R053 - Recortes periodisticos 1995_97.md,11 de junio,,Asamblea del Fogón,El Fogón de los Arrieros
R053 - Recortes periodisticos 1995_97.md,11 de junio,,"Tecnolito, en la vereda del Guido Miranda",Guido Miranda
R053 - Recortes periodisticos 1995_97.md,09 de junio,,Tres músicos en concierto en El Fogón,El Fogón de los Arrieros
R053 - Recortes periodisticos 1995_97.md,06 de junio,,Conferencia sobre Archivos y proyectos en El Fogón,El Fogón de los Arrieros
R053 - Recortes periodisticos 1995_97.md,05 de junio,,Archivo con los arrieros
R053 - Recortes periodisticos 1995_97.md,04 de junio,,Participación de fallecimiento de Portnoy Leopoldo,Leopoldo Portnoy
R053 - Recortes periodisticos 1995_97.md,04 de junio,,Asamblea anual del Fogón,El Fogón de los Arrieros
R053 - Recortes periodisticos 1995_97.md,03 de junio,,Despedida de un maestro
R053 - Recortes periodisticos 1995_97.md,02 de junio,,Leopoldo Portnoy. El fallecimiento,Leopoldo Portnoy
R053 - Recortes periodisticos 1995_97.md,31 de mayo,,Un Fogón de boleros y paellas,El Fogón de los Arrieros
R053 - Recortes periodisticos 1995_97.md,30 de mayo,,Fogón reunión anual de amigos,El Fogón de los Arrieros
R053 - Recortes periodisticos 1995_97.md,21 de mayo,,Tres en Banda,Tres en Banda
R053 - Recortes periodisticos 1995_97.md,19 de mayo,,Pradial Gutiérrez y su sueño tridimensional hecho paisaje,Pradial Gutiérrez
R053 - Recortes periodisticos 1995_97.md,16 de mayo,,Promueven el reconocimiento al mérito para El Fogón y la Peña,"El Fogón de los Arrieros, La Peña"
R053 - Recortes periodisticos 1995_97.md,25 de abril,,Luz Verde al Fogón,El Fogón de los Arrieros
R053 - Recortes periodisticos 1995_97.md,15 de abril,,Participación de fallecimiento de Adolfo Angel Petraglia,Adolfo Angel Petraglia
R053 - Recortes periodisticos 1995_97.md,14 de abril,,Pesar por la muerte del doctor Adolfo Petraglia,Adolfo Petraglia
R053 - Recortes periodisticos 1995_97.md,07 de abril,,Resistencia tendrá su circuito turístico y Parque escultórico,Resistencia
R053 - Recortes periodisticos 1995_97.md,04 de abril,,El Fogón de los Arrieros inaugura la temporada ‘97,El Fogón de los Arrieros
R053 - Recortes periodisticos 1995_97.md,31 de marzo,,Comienza el '97 en El Fogón,El Fogón de los Arrieros
R053 - Recortes periodisticos 1995_97.md,14 de enero,,La provincia Argentina de El Chaco,Chaco
R053 - Recortes periodisticos 1995_97.md,S/f,,Miño quiere que El Fogón de los Arrieros desagravie a Evita,"Belzor Miño, El Fogón de los Arrieros, Evita"
R060 - Recortes periodisticos 1978_79.md,1978,,ALDO Y EFRAIN BOGLIETTI: PILARES DE LA DINAMICA CULTURAL CHAQUEÑA,"Aldo Servando Boglietti, Efrain Juan Boglietti, José C. Castells, Dirección Nacional de Estadística y Censos."
R060 - Recortes periodisticos 1978_79.md,,Canal 13,El Fogón de los Arrieros Veintitrés Años de Acercamiento Humano y de Difusión Cultural,"Emilio Estiú, El Fogón de los Arrieros."
R060 - Recortes periodisticos 1978_79.md,,EL DIA, (Reportaje sobre el Fogón de los Arrieros),"Olga Alfonso, Aldo Boglietti, Juan de Dios Pena [Mena]."
R060 - Recortes periodisticos 1978_79.md,,EL TERRITORIO,FOTOGRAFIAS - Zulma Valsecia,"Zulma Valsecia, Subsecretaría de Cultura de la Provincia."
R060 - Recortes periodisticos 1978_79.md,,LA SEMANA,UNA DISCUSION PARA CHAQUEÑOS EL FOGON DE LA DISCORDIA,"Aldo Boglietti, Efraín Boglietti, Juan de Dios Mena, Hilda Torres Varela, Ramón de las Mercedes Tissera, Ertivio Acosta, Antonio García, René Oscar Cisneros, Eduardo López."
R163 - Recortes periodisticos 1947_59.md,21 de mayo de 1947,,"Conferencia de Estela QUATROCCHIO sobre ""¿Existe una literatura americana?""",Estela QUATROCCHIO
R163 - Recortes periodisticos 1947_59.md,agosto de 1947,,Recepción de jurados y expositores de la SOCIEDAD RURAL,SOCIEDAD RURAL
R163 - Recortes periodisticos 1947_59.md,11 de agosto de 1947,,Agasajo a Andrés SEGOVIA y a Charlie LILAMAND,"Andrés SEGOVIA, Charlie LILAMAND"
R163 - Recortes periodisticos 1947_59.md,agosto de 1947,,Conferencia del Dr. Luis GOVI sobre energía atómica,Dr. Luis GOVI
R163 - Recortes periodisticos 1947_59.md,20 de agosto de 1947,,Conferencia del señor THORTHORN sobre la radiodifusión en las Islas Británicas,Señor THORTHORN
R163 - Recortes periodisticos 1947_59.md,3 de septiembre de 1947,,"Conferencia de Eduardo LIRA ESPEJO sobre ""Forma y cuerpo de la música""",Eduardo LIRA ESPEJO
R163 - Recortes periodisticos 1947_59.md,5 de septiembre de 1947,,Visita del diputado laborista inglés C.E.W.DULEY,C.E.W. DULEY
R163 - Recortes periodisticos 1947_59.md,6 de septiembre de 1947,,"Conferencia de C.E.W.DULEY sobre ""Historia del movimiento laborista en Inglaterra""",C.E.W. DULEY
R163 - Recortes periodisticos 1947_59.md,8 de septiembre de 1947,,"Conferencia de Adolfo PETRAGLIA sobre ""Medicina indigena""",Adolfo PETRAGLIA
R163 - Recortes periodisticos 1947_59.md,16 de septiembre de 1947,,"Conferencia de Jacques DUVAL sobre ""Dias vividos en Francia durante la ocupación""",Jacques DUVAL
R163 - Recortes periodisticos 1947_59.md,22 de septiembre de 1947,,Fiesta dedicada a la PRIMAVERA. Disertación del Dr. Carlos R.OBAL sobre temas relacionados con la juventud,Dr. Carlos R. OBAL
R163 - Recortes periodisticos 1947_59.md,1 de octubre de 1947,,Conferencia de Roque CENTURION MIRANDA,Roque CENTURION MIRANDA
R163 - Recortes periodisticos 1947_59.md,octubre de 1947,,Conferencia de Juan de Dios MENA sobre LEOPOLDO Lugones,"Juan de Dios MENA, LEOPOLDO Lugones"
R163 - Recortes periodisticos 1947_59.md,5 de octubre de 1947,,De Atamisqui al FOGON DE LOS ARRIEROS,FOGON DE LOS ARRIEROS
R163 - Recortes periodisticos 1947_59.md,31 de diciembre de 1947,,Homenaje al creador de la lectura para no-videntes: Luis Braille,Luis Braille
R163 - Recortes periodisticos 1947_59.md,3 de enero de 1948,,Conferencia del Dr. Luis GOVI sobre Luis Braille,"Dr. Luis GOVI, Luis Braille"
R163 - Recortes periodisticos 1947_59.md,15 de enero de 1948,,Visita del poeta Andrés C. CHABRILLON,Andrés C. CHABRILLON
R163 - Recortes periodisticos 1947_59.md,12 de abril de 1948,,"Conferencia del Dr. Antonio A. TABOADA sobre ""Intercambio comercial y los tratados de comercio en la actualidad internacional""",Dr. Antonio A. TABOADA
R163 - Recortes periodisticos 1947_59.md,17 de abril de 1948,,"Conferencia del Coronel GELACIO CHAVEZ sobre ""Influencia del caballo y la música en la literatura popular""",Coronel GELACIO CHAVEZ
R163 - Recortes periodisticos 1947_59.md,26 de abril de 1948,,Conferencia de Justo C. MORALES sobre Horacio Quiroga,"Justo C. MORALES, Horacio Quiroga"
R163 - Recortes periodisticos 1947_59.md,29 de abril de 1948,,"Conferencia de Abraham JAROSLAVSKY sobre ""La novela policial y usted""",Abraham JAROSLAVSKY
R163 - Recortes periodisticos 1947_59.md,7 de mayo de 1948,,"Conferencia de Francisco SOUILHE sobre ""Tú y la atmósfera""",Francisco SOUILHE
R163 - Recortes periodisticos 1947_59.md,12 de mayo de 1948,,"Conferencia de Angel D. SETA Sobre ""Origen del vestir y la evaluación de la moda""",Angel D. SETA
R163 - Recortes periodisticos 1947_59.md,5 de junio de 1948,,"Conferencia de Severo F. VILLANUEVA sobre ""Motivos y figuras de la bohemia porteña""",Severo F. VILLANUEVA
R163 - Recortes periodisticos 1947_59.md,10 de junio de 1948,,Conferencia de Adolfo CRISTALDO sobre periodismo,Adolfo CRISTALDO
R163 - Recortes periodisticos 1947_59.md,6 de julio de 1948,,"Conferencia de Guido MIRANDA sobre ""La provincia de Río Bermejo""",Guido MIRANDA
R163 - Recortes periodisticos 1947_59.md,10 de julio de 1948,,Charla de Flora NUDELMANN sobre un viaje a Holanda,Flora NUDELMANN
R163 - Recortes periodisticos 1947_59.md,16 de julio de 1948,,Conferencia de Miguel LOZANO MUÑOZ sobre poesía,Miguel LOZANO MUÑOZ
R163 - Recortes periodisticos 1947_59.md,26 de julio de 1948,,"Conferencia de David BERJMAN sobre ""Nociones arquitectónicas""",David BERJMAN
R163 - Recortes periodisticos 1947_59.md,2 de agosto de 1948,,"Conferencia de Estela QUATROCCHIO sobre ""De Ulises a Poeta presente""",Estela QUATROCCHIO
R163 - Recortes periodisticos 1947_59.md,9 de agosto de 1948,,Charla y concierto de Héctor RUIZ DIAZ,Héctor RUIZ DIAZ
R163 - Recortes periodisticos 1947_59.md,agosto de 1948,,"Nota sobre la destrucción de la obra de Carlos SCHENONE, ""Cosechero""",Carlos SCHENONE
R163 - Recortes periodisticos 1947_59.md,12 de agosto de 1948,,Foto de la escultura destruída de C. Schenone,C. Schenone
R163 - Recortes periodisticos 1947_59.md,14 de agosto de 1948,,"Conferencia de Saverio YURKEVICH sobre ""Interpretación musical""",Saverio YURKEVICH
R163 - Recortes periodisticos 1947_59.md,16 de agosto de 1948,,"Conferencia de Rafael GALINDEZ sobre ""Detrás de la puerta""",Rafael GALINDEZ
R163 - Recortes periodisticos 1947_59.md,30 de agosto de 1948,,Conferencia de W. Ernest JYHOUNG sobre la secta mormona,W. Ernest JYHOUNG
R163 - Recortes periodisticos 1947_59.md,1 de septiembre de 1948,,Conferencia de Antonio de UNDURRAGA sobre poesía chilena,Antonio de UNDURRAGA
R163 - Recortes periodisticos 1947_59.md,14 de septiembre de 1948,,"Charla de Jacobo FINKELSTEIN sobre ""Divagaciones en torno a un tema cualquiera""",Jacobo FINKELSTEIN
R163 - Recortes periodisticos 1947_59.md,24 de septiembre de 1948,,Audición de guitarra de Horacio ARIENTI,Horacio ARIENTI
R163 - Recortes periodisticos 1947_59.md,27 de septiembre de 1948,,"Charla del Dr. Mario CHAPO BORTAGARAY sobre ""Impresiones de viaje""",Dr. Mario CHAPO BORTAGARAY
R163 - Recortes periodisticos 1947_59.md,29 de septiembre de 1948,,Exhibición de filmes de PAN AMERICAN AIR,PAN AMERICAN AIR
R163 - Recortes periodisticos 1947_59.md,5 de octubre de 1948,,"Charla de Antonio ZORITA sobre ""El deporte de la pesca""",Antonio ZORITA
R163 - Recortes periodisticos 1947_59.md,18 de octubre de 1948,,"Conferencia de Guillermo BOUSQUET sobre ""Vocación e inquietudes de la juventud actual""",Guillermo BOUSQUET
R163 - Recortes periodisticos 1947_59.md,16 de abril de 1949,,"Conferencia de Estela QUATROCCHIO sobre ""España sentimental y anecdótica"". Ejecuciones en guitarra por Alonso ARGUELLES","Estela QUATROCCHIO, Alonso ARGUELLES"
R163 - Recortes periodisticos 1947_59.md,23 de abril de 1949,,Visitas de las REINAS DEL TRABAJO de Corrientes,REINAS DEL TRABAJO de Corrientes
R163 - Recortes periodisticos 1947_59.md,26 de abril de 1949,,"Conferencia de Joseph J. TEUCHBERG sobre ""Enfoques de Europa en guerra""",Joseph J. TEUCHBERG
R163 - Recortes periodisticos 1947_59.md,27 de abril de 1949,,"Suspensión de la conferencia de Teuchberg. Programa de recitado y música folklórica. Conferencia de Thomas LIGGET sobre ""El cristianismo en el arte""","Joseph J. TEUCHBERG, Thomas LIGGET"
R163 - Recortes periodisticos 1947_59.md,6 de mayo de 1949,,"Conferencia del Dr. Benjamín VARGAS PEÑA sobre ""Acuarelas chaqueñas""",Dr. Benjamín VARGAS PEÑA
R163 - Recortes periodisticos 1947_59.md,16 de mayo de 1949,,"Charla de Albor MARUENDA sobre ""La guitarra: algunas ideas sobre su desarrollo""",Albor MARUENDA
R163 - Recortes periodisticos 1947_59.md,20 de mayo de 1949,,Visita de Alberto VACAREZZA,Alberto VACAREZZA
R163 - Recortes periodisticos 1947_59.md,27 de mayo de 1949,,"Conferencia de Emilio STERN sobre ""Juan de Dios Mena, escultor criollo""","Emilio STERN, Juan de Dios Mena"
R163 - Recortes periodisticos 1947_59.md,3 de junio de 1949,,"Conferencia de Francisco SOUILHE sobre ""Sembbanza del firmamento""",Francisco SOUILHE
R163 - Recortes periodisticos 1947_59.md,14 de junio de 1949,,"Conferencia de Raúl CERRUTTI sobre ""Música e instrumentos del altiplano"". Ilustraciones musicales de los INCA HUASI","Raúl CERRUTTI, INCA HUASI"
R163 - Recortes periodisticos 1947_59.md,18 de junio de 1949,,"Conferencia del Dr. José R. BERGALLO sebre ""Crónica formoseñas como mueren los paisanos.""",Dr. José R. BERGALLO
R163 - Recortes periodisticos 1947_59.md,25 de junio de 1949,,"Conferencia del Dr. Abraham JAROSLAVSKY sebre ""Retrucos Cómo mueren los otres...""",Dr. Abraham JAROSLAVSKY
R163 - Recortes periodisticos 1947_59.md,4 de julio de 1949,,Films de la ASOCIACION CHAQUEÑA DE AFICIONADOS A LA ASTRONOMIA,ASOCIACION CHAQUEÑA DE AFICIONADOS A LA ASTRONOMIA
R163 - Recortes periodisticos 1947_59.md,19 de julio de 1949,,"Charla de Adolfo CRISTALDO sobre ""Perfiles de la poesía""",Adolfo CRISTALDO
R163 - Recortes periodisticos 1947_59.md,25 de julio de 1949,,"Conferencia del Dr. Carles OBAL sobre ""La profunda angustia del hombre prisionero""",Dr. Carlos OBAL
R163 - Recortes periodisticos 1947_59.md,30 de julio de 1949,,Charla de Jacobo FINKELSTEIN sobre existencialismo,Jacobo FINKELSTEIN
R163 - Recortes periodisticos 1947_59.md,6 de agosto de 1949,,"Conferencia del Dr. Enrique FRERS sobre ""Impresiones sobre un viaje al Japón""",Dr. Enrique FRERS
R163 - Recortes periodisticos 1947_59.md,15 de agosto de 1949,,Charla del Dr. Luis GOVI sobre un viaje al Ecuador,Dr. Luis GOVI
R163 - Recortes periodisticos 1947_59.md,20 de agosto de 1949,,"Charla de Michel FORMOSA, intitulada ""En el umbral de la muerte""",Michel FORMOSA
R163 - Recortes periodisticos 1947_59.md,24 de agosto de 1949,,"Suspensión de la reunión semanal, en razón de la fiesta de Santa Rosa de Lima",Santa Rosa de Lima
R163 - Recortes periodisticos 1947_59.md,29 de agosto de 1949,,"Charla de Justo P. SAENZ sobre ""Divagaciones de un forastero""",Justo P. SAENZ
R163 - Recortes periodisticos 1947_59.md,1 de septiembre de 1949,,Curriculum de Justo P. Sáenz,Justo P. Sáenz
R163 - Recortes periodisticos 1947_59.md,2 de septiembre de 1949,,Conferencia de Justo P. Sáenz,Justo P. Sáenz
R163 - Recortes periodisticos 1947_59.md,5 de septiembre de 1949,,Conferencia del Dr. Alejandro NORES MARTINES sobre tema literario,Dr. Alejandro NORES MARTINES
R163 - Recortes periodisticos 1947_59.md,6 de septiembre de 1949,,Conferencia de A. Nores Martines sobre Quevedo en el Ateneo del Chaco,"A. Nores Martines, Ateneo del Chaco"
R163 - Recortes periodisticos 1947_59.md,13 de septiembre de 1949,,"Conferencia de Darde CUNEO sobre ""Sarmiento-Unamuno""",Darde CUNEO
R163 - Recortes periodisticos 1947_59.md,23 de noviembre de 1949,,Sobre una carta de Jean-Paul SARTRE,Jean-Paul SARTRE
R163 - Recortes periodisticos 1947_59.md,6 de julio de 1950,,"TEATRO leído: ""Las manos sucias"" de Jean-Paul SARTRE",Jean-Paul SARTRE
R163 - Recortes periodisticos 1947_59.md,15 de julio de 1950,,Copetin ofrecido al ROTARY CLUB. Jornadas rotarias,ROTARY CLUB
R163 - Recortes periodisticos 1947_59.md,18 de julio de 1950,,Inhumación de los restos de Estela QUATTROCCHIO,Estela QUATTROCCHIO
R163 - Recortes periodisticos 1947_59.md,25 de julio de 1950,,"Conferencia del ar. José Enrique GADANO sobre ""Pasado y presente de Rio Negre""",José Enrique GADANO
R163 - Recortes periodisticos 1947_59.md,8 de septiembre de 1950,,Conferencia de Bernardo CANAL FELJOO sobre la escritora inglesa Elsa H. de ADRON,"Bernardo CANAL FELJOO, Elsa H. de ADRON"
R163 - Recortes periodisticos 1947_59.md,12 de septiembre de 1950,,Nota sobre el FOGON,FOGON
R163 - Recortes periodisticos 1947_59.md,19 de septiembre de 1950,,"TEATRO leídos ""La señorita Jaire"" de Michel de GHELDERODE",Michel de GHELDERODE
R163 - Recortes periodisticos 1947_59.md,10 de diciembre de 1950,,Visita de una delegación de TUCUMAN,Delegación de TUCUMAN
R163 - Recortes periodisticos 1947_59.md,15 de marzo de 1951,,Artículo sobre el FOGON,FOGON
R163 - Recortes periodisticos 1947_59.md,15 de abril de 1951,,Artículo sobre el FOGON,FOGON
R163 - Recortes periodisticos 1947_59.md,7 de agosto de 1951,,Conferencia de Lorenzo DOMINGUEZ sobre escultura,Lorenzo DOMINGUEZ
R163 - Recortes periodisticos 1947_59.md,14 de agosto de 1951,,Vino de honor para los asistentes a las JORNADAS QUIRURGICAS,Asistentes a las JORNADAS QUIRURGICAS
R163 - Recortes periodisticos 1947_59.md,20 de agosto de 1951,,Cumpleaños de ALDO,ALDO
R163 - Recortes periodisticos 1947_59.md,11 de septiembre de 1951,,Audición de guitarra de Abel FLEURY,Abel FLEURY
R163 - Recortes periodisticos 1947_59.md,12 de septiembre de 1951,,"Conferencia de Léonce CLEMENT sobre ""El periodismo de la Resistencia""",Léonce CLEMENT
R163 - Recortes periodisticos 1947_59.md,Año 1952,,Artículo sobre el FOGON,FOGON
R163 - Recortes periodisticos 1947_59.md,22 de abril de 1952,,"Charla de Manuel J. CASTILLA sobre ""La copla""",Manuel J. CASTILLA
R163 - Recortes periodisticos 1947_59.md,28 de abril de 1952,,"Conferencia de Emilio NOVAS sobre ""Historieta de las sombras animadas""",Emilio NOVAS
R163 - Recortes periodisticos 1947_59.md,10 de mayo de 1952,,"Conferencia de Pablo ROJAS PAZ sobre ""Latierra y su canto""",Pablo ROJAS PAZ
R163 - Recortes periodisticos 1947_59.md,8 de agosto de 1952,,Adquisicion del terreno para el edificio propio del FOGON,FOGON
R163 - Recortes periodisticos 1947_59.md,29 de agosto de 1952,,Asado para reunir fondos pro-FOGON,FOGON
R163 - Recortes periodisticos 1947_59.md,septiembre de 1952,,Sobre el FOGON y una exposición de Victor MARCHESE,"Victor MARCHESE, FOGON"
R163 - Recortes periodisticos 1947_59.md,11 de septiembre de 1952,,Recital poético de Carmen ALVAREZ IBARRA y concierto de guitarra de Nazario MADERNA,"Carmen ALVAREZ IBARRA, Nazario MADERNA"
R163 - Recortes periodisticos 1947_59.md,15 de septiembre de 1952,,Conferencia de Philippe GREFFET sobre Jean-Paul SARTRE,"Philippe GREFFET, Jean-Paul SARTRE"
R163 - Recortes periodisticos 1947_59.md,27 de septiembre de 1952,,"Conferencia de Andrés CHABRILLON, intitulada ""Si pensara la rosa""",Andrés CHABRILLON
R163 - Recortes periodisticos 1947_59.md,6 de noviembre de 1952,,"Conferencia de Abraham Jaroslavsky, intitulada ""Mi expedición sobre Buenos Aires""",Abraham Jaroslavsky
R163 - Recortes periodisticos 1947_59.md,20 de diciembre de 1952,,Concierto de piano y flauta a cargo de Charles MAMPAEY y Yolanda ELIZONDO PERENO,"Charles MAMPAEY, Yolanda ELIZONDO PERENO"
R163 - Recortes periodisticos 1947_59.md,13 de enero de 1953,,"TEATRO: ""El zoológico de cristal"" de Tennesee WILLIAMS",Tennesee WILLIAMS
R163 - Recortes periodisticos 1947_59.md,27 de enero de 1953,,Carta de Arturo BAREA a Hilda TORRES VARELA,"Arturo BAREA, Hilda TORRES VARELA"
R163 - Recortes periodisticos 1947_59.md,15 de julio de 1953,,Articule sobre el nueve FOGON,FOGON
R163 - Recortes periodisticos 1947_59.md,10 de septiembre de 1953,,Actuación del cantante RIVERO ENRIQUEZ,RIVERO ENRIQUEZ
R163 - Recortes periodisticos 1947_59.md,10 de septiembre de 1953,,"Cursillo de Francisco JAVIER sobre ""La escena y el universo católico""",Francisco JAVIER
R163 - Recortes periodisticos 1947_59.md,12 de septiembre de 1953,,"Charla de Emma de CARTOSIO sobre ""Ciudadela de SAINT-EXUPERY""","Emma de CARTOSIO, SAINT-EXUPERY"
R163 - Recortes periodisticos 1947_59.md,14 de septiembre de 1953,,"Conferencia de Jacques RAVEL sobre ""Lenguas y pueblos""",Jacques RAVEL
R163 - Recortes periodisticos 1947_59.md,14 de septiembre de 1953,,Postergación del cursillo de Francisco JAVIER,Francisco JAVIER
R163 - Recortes periodisticos 1947_59.md,septiembre de 1953,,Artículo sobre el FOGON,FOGON
R163 - Recortes periodisticos 1947_59.md,23 de septiembre de 1953,,Conferencia de Sigisfredo KREBS,Sigisfredo KREBS
R163 - Recortes periodisticos 1947_59.md,5 de octubre de 1953,,Carta del Fogón a la Gaceta Deportiva,"Fogón, Gaceta Deportiva"
R163 - Recortes periodisticos 1947_59.md,14 de octubre de 1953,,Fiesta infantil en el Fogón,Fogón
R163 - Recortes periodisticos 1947_59.md,24 de octubre de 1953,,"Conferencia de Guillermo de TORRE sobre ""El existencialismo y la literatura""",Guillermo de TORRE
R163 - Recortes periodisticos 1947_59.md,3 de noviembre de 1953,,"TEATRO: ""Llueven ladrones del cielo"" de Abel SANTA CRUZ",Abel SANTA CRUZ
R163 - Recortes periodisticos 1947_59.md,18 de enero de 1954,,"Exposición de MENA, SCHENONE y otros en MENDOZA","MENA, SCHENONE"
R163 - Recortes periodisticos 1947_59.md,20 de enero de 1954,,"TEATRO: ""El café de Pomona"" de Michel PERRIN",Michel PERRIN
R163 - Recortes periodisticos 1947_59.md,26 de enero de 1954,,Visita de Francisco JAVIER,Francisco JAVIER
R163 - Recortes periodisticos 1947_59.md,27 de enero de 1954,,Sobre la actuación literaria de Michel PERRIN,Michel PERRIN
R163 - Recortes periodisticos 1947_59.md,29 de enero de 1954,,Visita de Demetrio URRUCHUA,Demetrio URRUCHUA
R163 - Recortes periodisticos 1947_59.md,febrero de 1954,,Visita del arquitecto Armando LOPEZ LEON,Armando LOPEZ LEON
R163 - Recortes periodisticos 1947_59.md,15 de febrero de 1954,,Asado en honor de Demetrio Urruchua,Demetrio Urruchua
R163 - Recortes periodisticos 1947_59.md,18 de febrero de 1954,,Sobre el mural de Demetrio URRUCHUA,Demetrio URRUCHUA
R163 - Recortes periodisticos 1947_59.md,28 de junio de 1954,,"TEATRO leído: ""Una mujer libre"" de Armand SALACROU",Armand SALACROU
R163 - Recortes periodisticos 1947_59.md,6 de julio de 1954,,Cursillo de Alfredo CASEY sobre cultura americana,Alfredo CASEY
R163 - Recortes periodisticos 1947_59.md,13 de julio de 1954,,Asado en honor de Ariel RAMIREZ,Ariel RAMIREZ
R163 - Recortes periodisticos 1947_59.md,19 de julio de 1954,,"Conferencia de PADROSA ROCA sobre ""Aplicaciones individuales y sociales de la psicología trascendente""",PADROSA ROCA
R163 - Recortes periodisticos 1947_59.md,22 de julio de 1954,,"Charla de Jacobe FINKELSTEIN sobre ""Impresiones de viaje""",Jacobe FINKELSTEIN
R163 - Recortes periodisticos 1947_59.md,24 de agosto de 1954,,"Conferencia de Pable ROJAS PAZ sobre ""El teatro, el pueblo y el rey""",Pable ROJAS PAZ
R163 - Recortes periodisticos 1947_59.md,28 de agosto de 1954,,"Conferencia de Paul VERDEVOYE sobre ""El hombre rebelde en Albert Camus""","Paul VERDEVOYE, Albert Camus"
R163 - Recortes periodisticos 1947_59.md,7 de septiembre de 1954,,"TEATRO. ""Cita en Senlis"" de Jean ANOUILH",Jean ANOUILH
R163 - Recortes periodisticos 1947_59.md,12 de septiembre de 1954,,Carta abierta al Fogón de Hugo MAC DOUGALL,"Hugo MAC DOUGALL, Fogón"
R163 - Recortes periodisticos 1947_59.md,13 de septiembre de 1954,,"Conferencia de Francisco JAVIER sobre ""Cómo fue creada La Alondra en Buenos Aires"", ilustrada por Luisa VEHIL","Francisco JAVIER, Luisa VEHIL"
R163 - Recortes periodisticos 1947_59.md,22 de septiembre de 1954,,Reproduce la carta de H. Mac Dougall,H. Mac Dougall
R163 - Recortes periodisticos 1947_59.md,24 de septiembre de 1954,,"Artículo sobre Leonce CLEMENT, que habla sobre SARTRE y los católicos","Leonce CLEMENT, SARTRE"
R163 - Recortes periodisticos 1947_59.md,30 de septiembre de 1954,,"Conferencia de Roberto LEDESMA sobre ""El misterio de la inspiración y las mariposas""",Roberto LEDESMA
R163 - Recortes periodisticos 1947_59.md,1 de octubre de 1954,,Actuación del teatro experimental FRAY MOCHO,FRAY MOCHO
R163 - Recortes periodisticos 1947_59.md,3 de octubre de 1954,,En respuesta a la carta de MAC DOUGALL,MAC DOUGALL
R163 - Recortes periodisticos 1947_59.md,13 de octubre de 1954,,Presentación del teatro de títeres LA PAREJA,LA PAREJA
R163 - Recortes periodisticos 1947_59.md,octubre de 1954,,Artículo sobre el FOGON,FOGON
R163 - Recortes periodisticos 1947_59.md,24 de octubre de 1954,,Agradecimiento del Fogón por un artículo,Fogón
R163 - Recortes periodisticos 1947_59.md,14 de enero de 1955,,Artículo sobre el panel de Julio VANZO,Julio VANZO
R163 - Recortes periodisticos 1947_59.md,15 de enero de 1955,,Sobre el FOGON,FOGON
R163 - Recortes periodisticos 1947_59.md,febrero de 1955,,Demetrio de URRUCHUA y el Fogón,"Demetrio de URRUCHUA, Fogón"
R163 - Recortes periodisticos 1947_59.md,1 de febrero de 1955,,Artícule sobre el perro FERNANDO,Perro FERNANDO
R163 - Recortes periodisticos 1947_59.md,16 de abril de 1955,,"TEATRO: ""Fin de semana"" de Noel COWARD",Noel COWARD
R163 - Recortes periodisticos 1947_59.md,abril de 1955,,Artículo de Hilda TORRES-VARELA sobre el TEATRO del Fogón,"Hilda TORRES-VARELA, Fogón"
R163 - Recortes periodisticos 1947_59.md,27 de mayo de 1955,,Artícule sobre Leence CLEMENT,Leence CLEMENT
R163 - Recortes periodisticos 1947_59.md,junio de 1955,,Artículo sobre el FOGON,FOGON
R163 - Recortes periodisticos 1947_59.md,agosto de 1955,,Artículo de Hilda TORRES-VARELA sobre TEATRO en Resistencia,Hilda TORRES-VARELA
R163 - Recortes periodisticos 1947_59.md,17 de septiembre de 1955,,Sobre la Orden de la LLAVE,Orden de la LLAVE
R163 - Recortes periodisticos 1947_59.md,15 de noviembre de 1955,,"TEATRO: ""Antigona"" de Jean COCTEAU",Jean COCTEAU
R163 - Recortes periodisticos 1947_59.md,20 de noviembre de 1955,,"""Bombas en la huerta"", un cuento de Arturo BAREA",Arturo BAREA
R163 - Recortes periodisticos 1947_59.md,11 de diciembre de 1955,,Artículo de Rafael AUBRY sobre 'Antigona',Rafael AUBRY
R163 - Recortes periodisticos 1947_59.md,12 de diciembre de 1955,,Canto de la Liberación ' de Delio PANIZZA,Delio PANIZZA
R163 - Recortes periodisticos 1947_59.md,23 de diciembre de 1955,,Solicitan designación de Guido MIRANDA come inspector de escuelas,Guido MIRANDA
R163 - Recortes periodisticos 1947_59.md,22 de enero de 1956,,Talla del ESCUDO DEL CHACO,ESCUDO DEL CHACO
R163 - Recortes periodisticos 1947_59.md,28 de enero de 1956,,Actuación del ballet de Henry ROSEMBERG,Henry ROSEMBERG
R163 - Recortes periodisticos 1947_59.md,31 de enero de 1956,,Sebre el TEATRO del Fogón,Fogón
R163 - Recortes periodisticos 1947_59.md,24 de febrero de 1956,,Sobre el TEATRO del Fogón,Fogón
R163 - Recortes periodisticos 1947_59.md,1 de marzo de 1956,,Sobre TEATRO dirigide per Francisco JAVIER,Francisco JAVIER
R163 - Recortes periodisticos 1947_59.md,4 de marzo de 1956,,Visita de Arturo BAREA,Arturo BAREA
R163 - Recortes periodisticos 1947_59.md,13 de marzo de 1956,,Conferencia de Arturo Barea,Arturo Barea
R163 - Recortes periodisticos 1947_59.md,5 de abril de 1956,,Se da el nombre de Juan de Dios MENA a una calle de la ciudad,Juan de Dios MENA
R163 - Recortes periodisticos 1947_59.md,14 de abril de 1956,,Sobre Arturo BAREA,Arturo BAREA
R163 - Recortes periodisticos 1947_59.md,6 de mayo de 1956,,Artículo sobre Aldo BOGLIETTI,Aldo BOGLIETTI
R163 - Recortes periodisticos 1947_59.md,24 de mayo de 1956,,Visita de Alfredo WEIDMAN y exposición de motivos turísticos de SUIZA,Alfredo WEIDMAN
R163 - Recortes periodisticos 1947_59.md,2 de junio de 1956,,Inauguración del buste de LYNCH ARRIBALZAGA,LYNCH ARRIBALZAGA
R163 - Recortes periodisticos 1947_59.md,3 de septiembre de 1956,,Artículo sobre Pable ROJAS PAZ,Pable ROJAS PAZ
R163 - Recortes periodisticos 1947_59.md,23 de septiembre de 1956,,RIFA del Fogón,Fogón
R163 - Recortes periodisticos 1947_59.md,22 de diciembre de 1956,,"Conferencia de Enrique FERNANDEZ CHELO sobre ""Historia de la Imprenta en la Argentina""",Enrique FERNANDEZ CHELO
R163 - Recortes periodisticos 1947_59.md,9 de febrero de 1957,,"Delegación del FOGON en MENDOZA. Conferencia de Francisco JAVIER sobre ""El teatre de la esperanza""","FOGON, Francisco JAVIER"
R163 - Recortes periodisticos 1947_59.md,2 de enero de 1958,,Artículo sobre el FOGON,FOGON
R163 - Recortes periodisticos 1947_59.md,3 de enero de 1958,,Artículo de Emilio NOVAS sobre Arturo BAREA,"Emilio NOVAS, Arturo BAREA"
R163 - Recortes periodisticos 1947_59.md,27 de enero de 1958,,Artículo de Emilio NOVAS sebre VENEZUELA,Emilio NOVAS
R163 - Recortes periodisticos 1947_59.md,5 de febrero de 1958,,Sobre la actuación de Ubalde MARTINEZ,Ubalde MARTINEZ
R163 - Recortes periodisticos 1947_59.md,10 de febrero de 1958,,Visita de Isaac ROJAS al Fogón,"Isaac ROJAS, Fogón"
R163 - Recortes periodisticos 1947_59.md,5 de marzo de 1958,,"Charla de Fernando BIRRI sobre ""Italianos contemporáneos de cerca""",Fernando BIRRI
R163 - Recortes periodisticos 1947_59.md,15 de marzo de 1958,,Cumpleaños de Hilda TORRES VARELA,Hilda TORRES VARELA
R163 - Recortes periodisticos 1947_59.md,21 de marzo de 1958,,"Conferencia de Emilio STEVANOVICH sebre ""APOLLINAIRE, víctima genial""",Emilio STEVANOVICH
R163 - Recortes periodisticos 1947_59.md,30 de marzo de 1958,,"Inauguración de la temperada cultural. Conferencia del Dr. Emilie D'UVA sobre ""Joaquín CASTELLANOS, politice y poeta salteñe""","Dr. Emilie D'UVA, Joaquín CASTELLANOS"
R163 - Recortes periodisticos 1947_59.md,9 de abril de 1958,,"Actuación de María FUX. Conferencia de José BABINI sobre ""Un profane en el mundo de la novela""","María FUX, José BABINI"
R163 - Recortes periodisticos 1947_59.md,11 de abril de 1958,,Artículo de Samuel SANCHEZ DE BUSTAMANTE sobre José BABINI,"Samuel SANCHEZ DE BUSTAMANTE, José BABINI"
R163 - Recortes periodisticos 1947_59.md,14 de abril de 1958,,"Mesa redonda sobre la obra de MENA, dirigida por José ZALI","José ZALI, MENA"
R163 - Recortes periodisticos 1947_59.md,15 de abril de 1958,,"Conferencia de Ariel GONZALEZ PEON sebre ""La poesía telúrica""",Ariel GONZALEZ PEON
R163 - Recortes periodisticos 1947_59.md,20 de abril de 1958,,"Conferencia de José BULLAUDE sobre ""De la sonrisa a la libertad""",José BULLAUDE
R163 - Recortes periodisticos 1947_59.md,7 de mayo de 1958,,"Conferencia de Oberdam CALETTI sobre ""Disquisiciones sobre Arte y Filosofía""",Oberdam CALETTI
R163 - Recortes periodisticos 1947_59.md,11 de mayo de 1958,,Recital de piano de Haydée LOUSTAUNAU,Haydée LOUSTAUNAU
R163 - Recortes periodisticos 1947_59.md,17 de mayo de 1958,,Copetín del ROTARY CLUB,ROTARY CLUB
R163 - Recortes periodisticos 1947_59.md,19 de mayo de 1958,,"Charla de Victor MARCHESE sobre ""Mi gira por el viejo mundo""",Victor MARCHESE
R163 - Recortes periodisticos 1947_59.md,24 de mayo de 1958,,"Conferencia de Mirke TAVICA sobre ""Una excursión de caza en el Matte Gresse""",Mirke TAVICA
R163 - Recortes periodisticos 1947_59.md,1 de junio de 1958,,"Actuación del Teatro de TITERES ""La Calesita""","""La Calesita"""
R163 - Recortes periodisticos 1947_59.md,3 de junio de 1958,,Despedida de solteres: PEPER-GUMMA,"PEPER, GUMMA"
R163 - Recortes periodisticos 1947_59.md,3 de junio de 1958,,Sobre un mural de Victor MARCHESE,Victor MARCHESE
R163 - Recortes periodisticos 1947_59.md,7 de junio de 1958,,"Actuación del conjunto ""Nueva Danza"" dirigido por Paulina OSSONA","Paulina OSSONA, ""Nueva Danza"""
R163 - Recortes periodisticos 1947_59.md,21 de junio de 1958,,Despedida de V.C. TEMPLEMORE,V.C. TEMPLEMORE
R163 - Recortes periodisticos 1947_59.md,24 de junio de 1958,,Artícule sobre el FOGON,FOGON
R163 - Recortes periodisticos 1947_59.md,30 de junio de 1958,,"Conferencia de Jacinte CASTILLO sebre ""Arte figurative y no figurative""",Jacinte CASTILLO
R163 - Recortes periodisticos 1947_59.md,1 de julio de 1958,,Sebre la obra de Jacinte CASTILLO,Jacinte CASTILLO
R163 - Recortes periodisticos 1947_59.md,2 de julio de 1958,,Conferencia de Efraín RIVERO sebre viajes a Cerea y Japón,Efraín RIVERO
R163 - Recortes periodisticos 1947_59.md,4 de julio de 1958,,Proyección de documentales de la ALIANZA FRANCESA,ALIANZA FRANCESA
R163 - Recortes periodisticos 1947_59.md,6 de julio de 1958,,Foto de Demetrie URRUCHUA trabajando en el mural,Demetrie URRUCHUA
R163 - Recortes periodisticos 1947_59.md,14 de julio de 1958,,"Conferencia de Rodrigo BONOME sebre ""Requiem por el arte de las figuras abstractas.""",Rodrigo BONOME
R163 - Recortes periodisticos 1947_59.md,18 de julio de 1958,,"Conferencia de Arnaldo CALVEYRA sobre ""Actualidad de José MARTI""","Arnaldo CALVEYRA, José MARTI"
R163 - Recortes periodisticos 1947_59.md,23 de julio de 1958,,"Conferencia de Carles GORDIOLLA NIELLA sobre ""Infancia, terminal para regreses""",Carles GORDIOLLA NIELLA
R163 - Recortes periodisticos 1947_59.md,24 de julio de 1958,,Articule sebre el CEMENTERIO del Fogón,Fogón
R163 - Recortes periodisticos 1947_59.md,26 de julio de 1958,,Visita de Mecha ORTIZ al Fogón,"Mecha ORTIZ, Fogón"
R163 - Recortes periodisticos 1947_59.md,29 de julio de 1958,,"Sobre el ATENEO DEL CHACO y el FOGON, artículo de Emilio NOVAS","Emilio NOVAS, ATENEO DEL CHACO, FOGON"
R163 - Recortes periodisticos 1947_59.md,4 de agosto de 1958,,Visita de R. SYLVESTRE BEGNIS,R. SYLVESTRE BEGNIS
R163 - Recortes periodisticos 1947_59.md,7 de agosto de 1958,,Conferencia de Saul YURKIEVICH sobre la vida y la obra de César VALLEJOS,"Saul YURKIEVICH, César VALLEJOS"
R163 - Recortes periodisticos 1947_59.md,10 de agosto de 1958,,Conferencia del Dr. Carlos R. OBAL sobre el comercio exterior,Dr. Carlos R. OBAL
R163 - Recortes periodisticos 1947_59.md,13 de agosto de 1958,,Artículo de Emilio NOVAS sobre humorismo,Emilio NOVAS
R163 - Recortes periodisticos 1947_59.md,16 de agosto de 1958,,Conferencia de Edwin F. RUBENS sobre el poeta Juan Ramón GIMENEZ,"Edwin F. RUBENS, Juan Ramón GIMENEZ"
R163 - Recortes periodisticos 1947_59.md,29 de agosto de 1958,,Sobre una exposición de la obra de René BRUSAU,René BRUSAU
R163 - Recortes periodisticos 1947_59.md,3 de septiembre de 1958,,"Conferencia de Roberte CHAMPION sobre ""Arquitectura y sociedad contemporánea""",Roberte CHAMPION
R163 - Recortes periodisticos 1947_59.md,10 de septiembre de 1958,,Conferencia de Alfredo VEIRAVE sobre Miguel HERNANDEZ,"Alfredo VEIRAVE, Miguel HERNANDEZ"
R163 - Recortes periodisticos 1947_59.md,13 de septiembre de 1958,,"TEATRO: ""liliom"" de Ferenc MOLNAR",Ferenc MOLNAR
R163 - Recortes periodisticos 1947_59.md,14 de septiembre de 1958,,Artícule de Emilio NOVAS sobre Miguel HERNANDEZ,"Emilio NOVAS, Miguel HERNANDEZ"
R163 - Recortes periodisticos 1947_59.md,27 de septiembre de 1958,,Concierto de piano de Raúl SPIVAK,Raúl SPIVAK
R163 - Recortes periodisticos 1947_59.md,30 de septiembre de 1958,,Artículo de Emilie NOVAS sobre la actuación del TEATRO del Fogón en Corrientes,"Emilie NOVAS, TEATRO del Fogón"
R163 - Recortes periodisticos 1947_59.md,15 de octubre de 1958,,"Conferencia de Guillerme E. THIELE sebre ""Enfoques de la vida antigua""",Guillerme E. THIELE
R163 - Recortes periodisticos 1947_59.md,17 de octubre de 1958,,Visita de Nicolás GUILLEN,Nicolás GUILLEN
R163 - Recortes periodisticos 1947_59.md,19 de octubre de 1958,,Artículo de V. AYALA GAUNA sobre el litoral,V. AYALA GAUNA
R163 - Recortes periodisticos 1947_59.md,24 de octubre de 1958,,Presentación de los TITERES de los Hnos. DI MAURO,Hnos. DI MAURO
R163 - Recortes periodisticos 1947_59.md,30 de octubre de 1958,,Recital de Nicolás GUILLEN,Nicolás GUILLEN
R163 - Recortes periodisticos 1947_59.md,1 de noviembre de 1958,,"Conferencia de Hilda DIANDA sebre ""La música concreta""",Hilda DIANDA
R163 - Recortes periodisticos 1947_59.md,23 de noviembre de 1958,,Sobre la labor de Hilda TORRES VARELA en teatro,Hilda TORRES VARELA
R163 - Recortes periodisticos 1947_59.md,7 de diciembre de 1958,,"Sobre la escultura de Arturo BAREA, obra de Nicolás A. DE SAN LUIS","Arturo BAREA, Nicolás A. DE SAN LUIS"
R163 - Recortes periodisticos 1947_59.md,10 de diciembre de 1958,,"TEATRO: ""Propósitos y verdades"" de Noel COWARD",Noel COWARD
R163 - Recortes periodisticos 1947_59.md,16 de diciembre de 1958,,"Inauguración de la escultura de Arturo Barea, Exposición de grabados de José TREVIÑO","Arturo Barea, José TREVIÑO, Hilda TORRES VARELA, Efraín BOGLIETTI, Emilio NOVAS"
R163 - Recortes periodisticos 1947_59.md,19 de diciembre de 1958,,Visita de Nicolás A. de SAN LUIS,Nicolás A. de SAN LUIS
R163 - Recortes periodisticos 1947_59.md,8 de enero de 1959,,Mural de Jacinto CASTILLO,Jacinto CASTILLO
R163 - Recortes periodisticos 1947_59.md,11 de enero de 1959,,Atentado contra el mural de Julio VANZO,Julio VANZO
R163 - Recortes periodisticos 1947_59.md,15 de enero de 1959,,Posición del Partido Comunista al respecto,Partido Comunista
R163 - Recortes periodisticos 1947_59.md,25 de enero de 1959,,Artículo de Emilio NOVAS sobre el mural de CASTILLO,"Emilio NOVAS, CASTILLO"
R163 - Recortes periodisticos 1947_59.md,17 de marzo de 1959,,Sobre el busto de Arturo Barea,Arturo Barea
R163 - Recortes periodisticos 1947_59.md,6 de abril de 1959,,"Conferencia de Jacinte CASTILLO sebre ""El arte y la emoción de Juan de Dios MENA""","Jacinte CASTILLO, Juan de Dios MENA"
R163 - Recortes periodisticos 1947_59.md,11 de abril de 1959,,Curses de IDIOMAS en el Fogón,Fogón
R163 - Recortes periodisticos 1947_59.md,21 de abril de 1959,,CINE: películas cedidas por la Embajada de FRANCIA,Embajada de FRANCIA
R163 - Recortes periodisticos 1947_59.md,22 de abril de 1959,,Cursillo de Armando ASTI VERA sebre estética comparada,Armando ASTI VERA
R163 - Recortes periodisticos 1947_59.md,27 de abril de 1959,,Artícule sebre el FOGON,FOGON
R163 - Recortes periodisticos 1947_59.md,12 de mayo de 1959,,Artículo sobre el FOGON,FOGON
R163 - Recortes periodisticos 1947_59.md,16 de mayo de 1959,,Actuación de Ariel RAMIREZ,Ariel RAMIREZ
R163 - Recortes periodisticos 1947_59.md,2 de junio de 1959,,TITERES de los Hnos. DI MAURO,Hnos. DI MAURO
R163 - Recortes periodisticos 1947_59.md,3 de junio de 1959,,"Suspensión de la conferencia de Reberte PEREZ sobre ""Significado histórico de la revolución de mayo""",Reberte PEREZ
R163 - Recortes periodisticos 1947_59.md,5 de junio de 1959,,"Conferencia de Salomon WAPNIR sobre ""Vida, pasión y muerte de Alfonsina STORNI""","Salomon WAPNIR, Alfonsina STORNI"
R163 - Recortes periodisticos 1947_59.md,23 de junio de 1959,,Cursille sobre Antonio MACHADO,"Saúl YURKIEVICH, Carles A. ALVAREZ, Héctor GUILLEN, Roberto VILANOVA RODRIGUEZ, Antonio MACHADO"
R163 - Recortes periodisticos 1947_59.md,28 de junio de 1959,,Diálogo entre Isaac ROJAS y Aldo BOGLIETTI,"Isaac ROJAS, Aldo BOGLIETTI"
R163 - Recortes periodisticos 1947_59.md,23 de julio de 1959,,Charla de Juan GRELA sobre movimientos plásticos contemporáneos,Juan GRELA
R163 - Recortes periodisticos 1947_59.md,23 de julio de 1959,,Articule sobre marxistas y trotskistas en la UNNE,UNNE
R163 - Recortes periodisticos 1947_59.md,31 de julio de 1959,,"Conferencia de Pedro CABA sebre ""La importancia de la sin importancia""",Pedro CABA
R163 - Recortes periodisticos 1947_59.md,29 de agosto de 1959,,Visita del ROTARY CLUB,ROTARY CLUB
R163 - Recortes periodisticos 1947_59.md,8 de septiembre de 1959,,"TEATRO: Farsas medievales y ""El aniversario"" de Antón CHEJOV",Antón CHEJOV
R163 - Recortes periodisticos 1947_59.md,22 de septiembre de 1959,,Descubrimiento de la cabeza de Gaspar L. BENAVENTO del escultor Crisante DOMINGUEZ,"Gaspar L. BENAVENTO, Crisante DOMINGUEZ"
R163 - Recortes periodisticos 1947_59.md,5 de octubre de 1959,,Actuación de Ariel RAMIREZ,Ariel RAMIREZ
R163 - Recortes periodisticos 1947_59.md,7 de octubre de 1959,,"TEATRO: ""Antes del desayune"" de Eugenie O'NEILL. Conferencia de Reberte SPINA sebre ""Eugenie O'Neill, auter dramático""","Eugenie O'NEILL, Reberte SPINA"
R163 - Recortes periodisticos 1947_59.md,9 de octubre de 1959,,"Actuación de ""LOS COMEDIANTES DE LA RUTA""","""LOS COMEDIANTES DE LA RUTA"""
R163 - Recortes periodisticos 1947_59.md,28 de octubre de 1959,,"Conferencia de Hilda TORRES VARELA sebre ""Teatre y sociedad""",Hilda TORRES VARELA
R163 - Recortes periodisticos 1947_59.md,11 de diciembre de 1959,,Mural de Raúl MONSEGUR en el Fogón,"Raúl MONSEGUR, Fogón"
R163 - Recortes periodisticos 1947_59.md,15 de diciembre de 1959,,Cena de fin año en el Fogón,Fogón
R057 - Recortes periodisticos 1982_83.md,4 de diciembre de 1982,Norte,1º Feria del Regalo Artesanal. Publicidad de la Feria del Regalo Artesanal.
R057 - Recortes periodisticos 1982_83.md,3 de diciembre de 1982,El Territorio,Los niños y los Titeres. Títeres en el Barrio España.
R057 - Recortes periodisticos 1982_83.md,28 de noviembre de 1982,Norte,1° Feria del Regalo Artesanal. Exposición y venta de artesanías.
R057 - Recortes periodisticos 1982_83.md,26 de noviembre de 1982,El Territorio,Feria del Regalo Artesanal. Exposición y venta de artesanías.
R057 - Recortes periodisticos 1982_83.md,23 de noviembre de 1982,Norte,Feria del regalo artesanal. Exposición y venta de artesanías.
R057 - Recortes periodisticos 1982_83.md,18 de octubre de 1982,El Territorio,Distinguirán a entidades por su aporte cultural. Acto de distinción y entrega de diplomas.
R057 - Recortes periodisticos 1982_83.md,16 de octubre de 1982,Norte,Agravio a la cultura. Esculturas.
R057 - Recortes periodisticos 1982_83.md,16 de agosto de 1982,El Territorio,El candidato radical expone hoy en el Fogón. Ciclo de Información Civica.
R057 - Recortes periodisticos 1982_83.md,4 de julio de 1982,Norte,Feria exposición. Feria exposición de artes plásticas.
R057 - Recortes periodisticos 1982_83.md,9 de junio de 1982,Norte,Taller de literes. Tileres.
R057 - Recortes periodisticos 1982_83.md,2 de enero de 1983,Norte,Taller Libre para adolescentes o la forma de crecer juntos.
R239 - Recordes sobre EFDA 1948_2002.md,"octubre 31, 1947",Resistencia Nativa,La cultura en el Chaco
R239 - Recordes sobre EFDA 1948_2002.md,"marzo 15, 1951",Euzko Deya. La voz de los vascos en América,Historia de una industria Vasca en la Argentina. Rememoración en un viaje al Chaco
R239 - Recordes sobre EFDA 1948_2002.md,"abril, 1964",Autoclub,Resistencia interrogante y milagro
R239 - Recordes sobre EFDA 1948_2002.md,"octubre 23, 1966",La Nación Buenos Aires,Mural para el Chaco
R239 - Recordes sobre EFDA 1948_2002.md,"junio 2, 1969",El Territorio,Esculturas para una ciudad moderna
R239 - Recordes sobre EFDA 1948_2002.md,"junio 26, 1969",La Prensa,Inauguración de una estatua en Resistencia
R239 - Recordes sobre EFDA 1948_2002.md,"septiembre 3, 1971",La Nación,Importante centro para el turismo resulta el Chaco
R239 - Recordes sobre EFDA 1948_2002.md,"marzo 19, 1972",La Prensa,Litoral arriba
R239 - Recordes sobre EFDA 1948_2002.md,"septiembre 2, 1972",La Nación Buenos Aires,Chaco: una auténtica atracción turística
R239 - Recordes sobre EFDA 1948_2002.md,"octubre 10, 1973",Norte Resistencia,Homenaje a bailarines
R239 - Recordes sobre EFDA 1948_2002.md,"octubre 23, 1973",La Prensa,Emplazose otra escultura en Resistencia
R239 - Recordes sobre EFDA 1948_2002.md,"julio 16, 1974",Crisol. Resistencia,Escultura la madera en el arte
R239 - Recordes sobre EFDA 1948_2002.md,"marzo 14, 1976",El Territorio,La amistad necesaria para vivir el arte
R239 - Recordes sobre EFDA 1948_2002.md,"enero 17, 1947",La Prensa,Emplazarán 40 nuevas esculturas en la ciudad de Resistencia
R239 - Recordes sobre EFDA 1948_2002.md,"octubre 17, 1993",Norte,La puerta cultural del Chaco
R239 - Recordes sobre EFDA 1948_2002.md,"octubre 27, 1993",Norte,El contraste chaqueño entre creadores d belleza y los creadores de riqueza
R239 - Recordes sobre EFDA 1948_2002.md,"noviembre 1, 1993",Norte,"""El museo del disparate"""
R239 - Recordes sobre EFDA 1948_2002.md,"diciembre 26, 1999",,los hermanos Boglietti: señores del aire y la cultura,"Aldo Boglietti, Efraín Boglietti"
R239 - Recordes sobre EFDA 1948_2002.md,"mayo 9, 2000",Norte,Tango y cambalache de arrieros
R239 - Recordes sobre EFDA 1948_2002.md,"mayo 10, 2000",Norte,Cambalache fogonero
R239 - Recordes sobre EFDA 1948_2002.md,"mayo 18, 2002",Norte,Patrióticos
R239 - Recordes sobre EFDA 1948_2002.md,SIN FECHA,,El Fogón de los Arrieros tiene alma,El Fogón de los Arrieros
R239 - Recordes sobre EFDA 1948_2002.md,SIN FECHA,,El Fogón de los Arrieros,El Fogón de los Arrieros
R056 - Recortes periodisticos 1984_86.md,23 de diciembre de 1984,,Participación de fallecimiento del Prof. Américo Ghioldi.,Américo Ghioldi
R056 - Recortes periodisticos 1984_86.md,22 de diciembre de 1984,,Julio Vanzo.,Julio Vanzo
R056 - Recortes periodisticos 1984_86.md,11 de diciembre de 1984,,Participación de fallecimiento de julio Vanzo.,Julio Vanzo
R056 - Recortes periodisticos 1984_86.md,11 de diciembre de 1984,,El Escultor Gómez Lollo Premiado en Tucumán.,Gómez Lollo
R056 - Recortes periodisticos 1984_86.md,06 de noviembre de 1984,,Falleció el escritor Joaquin Gómez Bas,Joaquin Gómez Bas
R056 - Recortes periodisticos 1984_86.md,05 de noviembre de 1984,,COPRAR incorpora obra: Nuevas esculturas tendrá desde el viernes 9 nuestra capital.,COPRAR
R056 - Recortes periodisticos 1984_86.md,28 de octubre de 1984,,El Doctor Vargas Peña disertará en el Fogón.,"Vargas Peña, Fogón de los Arrieros"
R056 - Recortes periodisticos 1984_86.md,26 de octubre de 1984,,Vargas Peña el 29 en el Fogón.,"Vargas Peña, Fogón de los Arrieros"
R056 - Recortes periodisticos 1984_86.md,26 de octubre de 1984,,Benjamin Vargas Peña.,Benjamin Vargas Peña
R056 - Recortes periodisticos 1984_86.md,25 de octubre de 1984,,Benjamin Vargas Peña en el Fogón.,"Benjamin Vargas Peña, Fogón de los Arrieros"
R056 - Recortes periodisticos 1984_86.md,10 de octubre de 1984,,"El Teatro Titeres de Plazas y Caminos Boliviano, Pero Formado por Argentinos.",Teatro Titeres de Plazas y Caminos
R056 - Recortes periodisticos 1984_86.md,07 de octubre de 1984,,El Ballet Nacional Bulgaro en el Chaco.,Ballet Nacional Bulgaro
R056 - Recortes periodisticos 1984_86.md,07 de octubre de 1984,,Javier Villafañe y las lecciones que aprendió de Maese trotamundos.,Javier Villafañe
R056 - Recortes periodisticos 1984_86.md,04 de octubre de 1984,,"Villafañe y Espina, hoy en el festival de muñecos.","Villafañe, Espina"
R056 - Recortes periodisticos 1984_86.md,04 de octubre de 1984,,"Guayra Castilla: ""Me declaro titiritero"".",Guayra Castilla
R056 - Recortes periodisticos 1984_86.md,29 de septiembre de 1984,,Logia de Corrientes.,Logia de Corrientes
R056 - Recortes periodisticos 1984_86.md,29 de septiembre de 1984,,Alejandro Mauriño hoy en el Fogón de los Arrieros.,"Alejandro Mauriño, Fogón de los Arrieros"
R056 - Recortes periodisticos 1984_86.md,29 de septiembre de 1984,,Javier Villafañe en el Festival de Muñecos.,Javier Villafañe
R056 - Recortes periodisticos 1984_86.md,27 de septiembre de 1984,,"Escultura, Fogón de los Arrieros.",Fogón de los Arrieros
R056 - Recortes periodisticos 1984_86.md,25 de septiembre de 1984,,Exposición sobre Stendhal.,Stendhal
R056 - Recortes periodisticos 1984_86.md,25 de septiembre de 1984,,Exposición de fotos y grabados en el Fogón.,Fogón de los Arrieros
R056 - Recortes periodisticos 1984_86.md,23 de septiembre de 1984,,Teresa Parodi e Irene Tapia hoy en el Fogón de los Arrieros.,"Teresa Parodi, Irene Tapia, Fogón de los Arrieros"
R056 - Recortes periodisticos 1984_86.md,22 de septiembre de 1984,,Parodi y Tapia en el Fogón.,"Parodi, Tapia, Fogón de los Arrieros"
R056 - Recortes periodisticos 1984_86.md,20 de septiembre de 1984,,Fogón de los Arrieros.,Fogón de los Arrieros
R056 - Recortes periodisticos 1984_86.md,19 de septiembre de 1984,,"La Logia ""Constante Unión N° 23"".","Logia ""Constante Unión N° 23"""
R056 - Recortes periodisticos 1984_86.md,18 de septiembre de 1984,,Fogón de los Arrieros.,Fogón de los Arrieros
R056 - Recortes periodisticos 1984_86.md,09 de septiembre de 1984,,Participación de fallecimiento del Dr. Carlos Ottelengui.,Carlos Ottelengui
R056 - Recortes periodisticos 1984_86.md,04 de septiembre de 1984,,Fogón de los Arrieros.,Fogón de los Arrieros
R056 - Recortes periodisticos 1984_86.md,20 de agosto de 1984,,Participación de fallecimiento de Juan Moro.,Juan Moro
R056 - Recortes periodisticos 1984_86.md,19 de agosto de 1984,,Falleció Juan Moro.,Juan Moro
R056 - Recortes periodisticos 1984_86.md,19 de agosto de 1984,,Dejó de Existir Juan Aldo Moro.,Juan Aldo Moro
R056 - Recortes periodisticos 1984_86.md,01 de julio de 1984,,Participación de fallecimiento de Enrique Kedinger.,Enrique Kedinger
R056 - Recortes periodisticos 1984_86.md,01 de julio de 1984,,Cacho Sisto fue galardonado en Francia.,Cacho Sisto
R056 - Recortes periodisticos 1984_86.md,24 de junio de 1984,,Recordarán el Natalicio de Pedro Henriquez Ureña.,Pedro Henriquez Ureña
R056 - Recortes periodisticos 1984_86.md,10 de junio de 1984,,Arturo Duarte. La vida entre marionetas.,Arturo Duarte
R056 - Recortes periodisticos 1984_86.md,10 de junio de 1984,,Altiplano 5 en el Fogón.,"Altiplano 5, Fogón de los Arrieros"
R056 - Recortes periodisticos 1984_86.md,10 de junio de 1984,,Altiplano 5 hoy en el Fogón de los Arrieros.,"Altiplano 5, Fogón de los Arrieros"
R056 - Recortes periodisticos 1984_86.md,09 de junio de 1984,,Altiplano 5 en el Fogón.,"Altiplano 5, Fogón de los Arrieros"
R056 - Recortes periodisticos 1984_86.md,08 de junio de 1984,,Entregan el premio Puente Belgrano al Dr. Petraglia.,Adolfo Petraglia
R056 - Recortes periodisticos 1984_86.md,08 de junio de 1984,,Recibirá un premio hoy el Dr. Adolfo Petraglia.,Adolfo Petraglia
R056 - Recortes periodisticos 1984_86.md,03 de junio de 1984,,Marcos Aguinis en Resistencia.,Marcos Aguinis
R056 - Recortes periodisticos 1984_86.md,03 de junio de 1984,,Eduardo Sequi: Su desaparición.,Eduardo Sequi
R056 - Recortes periodisticos 1984_86.md,03 de junio de 1984,,Participación de fallecimiento de Eduardo Segui.,Eduardo Segui
R056 - Recortes periodisticos 1984_86.md,03 de junio de 1984,,La comunidad brinda cálido homenaje al Dr. Petraglia.,Adolfo Petraglia
R056 - Recortes periodisticos 1984_86.md,30 de mayo de 1984,,Premio GLOMBOVSKY para Oscar Sánchez.,Oscar Sánchez
R056 - Recortes periodisticos 1984_86.md,27 de mayo de 1984,La Prensa,"Cartas a ""La Prensa""."
R056 - Recortes periodisticos 1984_86.md,27 de mayo de 1984,,Dr. Adolfo Petraglia. Merecido reconocimiento a un firme promotor del movimiento cultural de Resistencia.,Adolfo Petraglia
R056 - Recortes periodisticos 1984_86.md,26 de mayo de 1984,,"Haedo, crítico de arte visitó nuestra ciudad.",Haedo
R056 - Recortes periodisticos 1984_86.md,26 de mayo de 1984,,"Dr. Raúl Andrés Aguirre ""La muerte del rector que no quisimos comprender"".",Raúl Andrés Aguirre
R056 - Recortes periodisticos 1984_86.md,24 de mayo de 1984,,COPROAR y El Fogón con el Ing. Lataza.,"COPROAR, El Fogón, Lataza"
R056 - Recortes periodisticos 1984_86.md,23 de mayo de 1984,,Falleció el Ingeniero Babini organizador y ex rector de la UNNE.,"José Babini, UNNE"
R056 - Recortes periodisticos 1984_86.md,23 de mayo de 1984,,Homenaje al Dr. Petraglia.,Adolfo Petraglia
R056 - Recortes periodisticos 1984_86.md,23 de mayo de 1984,,Falleció el primer rector de la UNNE.,"José Babini, UNNE"
R056 - Recortes periodisticos 1984_86.md,23 de mayo de 1984,,Participación de fallecimiento del Ing. José Babini.,José Babini
R056 - Recortes periodisticos 1984_86.md,22 de mayo de 1984,,Merecido homenaje se tributará a Petraglia.,Adolfo Petraglia
R056 - Recortes periodisticos 1984_86.md,21 de mayo de 1984,,Desfile de Modelos en el Fogón de los Arrieros.,Fogón de los Arrieros
R056 - Recortes periodisticos 1984_86.md,20 de mayo de 1984,,Desfile de Modelos en el Fogón de los Arrieros.,Fogón de los Arrieros
R056 - Recortes periodisticos 1984_86.md,20 de mayo de 1984,,Mañana desfile de modelos en el Fogón de los Arrieros.,Fogón de los Arrieros
R056 - Recortes periodisticos 1984_86.md,20 de mayo de 1984,,"Portnoy:""Preocuparse mas por cambiar el sistema económico que por la deuda"".",Portnoy
R056 - Recortes periodisticos 1984_86.md,20 de mayo de 1984,,Aldo Sotelo: Con las manos en la arcilla.,Aldo Sotelo
R056 - Recortes periodisticos 1984_86.md,20 de mayo de 1984,,"Grupo ""Tibi"".",Grupo Tibi
R056 - Recortes periodisticos 1984_86.md,18 de mayo de 1984,,Portnoy en el Fogón.,"Portnoy, Fogón de los Arrieros"
R056 - Recortes periodisticos 1984_86.md,18 de mayo de 1984,,Publicidad de Temporada Cultural 1984.,Fogón de los Arrieros
R056 - Recortes periodisticos 1984_86.md,17 de mayo de 1984,,Disertarán Portnoy el Gobernador de Misiones.,"Portnoy, Gobernador de Misiones"
R056 - Recortes periodisticos 1984_86.md,17 de mayo de 1984,,Temporada Cultural en el Fogón.,Fogón de los Arrieros
R056 - Recortes periodisticos 1984_86.md,17 de mayo de 1984,,Reunión de Bancos del Litoral.,Bancos del Litoral
R056 - Recortes periodisticos 1984_86.md,17 de mayo de 1984,,Temporada Cultural en el Fogón de los Arrieros.,Fogón de los Arrieros
R056 - Recortes periodisticos 1984_86.md,16 de mayo de 1984,,Haedo en el Fogón.,"Haedo, Fogón de los Arrieros"
R056 - Recortes periodisticos 1984_86.md,14 de mayo de 1984,,Disertación de Haedo.,Haedo
R056 - Recortes periodisticos 1984_86.md,14 de mayo de 1984,,"Habrá Títeres en el ""Fogón"".",Fogón de los Arrieros
R056 - Recortes periodisticos 1984_86.md,12 de mayo de 1984,,Habrá títeres hoy en el Fogón.,Fogón de los Arrieros
R056 - Recortes periodisticos 1984_86.md,10 de mayo de 1984,,"Oscar Félix Haedo disertará en el ""Fogón de los Arrieros"".","Oscar Félix Haedo, Fogón de los Arrieros"
R056 - Recortes periodisticos 1984_86.md,09 de mayo de 1984,,Títeres en homenaje a Lorca.,Federico García Lorca
R056 - Recortes periodisticos 1984_86.md,04 de mayo de 1984,,Temporada Cultural de El Fogón de los Arrieros.,Fogón de los Arrieros
R056 - Recortes periodisticos 1984_86.md,03 de mayo de 1984,,Demostración al doctor Petraglia.,Adolfo Petraglia
R056 - Recortes periodisticos 1984_86.md,02 de mayo de 1984,,Demostración al Dr. Adolfo Petraglia.,Adolfo Petraglia
R056 - Recortes periodisticos 1984_86.md,23 de abril de 1984,,"El Premio Puente ""General Belgrano"" de Rotarios para el Dr. Petraglia.","Adolfo Petraglia, Rotarios"
R056 - Recortes periodisticos 1984_86.md,22 de abril de 1984,,Galardón para el Dr. Petraglia.,Adolfo Petraglia
R056 - Recortes periodisticos 1984_86.md,10 de abril de 1984,,El Fogón: Inauguración temporada.,Fogón de los Arrieros
R056 - Recortes periodisticos 1984_86.md,09 de abril de 1984,,Instituto Browniano.,Instituto Browniano
R056 - Recortes periodisticos 1984_86.md,07 de abril de 1984,,Instituto Browniano.,Instituto Browniano
R056 - Recortes periodisticos 1984_86.md,07 de abril de 1984,,Hilda Sábato en el Fogón.,"Hilda Sábato, Fogón de los Arrieros"
R056 - Recortes periodisticos 1984_86.md,05 de abril de 1984,,Instituto Browniano.,Instituto Browniano
R056 - Recortes periodisticos 1984_86.md,03 de abril de 1984,,Servicio Militar: Obligación Cuestionada. Conferencia en el Fogón de los Arrieros.,Fogón de los Arrieros
R056 - Recortes periodisticos 1984_86.md,01 de abril de 1984,,El Fogón de los Arrieros Inaugura temporada.,Fogón de los Arrieros
R056 - Recortes periodisticos 1984_86.md,27 de marzo de 1984,,Participación de fallecimiento de Santiago Gómez Cov.,Santiago Gómez Cov
R056 - Recortes periodisticos 1984_86.md,23 de marzo de 1984,,Cacho Sisto y su cotidiano caminar por el teatro.,Cacho Sisto
R056 - Recortes periodisticos 1984_86.md,19 de marzo de 1984,,"Temporada Cultural en el ""Fogón de los Arrieros"".",Fogón de los Arrieros
R056 - Recortes periodisticos 1984_86.md,19 de marzo de 1984,,El Fogón.,Fogón de los Arrieros
R056 - Recortes periodisticos 1984_86.md,17 de marzo de 1984,,Participación de Fallecimiento del Arq. Gregorio Ladizesky.,Gregorio Ladizesky
R056 - Recortes periodisticos 1984_86.md,28 de noviembre de 1985,,"""Cena de fin de año en El Fogón de los Arrieros"".",El Fogón de los Arrieros
R056 - Recortes periodisticos 1984_86.md,24 de noviembre de 1985,,"""Relación entre los vikingos y los hermanos Boglietti""",Hermanos Boglietti
R056 - Recortes periodisticos 1984_86.md,16 de noviembre de 1985,,"""Fallecimiento del doctor Artemio D. Mereles"".",Artemio D. Mereles
R056 - Recortes periodisticos 1984_86.md,29 de octubre de 1985,,"""Conferencia de Osvaldo Pérez""",Osvaldo Pérez
R056 - Recortes periodisticos 1984_86.md,29 de octubre de 1985,,"""Proyectos del nuevo intendente. Osvaldo Pérez""",Osvaldo Pérez
R056 - Recortes periodisticos 1984_86.md,28 de octubre de 1985,,"""Conferencia de Eduardo Siri"".",Eduardo Siri
R056 - Recortes periodisticos 1984_86.md,28 de octubre de 1985,,"""El contador Piccilli en El Fogón de los Arrieros"".","Hernán Piccilli, El Fogón de los Arrieros"
R056 - Recortes periodisticos 1984_86.md,25 de octubre de 1985,,"""Conferencia de Hernán Piccilli"".",Hernán Piccilli
R056 - Recortes periodisticos 1984_86.md,22 de octubre de 1985,,"""Propuestas del nuevo intendente Luis Palacios Rivas"".",Luis Palacios Rivas
R056 - Recortes periodisticos 1984_86.md,22 de octubre de 1985,,"""Propuestas del nuevo intendente. Raúl D. Berneri"".",Raúl D. Berneri
R056 - Recortes periodisticos 1984_86.md,21 de octubre de 1985,,"""Conferencia del doctor Anselmo Andreau"".",Anselmo Andreau
R056 - Recortes periodisticos 1984_86.md,18 de octubre de 1985,,"""Proyectos del nuevo intendente. Anselmo Andreu""",Anselmo Andreu
R056 - Recortes periodisticos 1984_86.md,17 de octubre de 1985,,"""Proyectos del nuevo intendente Walter D. Quiroz""",Walter D. Quiroz
R056 - Recortes periodisticos 1984_86.md,17 de octubre de 1985,,"""Disertación del doctor Walter D. Quiroz"".",Walter D. Quiroz
R056 - Recortes periodisticos 1984_86.md,08 de octubre de 1985,,"""Proyectos del nuevo intendente Eldo Aguilar"".",Eldo Aguilar
R056 - Recortes periodisticos 1984_86.md,04 de octubre de 1985,,"""Conferencia de Roberto Espina"".",Roberto Espina
R056 - Recortes periodisticos 1984_86.md,04 de octubre de 1985,,"""Proyectos del nuevo intendente Carlos Dolberg""..",Carlos Dolberg
R056 - Recortes periodisticos 1984_86.md,03 de octubre de 1985,,"""Los candidatos a intendente de Resistencia en El Fogón"".",El Fogón de los Arrieros
R056 - Recortes periodisticos 1984_86.md,03 de octubre de 1985,,"""Intendente al Fogón"".",El Fogón de los Arrieros
R056 - Recortes periodisticos 1984_86.md,30 de septiembre de 1985,,"""Participación de fallecimiento de Marta Lynch"".",Marta Lynch
R056 - Recortes periodisticos 1984_86.md,24 de septiembre de 1985,,"""Roberto Galicer expone desde hoy en Bellas Artes"".","Roberto Galicer, Bellas Artes"
R056 - Recortes periodisticos 1984_86.md,10 de septiembre de 1985,,"""El fogón de los Arrieros: Feria de libros y discos"".",El Fogón de los Arrieros
R056 - Recortes periodisticos 1984_86.md,10 de septiembre de 1985,,"""Feria de libros y discos en El Fogón de los Arrieros"".",El Fogón de los Arrieros
R056 - Recortes periodisticos 1984_86.md,05 de septiembre de 1985,,"""Saúl Yurkievich hoy en El Fogón de los Arrieros"".","Saúl Yurkievich, El Fogón de los Arrieros"
R056 - Recortes periodisticos 1984_86.md,05 de septiembre de 1985,,"""Saúl Yurkievich en El Fogón"".","Saúl Yurkievich, El Fogón de los Arrieros"
R056 - Recortes periodisticos 1984_86.md,03 de septiembre de 1985,,"""El Fogón de los Arrieros""",El Fogón de los Arrieros
R056 - Recortes periodisticos 1984_86.md,02 de septiembre de 1985,,"""A 6 años de la muerte de Aldo Boglietti"".",Aldo Boglietti
R056 - Recortes periodisticos 1984_86.md,02 de septiembre de 1985,,"""Saúl Yurkievich en El Fogón"".","Saúl Yurkievich, El Fogón de los Arrieros"
R056 - Recortes periodisticos 1984_86.md,02 de septiembre de 1985,,"""Dr. Saúl Yurkievich en El Fogón"".","Saúl Yurkievich, El Fogón de los Arrieros"
R056 - Recortes periodisticos 1984_86.md,01 de septiembre de 1985,,"""Aldo Boglietti a los 6 años de su alejamiento"".",Aldo Boglietti
R056 - Recortes periodisticos 1984_86.md,01 de septiembre de 1985,,"""El Fogón de los Arrieros""",El Fogón de los Arrieros
R056 - Recortes periodisticos 1984_86.md,01 de septiembre de 1985,,"""Cristaldo - Cerruti""","Cristaldo, Cerruti"
R056 - Recortes periodisticos 1984_86.md,Sin fecha,,"""Cristaldo - Cerruti"".","Cristaldo, Cerruti"
R056 - Recortes periodisticos 1984_86.md,24 de agosto de 1985,,"""Participación de Fallecimiento de Sassoli Oscar F. E.""",Oscar F. E. Sassoli
R056 - Recortes periodisticos 1984_86.md,13 de agosto de 1985,,"""Conferencia En El Fogón de los Arrieros"".",El Fogón de los Arrieros
R056 - Recortes periodisticos 1984_86.md,10 de agosto de 1985,,"""Conferencia en El Fogón de los Arrieros"".",El Fogón de los Arrieros
R056 - Recortes periodisticos 1984_86.md,06 de agosto de 1985,,"""Hector Di Mauro en El Fogón""","Hector Di Mauro, El Fogón de los Arrieros"
R056 - Recortes periodisticos 1984_86.md,31 de julio de 1985,,"""Yolanda de Elizondo: Han pasado 4 años y su ejemplo perdura"".",Yolanda de Elizondo
R056 - Recortes periodisticos 1984_86.md,21 de julio de 1985,,"""Norberto Pagano en El Fogón""","Norberto Pagano, El Fogón de los Arrieros"
R056 - Recortes periodisticos 1984_86.md,21 de julio de 1985,,"""Pagano: en El Fogón""..","Norberto Pagano, El Fogón de los Arrieros"
R056 - Recortes periodisticos 1984_86.md,19 de julio de 1985,,"""Norberto Pagano en El Fogón de los Arrieros"".","Norberto Pagano, El Fogón de los Arrieros"
R056 - Recortes periodisticos 1984_86.md,17 de julio de 1985,,"""Los nuevos poemas de Borges""..",Jorge Luis Borges
R056 - Recortes periodisticos 1984_86.md,17 de julio de 1985,,"""Cine francés en El Fogón"".",El Fogón de los Arrieros
R056 - Recortes periodisticos 1984_86.md,26 de junio de 1985,,"""Homenaje esta noche en El Fogón de los Arrieros"".",El Fogón de los Arrieros
R056 - Recortes periodisticos 1984_86.md,26 de junio de 1985,,"""Panel sobre Gardel"".",Carlos Gardel
R056 - Recortes periodisticos 1984_86.md,24 de junio de 1985,,"""Evocaron a Carlos Gardel en El Fogón de los Arrieros"".","Carlos Gardel, El Fogón de los Arrieros"
R056 - Recortes periodisticos 1984_86.md,24 de junio de 1985,,"""Panel tanguero en El Fogón""..",El Fogón de los Arrieros
R056 - Recortes periodisticos 1984_86.md,22 de junio de 1985,,"""Efraín Boglietti, impulsor de un Museo a cielo abierto"".",Efraín Boglietti
R056 - Recortes periodisticos 1984_86.md,21 de junio de 1985,,"""Suarez Aboy en El Fogón"".","Suarez Aboy, El Fogón de los Arrieros"
R056 - Recortes periodisticos 1984_86.md,20 de junio de 1985,,"""Expondrán esculturas en el Museo de Bellas Artes""",Museo de Bellas Artes
R056 - Recortes periodisticos 1984_86.md,19 de junio de 1985,,"""Nestor Suarez Aboy, en El Fogón"".","Nestor Suarez Aboy, El Fogón de los Arrieros"
R056 - Recortes periodisticos 1984_86.md,18 de junio de 1985,,"""Nestor Suarez Aboy el viernes en El Fogón de los Arrieros"".","Nestor Suarez Aboy, El Fogón de los Arrieros"
R056 - Recortes periodisticos 1984_86.md,11 de junio de 1985,,"""Video en El Fogón"".",El Fogón de los Arrieros
R056 - Recortes periodisticos 1984_86.md,Sin fecha,,"""Disertará hoy Nestor Suarez Aboy en El Fogón de los Arrieros""","Nestor Suarez Aboy, El Fogón de los Arrieros"
R056 - Recortes periodisticos 1984_86.md,31 de mayo de 1985,,"""Hoy García Saraví en El Fogón""","García Saraví, El Fogón de los Arrieros"
R056 - Recortes periodisticos 1984_86.md,29 de mayo de 1985,,"""García Saraví""..",García Saraví
R056 - Recortes periodisticos 1984_86.md,20 de mayo de 1985,,"""El Fogón de los Arrieros pidió respeto para las obras de arte"".",El Fogón de los Arrieros
R056 - Recortes periodisticos 1984_86.md,15 de mayo de 1985,,"""Exposición de COPROAR en la sala de Bellas Artes"".","COPROAR, Bellas Artes"
R056 - Recortes periodisticos 1984_86.md,09 de mayo de 1985,,"""Pepe Pepino en El Fogón de los Arrieros""",El Fogón de los Arrieros
R056 - Recortes periodisticos 1984_86.md,06 de mayo de 1985,,"""Pepe Pepino en El Fogón"".",El Fogón de los Arrieros
R056 - Recortes periodisticos 1984_86.md,05 de mayo de 1985,,"""Una pregunta sin respuesta: ¿Qué es El Fogón de los Arrieros?""..",El Fogón de los Arrieros
R056 - Recortes periodisticos 1984_86.md,30 de abril de 1985,,"""El Fogón de los Arrieros cita para hoy a llaves y amigos"".",El Fogón de los Arrieros
R056 - Recortes periodisticos 1984_86.md,27 de abril de 1985,,"""El Fogón""",El Fogón de los Arrieros
R056 - Recortes periodisticos 1984_86.md,27 de abril de 1985,,"""Fogón de los Arrieros"".",El Fogón de los Arrieros
R056 - Recortes periodisticos 1984_86.md,17 de abril de 1985,,"""Mempo Giardinelli, el viernes en El Fogón""","Mempo Giardinelli, El Fogón de los Arrieros"
R056 - Recortes periodisticos 1984_86.md,17 de abril de 1985,,"""Mempo Giardinelli en El Fogón""","Mempo Giardinelli, El Fogón de los Arrieros"
R056 - Recortes periodisticos 1984_86.md,04 de abril de 1985,,"""Félix Luna en El Fogón"".","Félix Luna, El Fogón de los Arrieros"
R056 - Recortes periodisticos 1984_86.md,03 de abril de 1985,,"""Félix Luna en El Fogón""","Félix Luna, El Fogón de los Arrieros"
R056 - Recortes periodisticos 1984_86.md,03 de abril de 1985,,"""Félix Luna mañana en El Fogón de los Arrieros""..","Félix Luna, El Fogón de los Arrieros"
R056 - Recortes periodisticos 1984_86.md,Sin fecha,,"""Homenaje a Aldo Boglietti"".",Aldo Boglietti
R056 - Recortes periodisticos 1984_86.md,31 de marzo de 1985,,"""El Fogón de los Arrieros inicia Temporada cultural "".",El Fogón de los Arrieros
R056 - Recortes periodisticos 1984_86.md,28 de marzo de 1985,,"""Félix Luna en El Fogón de los Arrieros"".","Félix Luna, El Fogón de los Arrieros"
R056 - Recortes periodisticos 1984_86.md,28 de marzo de 1985,,"""Félix Luna en El Fogón"".","Félix Luna, El Fogón de los Arrieros"
R056 - Recortes periodisticos 1984_86.md,13 de marzo de 1985,,"""Participación de fallecimiento de la Dra. Josefina Palacios Maglio lli""",Josefina Palacios Magliolli
R056 - Recortes periodisticos 1984_86.md,07 de marzo de 1985,,"""Participación de fallecimiento de Carlos Larreguy",Carlos Larreguy
R056 - Recortes periodisticos 1984_86.md,01 de febrero de 1985,,"""Participación de fallecimiento de Carlos Larreguy"".",Carlos Larreguy
R056 - Recortes periodisticos 1984_86.md,31 de enero de 1985,,"""Participación de fallecimiento de Carlos Larreguy""",Carlos Larreguy
R056 - Recortes periodisticos 1984_86.md,Sin fecha,,"""Participación de fallecimiento de Juan B. de Raedemaeker"".",Juan B. de Raedemaeker
R056 - Recortes periodisticos 1984_86.md,Sin fecha,,"""Participación de fallecimiento de Ricardo Gayol"".",Ricardo Gayol
R056 - Recortes periodisticos 1984_86.md,Sin fecha,,"""La designación de Fernández Navarro ciudadano ilustre"".",Fernández Navarro
R056 - Recortes periodisticos 1984_86.md,16 de diciembre de 1986,,"""Cena de Fin de año en El Fogón de los Arrieros"".",El Fogón de los Arrieros
R056 - Recortes periodisticos 1984_86.md,14 de diciembre de 1986,,"""Fogón"".",El Fogón de los Arrieros
R056 - Recortes periodisticos 1984_86.md,07 de diciembre de 1986,,"""Gómez Lollo y Fabriciano participarían de un concurso de escultura en Francia"".","Gómez Lollo, Fabriciano"
R056 - Recortes periodisticos 1984_86.md,06 de diciembre de 1986,,"""Ultimo vuelo de un pájaro audaz: El 7 de diciembre desapareció Jean Mermoz, un pionero de correo aéreo"".",Jean Mermoz
R056 - Recortes periodisticos 1984_86.md,12 de octubre de 1986,,"""Retrospectivas de Diego Rivera"".",Diego Rivera
R056 - Recortes periodisticos 1984_86.md,19 de septiembre de 1986,,"""Muestra de Pagano"".",Pagano
R056 - Recortes periodisticos 1984_86.md,19 de septiembre de 1986,,"""Conferencia en El Fogón"".",El Fogón de los Arrieros
R056 - Recortes periodisticos 1984_86.md,14 de septiembre de 1986,,"""Elbia Rosbasco de Marechal"".",Elbia Rosbasco de Marechal
R056 - Recortes periodisticos 1984_86.md,14 de septiembre de 1986,,"""Participación de fallecimiento de Ricardo Gayol"".",Ricardo Gayol
R056 - Recortes periodisticos 1984_86.md,10 de septiembre de 1986,,"""Conferencia en El Fogón"" sobre ""Investigaciones en sociología"" por la Prof. Inés Izaguirre.","Inés Izaguirre, El Fogón de los Arrieros"
R056 - Recortes periodisticos 1984_86.md,10 de septiembre de 1986,,"""Conferencia en El Fogón"" sobre ""Investigaciones en sociología"".",El Fogón de los Arrieros
R056 - Recortes periodisticos 1984_86.md,29 de agosto de 1986,,"""Iñigo Carrera en El Fogón de los Arrieros"".","Iñigo Carrera, El Fogón de los Arrieros"
R056 - Recortes periodisticos 1984_86.md,29 de agosto de 1986,,"""El Fogón de los Arrieros"".",El Fogón de los Arrieros
R056 - Recortes periodisticos 1984_86.md,25 de agosto de 1986,,"""Fogón de los Arrieros"".",El Fogón de los Arrieros
R056 - Recortes periodisticos 1984_86.md,25 de agosto de 1986,,"""Cayo el telón para Ben Amin Silberstein"".",Ben Amin Silberstein
R056 - Recortes periodisticos 1984_86.md,24 de agosto de 1986,,"""Participación de fallecimiento de Ben Amin Silberstein"".",Ben Amin Silberstein
R056 - Recortes periodisticos 1984_86.md,24 de agosto de 1986,,"""Celebrose el día del Fogón de los Arrieros"".",El Fogón de los Arrieros
R056 - Recortes periodisticos 1984_86.md,19 de agosto de 1986,,"""Se clausuro muestra de Juan de Dios Mena"".",Juan de Dios Mena
R056 - Recortes periodisticos 1984_86.md,19 de agosto de 1986,,"""Iñigo Carrera"".",Iñigo Carrera
R056 - Recortes periodisticos 1984_86.md,17 de agosto de 1986,,"""Conozca a Fabriciano Gómez. El artista, hombre y maestro"".",Fabriciano Gómez
R056 - Recortes periodisticos 1984_86.md,15 de agosto de 1986,,"""El escultor Fabriciano Gomez volvio a su Resistencia natal"".",Fabriciano Gomez
R056 - Recortes periodisticos 1984_86.md,13 de agosto de 1986,,"""Fabriciano regreso al Chaco con un premio internacional"".",Fabriciano
R056 - Recortes periodisticos 1984_86.md,07 de agosto de 1986,,"""La Sinfónica con piano y Barletta en El Fogón"".","Sinfónica, Barletta, El Fogón de los Arrieros"
R056 - Recortes periodisticos 1984_86.md,07 de agosto de 1986,,"""Publicidad de Temporada cultural 86 de Alejandro Barletta en El Fogón"".","Alejandro Barletta, El Fogón de los Arrieros"
R056 - Recortes periodisticos 1984_86.md,06 de agosto de 1986,,"""Alejandro Barletta en la UNNE y El Fogón"".","Alejandro Barletta, UNNE, El Fogón de los Arrieros"
R056 - Recortes periodisticos 1984_86.md,02 de agosto de 1986,,"""Alejandro Barletta actuara en El Fogón de los Arrieros"".","Alejandro Barletta, El Fogón de los Arrieros"
R056 - Recortes periodisticos 1984_86.md,02 de agosto de 1986,,"""Obras de Juan de Dios Mena"".",Juan de Dios Mena
R056 - Recortes periodisticos 1984_86.md,31 de julio de 1986,,"""Barletta en El Fogón"".","Barletta, El Fogón de los Arrieros"
R056 - Recortes periodisticos 1984_86.md,27 de julio de 1986,,"""Norberto Pagano: desde hace 12 años lo atrae la pintura al Chaco"".",Norberto Pagano
R056 - Recortes periodisticos 1984_86.md,23 de julio de 1986,,"""Norberto Pagano disertará en El Fogón de los Arrieros"".","Norberto Pagano, El Fogón de los Arrieros"
R056 - Recortes periodisticos 1984_86.md,22 de julio de 1986,,"""Juan de Dios Mena, escultor tallista representativo del arte autóctono"".",Juan de Dios Mena
R056 - Recortes periodisticos 1984_86.md,13 de julio de 1986,,"""Participación de Fallecimiento de Edmundo Guibourg"".",Edmundo Guibourg
R056 - Recortes periodisticos 1984_86.md,08 de julio de 1986,,"""Fabriciano: Laureado en cortina D'Ampezzo"".",Fabriciano
R056 - Recortes periodisticos 1984_86.md,07 de julio de 1986,,"""Juan de Dios Mena"".",Juan de Dios Mena
R056 - Recortes periodisticos 1984_86.md,05 de julio de 1986,,"""Juan de Dios Mena: la gracia de su expresionismo popular y caricaturezco"".",Juan de Dios Mena
R056 - Recortes periodisticos 1984_86.md,Sin fecha,,"""La ignorancia creadora Juan de Dios Mena"".",Juan de Dios Mena
R056 - Recortes periodisticos 1984_86.md,28 de junio de 1986,,"""Juan de Dios Mena. Comedia humana"".",Juan de Dios Mena
R056 - Recortes periodisticos 1984_86.md,25 de junio de 1986,,"""Exposición en homenaje a Juan de Dios Mena"".",Juan de Dios Mena
R056 - Recortes periodisticos 1984_86.md,24 de junio de 1986,,"""Inauguraron la muestra de Mena en Buenos Aires"".",Mena
R056 - Recortes periodisticos 1984_86.md,22 de junio de 1986,,"""El Fogón de los Arrieros y el Museo Augusto Schulz"".","El Fogón de los Arrieros, Museo Augusto Schulz"
R056 - Recortes periodisticos 1984_86.md,20 de junio de 1986,,"""Exposición de Mena en Buenos Aires"".",Mena
R056 - Recortes periodisticos 1984_86.md,20 de junio de 1986,,"""Tallas de Mena en Buenos Aires"".",Mena
R056 - Recortes periodisticos 1984_86.md,16 de junio de 1986,,"""Participación de Fallecimiento de Jorge Luis Borges"".",Jorge Luis Borges
R056 - Recortes periodisticos 1984_86.md,10 de junio de 1986,,"""Feria del Fogón: venta de libros y textos"".",El Fogón de los Arrieros
R056 - Recortes periodisticos 1984_86.md,07 de junio de 1986,,"""Feria del Fogón: venta de cuadros"".",El Fogón de los Arrieros
R056 - Recortes periodisticos 1984_86.md,06 de junio de 1986,,"""Feria del Fogón: venta de cuadros"".",El Fogón de los Arrieros
R056 - Recortes periodisticos 1984_86.md,04 de junio de 1986,,"""Maurice Elbaz"".",Maurice Elbaz
R056 - Recortes periodisticos 1984_86.md,01 de junio de 1986,,"""Maurice Elbaz en El Fogón"".","Maurice Elbaz, El Fogón de los Arrieros"
R056 - Recortes periodisticos 1984_86.md,11 de mayo de 1986,,"""Moisés L. Penchansky, una lúcida madurez"".",Moisés L. Penchansky
R056 - Recortes periodisticos 1984_86.md,10 de mayo de 1986,,"""Participación de Fallecimiento de Blanca Gerchunoff"".",Blanca Gerchunoff
R056 - Recortes periodisticos 1984_86.md,27 de abril de 1986,,"""Ben Amin Silberstein, un chaqueño trotamundo. Puso un millón de dólares para filmar una película por que ama la libertad"".",Ben Amin Silberstein
R056 - Recortes periodisticos 1984_86.md,27 de abril de 1986,,"""Ha muerto Gerardo Pisarello, escritor argentino"".",Gerardo Pisarello
R056 - Recortes periodisticos 1984_86.md,27 de abril de 1986,,"""Carta póstuma a Gerardo Pisarello"".",Gerardo Pisarello
R056 - Recortes periodisticos 1984_86.md,20 de abril de 1986,,"""Fernando, un perro de verdad"".",Perro Fernando
R056 - Recortes periodisticos 1984_86.md,20 de abril de 1986,,"""Alfredo Santiago Pértile. El pintor del Chaco"".",Alfredo Santiago Pértile
R056 - Recortes periodisticos 1984_86.md,20 de abril de 1986,,"""El Fogón de los Arrieros de Resistencia (Chaco). Una puerta abierta a las inquietudes"".",El Fogón de los Arrieros
R056 - Recortes periodisticos 1984_86.md,19 de abril de 1986,,"""Participación de Fallecimiento de Esteban Rondanina"".",Esteban Rondanina
R056 - Recortes periodisticos 1984_86.md,16 de abril de 1986,,"""El Intendente Piccilli recibió al escritos Hugo Dittaranto"".","Hernán Piccilli, Hugo Dittaranto"
R056 - Recortes periodisticos 1984_86.md,11 de abril de 1986,,"""Dittaranto presenta su libro hoy en El Fogón"".","Hugo Dittaranto, El Fogón de los Arrieros"
R056 - Recortes periodisticos 1984_86.md,10 de abril de 1986,,"""Se presentará en El Fogón el libro de Dittaranto"".","Hugo Dittaranto, El Fogón de los Arrieros"
R056 - Recortes periodisticos 1984_86.md,09 de abril de 1986,,"""Hugo Dittaranto en El Fogón de los Arrieros"".","Hugo Dittaranto, El Fogón de los Arrieros"
R056 - Recortes periodisticos 1984_86.md,03 de abril de 1986,,"""Temporada cultural en El Fogón de los Arrieros"".",El Fogón de los Arrieros
R056 - Recortes periodisticos 1984_86.md,30 de marzo de 1986,,"""Fernando dictaminaba sobre boleros"".",Perro Fernando
R056 - Recortes periodisticos 1984_86.md,22 de marzo de 1986,,"""Participación de fallecimiento de Flora Nudelman"".",Flora Nudelman
R056 - Recortes periodisticos 1984_86.md,21 de marzo de 1986,,"""Un poeta porteño escribió la vida de Fernando, un perro de verdad"".",Perro Fernando
R056 - Recortes periodisticos 1984_86.md,16 de marzo de 1986,,"""Dos pioneros del transporte aéreo: Aldo y Efraín Boglietti y el Macchi-Castoldi"".","Aldo Boglietti, Efraín Boglietti"
R056 - Recortes periodisticos 1984_86.md,02 de marzo de 1986,,"""Un libro de Hugo Ditaranto: Fernando, un perro de verdad"".","Hugo Ditaranto, Perro Fernando"
R056 - Recortes periodisticos 1984_86.md,01 de marzo de 1986,,"""Participación de fallecimiento de Elizabeth Coupe de Neal"".",Elizabeth Coupe de Neal
R056 - Recortes periodisticos 1984_86.md,26 de febrero de 1986,,"""Participación de fallecimiento de Carlos Delbue"".",Carlos Delbue
R056 - Recortes periodisticos 1984_86.md,02 de febrero de 1986,,"""Oscar Sanchez. El mural no es un cuadro grande"".",Oscar Sanchez
R056 - Recortes periodisticos 1984_86.md,26 de enero de 1986,,"""Un mito, una leyenda: Fernando, el perro amigo de Resistencia"".",Perro Fernando
R056 - Recortes periodisticos 1984_86.md,26 de enero de 1986,,"""Orlando Eloy Cuesta, un luchador de la escultura"".",Orlando Eloy Cuesta
R056 - Recortes periodisticos 1984_86.md,19 de enero de 1986,,"""Un mito, una leyenda: Fernando, el perro amigo de Resistencia"".",Perro Fernando
R056 - Recortes periodisticos 1984_86.md,12 de enero de 1986,,"""Horacio Mascheroni, su labor creadora y la ciudad"".",Horacio Mascheroni
R056 - Recortes periodisticos 1984_86.md,12 de enero de 1986,,"""Un mito, una leyenda: Fernando, el perro amigo de Resistencia"".",Perro Fernando
R056 - Recortes periodisticos 1984_86.md,05 de enero de 1986,,"""Fueron inhumados los resto del Arquitecto Mascheroni"".",Horacio Mascheroni
R056 - Recortes periodisticos 1984_86.md,04 de enero de 1986,,"""Participación de Fallecimiento de Horacio Mascheroni"".",Horacio Mascheroni
R056 - Recortes periodisticos 1984_86.md,04 de enero de 1986,,"""Falleció ayer el Arquitecto Humberto Horacio Mascheroni"".",Humberto Horacio Mascheroni
R055 - Recortes periodisticos 1987_90.md,12 de julio de 1987,Norte,Conferencia sobre función y vigencia de la Constitución Provincial.
R055 - Recortes periodisticos 1987_90.md,08 de julio de 1987,Norte,Invitación a la ciudadanía a un brindis con motivo de fecha patria.
R055 - Recortes periodisticos 1987_90.md,28 de junio de 1987,Norte,Reflexión acerca de los poetas y críticos del arte.
R055 - Recortes periodisticos 1987_90.md,02 de febrero de 1987,Norte,Colonización del Chaco.
R055 - Recortes periodisticos 1987_90.md,02 de febrero de 1987,Norte,Conmemoración de la colonización del Chaco.
R055 - Recortes periodisticos 1987_90.md,18 de enero de 1987,Norte,Abandono y deterioro de las obras de arte públicas.
R055 - Recortes periodisticos 1987_90.md,03 de octubre de 1988,,"Premio Lote 1988 a Boglietti, Efrain.","Boglietti, Efrain"
R055 - Recortes periodisticos 1987_90.md,17 de diciembre de 1989,,"Proyecto sobre ""Fiesta de la poesía"".","Givré, Alfredo"
R055 - Recortes periodisticos 1987_90.md,30 de julio de 1989,Norte,Primer Curso Integral de Cultura Chaqueña.
R055 - Recortes periodisticos 1987_90.md,09 de julio de 1989,La Nación,II Concurso Nacional de Escultura en Madera.
R055 - Recortes periodisticos 1987_90.md,06 de abril de 1989,Norte,"Disertación sobre ""Destrucción de la sociedad estamental: primer objetivo implícito de la Revolución Francesa, 1789- 1792""."
R055 - Recortes periodisticos 1987_90.md,11 de noviembre de 1990,,"Agencia de Turismo ""Chacotur Viajes"" S.R.L.",Chacotur Viajes S.R.L.
R055 - Recortes periodisticos 1987_90.md,09 de octubre de 1990,Norte,"Charla sobre ""Experiencias personales de pacientes con S.I.D.A. en una Unidad de Terapia Intensiva""."
R055 - Recortes periodisticos 1987_90.md,18 de julio de 1990,,Noche de tango en el Fogón.,"Di Luzzio, Mimi; Moscatelli; Fogón de los Arrieros"
R055 - Recortes periodisticos 1987_90.md,07 de julio de 1990,,Recital de blues y rock en el Fogón.,"""Corrientes Rhythm- and Blues"", Fogón de los Arrieros"
R055 - Recortes periodisticos 1987_90.md,23 de mayo de 1990,Norte,"Paneles-debates sobre ""Reforma de la Constitución Provincial"
R055 - Recortes periodisticos 1987_90.md,16 de mayo de 1990,Norte,"Panel-debate sobre ""Educación sexual""."
R055 - Recortes periodisticos 1987_90.md,13 de mayo de 1990,,Noche de tango en el Fogón.,"Di Luzzio, Mimi; Maffei; Moscatelli; Fogón de los Arrieros"
R165 - Recortes periodisticos 1964_66.md,1966 14 de febrero,,"Nota sobre el Fogón: comentarios de Aldo Boglietti, Mons. Bolatti, Carlos Dalla Fontana, Sra. Chaquires de Palacios (Dra. de Cultura), Carlos Dardane (Arquitecto) y Guido Miranda","Aldo Boglietti, Mons. Bolatti, Carlos Dalla Fontana, Sra. Chaquires de Palacios, Carlos Dardane, Guido Miranda"
R165 - Recortes periodisticos 1964_66.md,1966 4 de marzo,,"Julio Vanzo (pintor), dirige movilización de artistas en Cruzada Solidaria",Julio Vanzo
R165 - Recortes periodisticos 1964_66.md,1966 30 de marzo,,Inauguración de Temporada Cultural del Fogón. Invitado especial: Córdova Iturburu,"El Fogón de los Arrieros, Córdova Iturburu"
R165 - Recortes periodisticos 1964_66.md,1966 4 de abril,,"Conferencia de Córdova Iturburu, crítico y escritor, sobre obra escultórica y poética de Juan de Dios Mena","Córdova Iturburu, Juan de Dios Mena"
R165 - Recortes periodisticos 1964_66.md,1966 11 de mayo,,Conferencia del Profesor Oscar Tacca. Trayectoria del personaje en la novela contemporánea,Oscar Tacca
R165 - Recortes periodisticos 1964_66.md,1966 23 de mayo,,Homenaje anónimo a Albert Einstein,Albert Einstein
R165 - Recortes periodisticos 1964_66.md,1966 20 de mayo,,"Conferencia de Bernard Lelong, incluye su biografía",Bernard Lelong
R165 - Recortes periodisticos 1964_66.md,1966 5 de julio,,Exhibición de cortometrajes en el Fogón,El Fogón de los Arrieros
R165 - Recortes periodisticos 1964_66.md,1966 5 de julio,,Conferencia del Dr. Carlos Vargas Genes,Carlos Vargas Genes
R165 - Recortes periodisticos 1964_66.md,1966 7 de julio,,"Acto en el Fogón, en adhesión al Sesquicentenario de la Independencia",El Fogón de los Arrieros
R165 - Recortes periodisticos 1964_66.md,1966 3 de julio,,"Proyección de filmes cortos en el Fogón, con la presencia de Adelquis Camusso - Director del Instituto de Cinematografía de la Universidad Nacional del Litoral","Adelquis Camusso, Instituto de Cinematografía de la Universidad Nacional del Litoral"
R165 - Recortes periodisticos 1964_66.md,1966 18 de julio,,"Conferencia sobre Folklore, de Armando Nuñes",Armando Nuñes
R165 - Recortes periodisticos 1964_66.md,1966 19 de julio,,"Visita a Resistencia de A. Nuñes, Becario del Fondo Nacional de Artes. Conferencia en el Fogón","Armando Nuñes, Fondo Nacional de las Artes"
R165 - Recortes periodisticos 1964_66.md,1966 4 de agosto,,Presentación del nuevo libro de Guido Miranda,Guido Miranda
R165 - Recortes periodisticos 1964_66.md,1966 7 de agosto,,"""Cocktail Party"". Fotografía de escena en el Fogón",El Fogón de los Arrieros
R165 - Recortes periodisticos 1964_66.md,1966 8-10 de agosto,,"Presentación del libro ""Al Norte del Paralelo 28"". De Guido Miranda",Guido Miranda
R165 - Recortes periodisticos 1964_66.md,1966 agosto,,Invitación a cena con motivo de inauguración: LT 81 Canal 9. Realizado en el Fogón,"LT 81 Canal 9, El Fogón de los Arrieros"
R165 - Recortes periodisticos 1964_66.md,1966 21 de agosto,,Homenaje al Perro Fernando en las puertas del Fogón,"Perro Fernando, El Fogón de los Arrieros"
R165 - Recortes periodisticos 1964_66.md,1966 agosto,,Presentación del libro de Guido Miranda. Al margen del libro,Guido Miranda
R165 - Recortes periodisticos 1964_66.md,1966 agosto,,Campaña de Catastro - de grupo sanguíneo - en el Fogón,El Fogón de los Arrieros
R165 - Recortes periodisticos 1964_66.md,1966 28 de septiembre,,Homenaje a Jean Mermoz. Visita del Comandante René Fernández,"Jean Mermoz, René Fernández"
R165 - Recortes periodisticos 1964_66.md,1966 30 de septiembre,,"Homenaje a Jean Mermoz, al cumplirse 30 años de su fallecimiento",Jean Mermoz
R165 - Recortes periodisticos 1964_66.md,1966 6 de septiembre,,"Encuentro del Comandante del Jet ""Caravelle"", René Fernández; con Aldo Boglietti","René Fernández, Aldo Boglietti"
R165 - Recortes periodisticos 1964_66.md,1966 9 de septiembre,,"Homenaje al Perro Fernando, por parte del presidente de Industrias Kaiser, Sr. Mc Cloud y su esposa","Perro Fernando, Sr. Mc Cloud, Industrias Kaiser"
R165 - Recortes periodisticos 1964_66.md,1966 9-11 de septiembre,,Nota sobre próxima llegada de Emilio Pettoruti a Resistencia,Emilio Pettoruti
R165 - Recortes periodisticos 1964_66.md,1966 13 de septiembre,,Homenaje a Jean Mermoz en el Fogón,"Jean Mermoz, El Fogón de los Arrieros"
R165 - Recortes periodisticos 1964_66.md,1966 14-15 de septiembre,,Llegada de Emilio Pettoruti a Resistencia,Emilio Pettoruti
R165 - Recortes periodisticos 1964_66.md,1966 16 de septiembre,,Visita de Pettoruti y Sra. a Mural de Casa de Gobierno,Emilio Pettoruti
R165 - Recortes periodisticos 1964_66.md,1966 18 de septiembre,,Visita de Emilio Pettoruti al Fogón de los Arrieros,"Emilio Pettoruti, El Fogón de los Arrieros"
R165 - Recortes periodisticos 1964_66.md,1966 28-30 de septiembre,,Visita del Dr. Paul Verdevoye al Fogón de los Arrieros,"Paul Verdevoye, El Fogón de los Arrieros"
R165 - Recortes periodisticos 1964_66.md,1966 1 de octubre,,"Homenaje a Sarmiento en el Fogón, por parte de Verdevoye, catedrático francés","Sarmiento, Paul Verdevoye, El Fogón de los Arrieros"
R165 - Recortes periodisticos 1964_66.md,1966 22 de octubre,,Homenaje a Pablo Rojas Paz,Pablo Rojas Paz
R165 - Recortes periodisticos 1964_66.md,1966 23 de octubre,,Visita del pintor Emilio Pettoruti a Resistencia. Fotografía con Aldo Boglietti en Casa de Gobierno. Agasajo en el Fogón,"Emilio Pettoruti, Aldo Boglietti, El Fogón de los Arrieros"
R165 - Recortes periodisticos 1964_66.md,1966 26 de octubre,,"Presentación del disco ""Los Caudillos"" de Ariel Ramírez y Félix Luna","Ariel Ramírez, Félix Luna"
R165 - Recortes periodisticos 1964_66.md,1966 9 de noviembre,,"Conferencia sobre Temas Espaciales, a cargo de Raúl Monti, Comandante de Aeronáutica; en el Fogón","Raúl Monti, El Fogón de los Arrieros"
R165 - Recortes periodisticos 1964_66.md,1966 9 de noviembre,,"Exposición de pinturas de Eddie Torre, en el Fogón","Eddie Torre, El Fogón de los Arrieros"
R165 - Recortes periodisticos 1964_66.md,1966 18 de noviembre,,"Actuación musical del conjunto ""Trío de Tango"", compuesto por Juan Carlos Cedrón, César Stroscio y Praino, en el Fogón","Trío de Tango, Juan Carlos Cedrón, César Stroscio, Praino, El Fogón de los Arrieros"
R165 - Recortes periodisticos 1964_66.md,1966 24 de noviembre,,"Conferencia de Hilda Torres Varela en el Museo Municipal de Artes Visuales, sobre ""Vida y Obra de Juan de Dios Mena""","Hilda Torres Varela, Juan de Dios Mena, Museo Municipal de Artes Visuales"
R165 - Recortes periodisticos 1964_66.md,1966 25 de noviembre,,"Exposición de obras de Juan de Dios Mena, en su Homenaje",Juan de Dios Mena
R165 - Recortes periodisticos 1964_66.md,1966 26 de noviembre,,Homenaje a Mena en Santa Fe. Exposición de Tallas en el Museo de Artes Visuales y Conferencias,"Juan de Dios Mena, Museo de Artes Visuales (Santa Fe)"
R165 - Recortes periodisticos 1964_66.md,1966 4 de diciembre,,"Exposición de Tallas de Juan de Dios Mena, en Santa Fe. Nota de Arte sobre tallas expuestas de Mena",Juan de Dios Mena
R165 - Recortes periodisticos 1964_66.md,1966 14 de diciembre,,"Despedida de solteros en el Fogón: Alemis, Colombo","Alemis, Colombo, El Fogón de los Arrieros"
R165 - Recortes periodisticos 1964_66.md,1966 22 de diciembre,,"Cierre de Actividades Culturales del Fogón. Presentación del libro: ""La Enlutada"", de Iverna Codina","El Fogón de los Arrieros, Iverna Codina"
R165 - Recortes periodisticos 1964_66.md,1966 23 de diciembre,,Clausura de Temporada del Fogón de los Arrieros,El Fogón de los Arrieros
R165 - Recortes periodisticos 1964_66.md,1965 19 de enero,,"Nota de exposición plástica de Vicente Forte, en la agencia de Aerolíneas Argentinas. La muestra se denomina: ""Pájaros de América""","Vicente Forte, Aerolíneas Argentinas"
R165 - Recortes periodisticos 1964_66.md,1965 21 de enero,,Conferencia de Gregorio Weinberg; profesor de Historia de la Cultura en la Facultad de Filosofía y Letras de la U.B.A.,"Gregorio Weinberg, Facultad de Filosofía y Letras de la U.B.A."
R165 - Recortes periodisticos 1964_66.md,1965 21 de enero,,"Festejos al finalizar obras de superficie del Aeropuerto Internacional Resistencia. Bendición del Jet Caravelle: ""Antares"" con el madrinazgo de la Sra. María Urdapilleta de Boglietti","Aeropuerto Internacional Resistencia, María Urdapilleta de Boglietti"
R165 - Recortes periodisticos 1964_66.md,1965 enero,,"Nota a la Sra. Hilda Torres Varela, delegada provincial del Fondo Nacional de las Artes","Hilda Torres Varela, Fondo Nacional de las Artes"
R165 - Recortes periodisticos 1964_66.md,1965 5 de febrero,,"Proyección de la película ""Alias Gardelito"" en el Fogón",El Fogón de los Arrieros
R165 - Recortes periodisticos 1964_66.md,1965 10 de marzo,,"Inauguración de la exposición de Juan de Dios Mena, en la sede del A.C.A. en Buenos Aires","Juan de Dios Mena, A.C.A. (Automóvil Club Argentino)"
R165 - Recortes periodisticos 1964_66.md,1965 11 de marzo,,"Exposición del plástico Eddie Torre, en el Fogón","Eddie Torre, El Fogón de los Arrieros"
R165 - Recortes periodisticos 1964_66.md,1965 2 de abril,,Actividades del Fogón con respecto a la muestra de Mena,"El Fogón de los Arrieros, Juan de Dios Mena"
R165 - Recortes periodisticos 1964_66.md,1965 4 de abril,,"Inauguración de la muestra de Tallas, realizadas por Juan de Dios Mena. Ciclo Cultural del A.C.A. con el auspicio del Fondo Nacional de Artes. Palabras de César Carman y Córdova Iturburu","Juan de Dios Mena, A.C.A., Fondo Nacional de las Artes, César Carman, Córdova Iturburu"
R165 - Recortes periodisticos 1964_66.md,1965 5 de abril,,Inauguración de la muestra de tallas en la Capital Federal. Palabras a cargo de Alfredo Veiravé y el dr. Luis Govi. Con asistencia del Vicepresidente Carlos I. Perette y artistas,"Alfredo Veiravé, Luis Govi, Carlos I. Perette, Ubaldo Martínez, Pedro Quartucci, Conjunto Huaca-Kua, Los Paranaeros"
R165 - Recortes periodisticos 1964_66.md,1965 17 de abril,,"Nota sobre la muestra de tallas de Mena. Exhibición de obras plásticas de Osvaldo Venturi, Susana de Muro y Otilia Saravia","Juan de Dios Mena, Osvaldo Venturi, Susana de Muro, Otilia Saravia"
R165 - Recortes periodisticos 1964_66.md,1965 18 de abril,,"Nota sobre Calabria (Italia). Invitación para Conferencia de Bernard Lelong en el Fogón sobre ""Le Quartier Latin""","Bernard Lelong, El Fogón de los Arrieros"
R165 - Recortes periodisticos 1964_66.md,1965 21 de abril,,Nota sobre la Muestra de Juan de Dios Mena en Santa Fe,Juan de Dios Mena
R165 - Recortes periodisticos 1964_66.md,1965 24 de abril,,Cine Técnico en el Fogón,El Fogón de los Arrieros
R165 - Recortes periodisticos 1964_66.md,1965 30 de abril,,Nota sobre el avión Caravelle y la nueva pista del Aeropuerto Internacional de Resistencia. Homenaje al piloto Guillermo Hillcoat. Almuerzo en el Fogón,"Guillermo Hillcoat, El Fogón de los Arrieros, Aeropuerto de Resistencia"
R165 - Recortes periodisticos 1964_66.md,1965 8 de mayo,,"Homenaje en el Fogón al Dr. Alfredo Palacios. Disertación de Edgardo Rossi, Nasario Maderna, Oscar Tacca e Hilda Torres Varela","Alfredo Palacios, Edgardo Rossi, Nasario Maderna, Oscar Tacca, Hilda Torres Varela, El Fogón de los Arrieros"
R165 - Recortes periodisticos 1964_66.md,1965 9-10 de mayo,,"Conferencia del poeta Gustavo García Saraví, en el Fogón. Tema: ""El Tango y la Poesía Culta""","Gustavo García Saraví, El Fogón de los Arrieros"
R165 - Recortes periodisticos 1964_66.md,1965 11 de mayo,,Visita de García Saraví al Fogón,"Gustavo García Saraví, El Fogón de los Arrieros"
R165 - Recortes periodisticos 1964_66.md,1965 18 de mayo,,Nota sobre la iniciativa del Fogón en la limpieza de la ciudad y la implantación de césped,El Fogón de los Arrieros
R165 - Recortes periodisticos 1964_66.md,1965 mayo,,Programa de A.M.A. Jornadas Argentinas de Cancerología,A.M.A.
R165 - Recortes periodisticos 1964_66.md,1965 28 de mayo,,"Inauguración de un Mural del escultor Eddie Torre, en el Fogón","Eddie Torre, El Fogón de los Arrieros"
R165 - Recortes periodisticos 1964_66.md,1965 4 de junio,,"Teatro en Fogón: interpretación del poema Fausto, de Estanislao del Campo. Actuación de José Osuna Roa","José Osuna Roa, Estanislao del Campo, El Fogón de los Arrieros"
R165 - Recortes periodisticos 1964_66.md,1965 9 de junio,,"Espectáculo Audiovisual en el Fogón, preparado por el Departamento de Publicidad de Aerolíneas Argentinas","Aerolíneas Argentinas, El Fogón de los Arrieros"
R165 - Recortes periodisticos 1964_66.md,1965 14 de junio,,"Programa de actos del Fogón. Próxima visita de Jorge Luis Borges, Silvia Poletti, Disertación de Fryda Schultz de Mantovani","Jorge Luis Borges, Silvia Poletti, Fryda Schultz de Mantovani, El Fogón de los Arrieros"
R165 - Recortes periodisticos 1964_66.md,1965 18 de junio,,"Actuación de Dora Andreau, pianista; en los salones del Club Social","Dora Andreau, Club Social"
R165 - Recortes periodisticos 1964_66.md,1965 22 de junio,,Concierto de Dora Andreau en el Fogón,"Dora Andreau, El Fogón de los Arrieros"
R165 - Recortes periodisticos 1964_66.md,1965 23 de junio,,"Inauguración del Mural de Eddie Torre, realizado en el Fogón","Eddie Torre, El Fogón de los Arrieros"
R165 - Recortes periodisticos 1964_66.md,1965 27 de junio,,"Homenaje al escultor Carlos Schenone, al cumplirse el segundo aniversario de su muerte",Carlos Schenone
R165 - Recortes periodisticos 1964_66.md,1965 20 de septiembre,,Conferencia del Dr. Dana Montaño en el Fogón,"Dana Montaño, El Fogón de los Arrieros"
R165 - Recortes periodisticos 1964_66.md,1965 21 de septiembre,,"""El Deber de los Intelectuales"". Dr. Dana Montaño",Dana Montaño
R165 - Recortes periodisticos 1964_66.md,1965 13 de octubre,,"Conferencia del Dr. Raúl E. Elys, especialista de la Universidad de Rutgers","Raúl E. Elys, Universidad de Rutgers"
R165 - Recortes periodisticos 1964_66.md,1965 13 de octubre,,Conferencia del Prefecto de la cárcel: Horacio Blanco; en el Fogón. Tema: la Delincuencia,"Horacio Blanco, El Fogón de los Arrieros"
R165 - Recortes periodisticos 1964_66.md,1965 23 de octubre,,"Conferencia en la Facultad de Humanidades y en el Fogón del agregado Cultural de Estados Unidos, Dr. John T. Reid","John T. Reid, Facultad de Humanidades, El Fogón de los Arrieros"
R165 - Recortes periodisticos 1964_66.md,1965 24 de octubre,,"Conferencia del Dr. Pedro David, sociólogo; en el Fogón. Tema: ""La vida universitaria en los Estados Unidos""","Pedro David, El Fogón de los Arrieros"
R165 - Recortes periodisticos 1964_66.md,1965 27 de octubre,,"Conferencia del Dr. Luis Cáceres, presidente de la Comisión Túnel Subfluvial entre Paraná y Santa Fe","Luis Cáceres, Comisión Túnel Subfluvial"
R165 - Recortes periodisticos 1964_66.md,1965 8 de noviembre,,"Homenaje en el Fogón a: Ezequiel Martínez Estrada. Aniversario de su muerte. Disertación de Oscar Tacca, Guido Miranda y Alfredo Veiravé","Ezequiel Martínez Estrada, Oscar Tacca, Guido Miranda, Alfredo Veiravé, El Fogón de los Arrieros"
R165 - Recortes periodisticos 1964_66.md,1965 8 de noviembre,,Conferencia dictada en el Fogón por el Dr. Luis Cáceres,"Luis Cáceres, El Fogón de los Arrieros"
R165 - Recortes periodisticos 1964_66.md,1965 9 de noviembre,,"Conferencia de José M. Cigüela. Tema: ""Aislamiento y Comunidad""",José M. Cigüela
R165 - Recortes periodisticos 1964_66.md,1965 12 de noviembre,,"Homenaje a Ezequiel Martínez Estrada, en el Fogón","Ezequiel Martínez Estrada, El Fogón de los Arrieros"
R165 - Recortes periodisticos 1964_66.md,1965 14 de noviembre,,"Homenaje a Martínez Estrada. El Prof. Tacca desarrolló el tema: ""El Mundo de Balzac en Martínez Estrada""","Oscar Tacca, Ezequiel Martínez Estrada"
R165 - Recortes periodisticos 1964_66.md,1965 19 de noviembre,,"Actuación del folklorista Hugo Díaz, en el Fogón","Hugo Díaz, El Fogón de los Arrieros"
R165 - Recortes periodisticos 1964_66.md,1965 23 de noviembre,,"Reportaje a Horacio Rivera Sosa, presidente de la Asociación Argentina de Escritores- S.A.D.E.","Horacio Rivera Sosa, S.A.D.E."
R165 - Recortes periodisticos 1964_66.md,1965 26-27 de noviembre,,"Conferencia de Guido Miranda en el Fogón. Tema: ""Bergallo, cronista del paisaje chaqueño""","Guido Miranda, Bergallo, El Fogón de los Arrieros"
R165 - Recortes periodisticos 1964_66.md,1965 9 de diciembre,,Clausura de la Temporada del Fogón de los Arrieros,El Fogón de los Arrieros
R165 - Recortes periodisticos 1964_66.md,1965 11 de diciembre,,Nota sobre el fallecimiento de María Teresa Varela de Torres,María Teresa Varela de Torres
R165 - Recortes periodisticos 1964_66.md,1965 16 de diciembre,Revista Confirmado,"Nota de la revista ""Confirmado"": La Llave Mohosa. Orden del Absurdo"
R165 - Recortes periodisticos 1964_66.md,1964 16 de enero,,Desaparición de Raúl Monsegur,Raúl Monsegur
R165 - Recortes periodisticos 1964_66.md,1964 31 de enero,,Resolución Municipal N°211. Impuestos Municipales,Municipalidad
R165 - Recortes periodisticos 1964_66.md,1964 8 de febrero,,Fogón de los Arrieros: Pedido de anulación de la Resolución 211,El Fogón de los Arrieros
R165 - Recortes periodisticos 1964_66.md,1964 9 de febrero,,Respuesta del Fogón al concejal Della Fontana,"El Fogón de los Arrieros, Della Fontana"
R165 - Recortes periodisticos 1964_66.md,1964 14 de febrero,,Comunicado del Consejo Municipal sobre el pago de Impuestos,Consejo Municipal
R165 - Recortes periodisticos 1964_66.md,1964 17 de febrero,,Visita del actor Ubaldo Martínez al Fogón,"Ubaldo Martínez, El Fogón de los Arrieros"
R165 - Recortes periodisticos 1964_66.md,1964 18 de febrero,,Actuación de Ubaldo Martínez en el Fogón,"Ubaldo Martínez, El Fogón de los Arrieros"
R165 - Recortes periodisticos 1964_66.md,1964 29 de febrero,,Visita de Ariel Ramírez; Horacio Guarany; Los Huaca-Hua; Raúl Barboza y Jaime Torres,"Ariel Ramírez, Horacio Guarany, Los Huaca-Hua, Raúl Barboza, Jaime Torres"
R165 - Recortes periodisticos 1964_66.md,1964 abril,,Aniversario de Resistencia (80 años),Resistencia
R165 - Recortes periodisticos 1964_66.md,1964 5 de abril,,Información sobre el Fogón de los Arrieros,El Fogón de los Arrieros
R165 - Recortes periodisticos 1964_66.md,1964 abril,,Mena en el Bronce -Escultura-,Juan de Dios Mena
R165 - Recortes periodisticos 1964_66.md,1964 14-16 de abril,,Conferencia de Fryda Schultz de Mantovani en el Fogón,"Fryda Schultz de Mantovani, El Fogón de los Arrieros"
R165 - Recortes periodisticos 1964_66.md,1964 25 de abril,,Conferencia de Oberdan Caletti,Oberdan Caletti
R165 - Recortes periodisticos 1964_66.md,1964 14 de mayo,,Actuación del Coro Polifónico,Coro Polifónico
R165 - Recortes periodisticos 1964_66.md,1964 17 de mayo,,Programa de la Temporada del Fogón,El Fogón de los Arrieros
R165 - Recortes periodisticos 1964_66.md,1964 21 de mayo,,Inauguración de Escultura en Homenaje a Mena,Juan de Dios Mena
R165 - Recortes periodisticos 1964_66.md,1964 24 de mayo,,Coro Polifónico De Corrientes,Coro Polifónico de Corrientes
R165 - Recortes periodisticos 1964_66.md,1964 26-27 de mayo,,Conferencias de Luis Gobi,Luis Gobi
R165 - Recortes periodisticos 1964_66.md,1964 10 de junio,,Chaco: Tierra de paz y trabajo,Chaco
R165 - Recortes periodisticos 1964_66.md,1964 14 de junio,,Confirmación de visita de L. Mora y Araujo y M. Lynch,"Lila Mora y Araujo, Marta Lynch"
R165 - Recortes periodisticos 1964_66.md,1964 22 de junio,,Conferencia y Teatro de Julio Castronuovo,Julio Castronuovo
R165 - Recortes periodisticos 1964_66.md,1964 23 de junio,,Conferencia de Lila Mora y Araujo y Marta Lynch,"Lila Mora y Araujo, Marta Lynch"
R165 - Recortes periodisticos 1964_66.md,1964 17 de julio,,Presentación del poeta García Saraví,Gustavo García Saraví
R165 - Recortes periodisticos 1964_66.md,1964 24 de julio,,"Presentación de Hilda Dianda, musicóloga",Hilda Dianda
R165 - Recortes periodisticos 1964_66.md,1964 26 de julio,,Actividades culturales del Fogón,El Fogón de los Arrieros
R165 - Recortes periodisticos 1964_66.md,1964 5 de agosto,,Conferencia de Luisa Valenzuela,Luisa Valenzuela
R165 - Recortes periodisticos 1964_66.md,1964 9 de agosto,,Exposición de Fotomurales de Rekos,Rekos
R165 - Recortes periodisticos 1964_66.md,1964 13 de agosto,,Conferencia de Gregorio Scheines,Gregorio Scheines
R165 - Recortes periodisticos 1964_66.md,1964 19 de agosto,,Invitaciones de la C.G.T. a cabildo abierto,C.G.T.
R165 - Recortes periodisticos 1964_66.md,1964 20 de agosto,,Homenaje a escritores chaqueños,Escritores chaqueños
R165 - Recortes periodisticos 1964_66.md,1964 22 de agosto,,Acto Literario con presencia de escritores chaqueños,Escritores chaqueños
R165 - Recortes periodisticos 1964_66.md,1964 23 de agosto,,"Visita a Resistencia de César Carman, presidente de A.C.A.","César Carman, A.C.A."
R165 - Recortes periodisticos 1964_66.md,1964 23 de agosto,,"Visita de Damián Carlos Bayón, escritor y crítico",Damián Carlos Bayón
R165 - Recortes periodisticos 1964_66.md,1964 24 de agosto,,"Visita y conferencia de Oscar Hermes Villordo, poeta",Oscar Hermes Villordo
R165 - Recortes periodisticos 1964_66.md,1964 8 de septiembre,,Visita de Marcela Sola y el Teatro El Globo,"Marcela Sola, Teatro El Globo"
R165 - Recortes periodisticos 1964_66.md,1964 10 de septiembre,,Concurso de Belleza en el Club de Leones; actuación de Justiniano Reyes Dávila y Julio Migno,"Club de Leones, Justiniano Reyes Dávila, Julio Migno"
R165 - Recortes periodisticos 1964_66.md,1964 12 de septiembre,,Concierto de la Palabra (Reyes Dávila y Migno),"Justiniano Reyes Dávila, Julio Migno"
R165 - Recortes periodisticos 1964_66.md,1964 25 de septiembre,,Visita de la delegación de Rugby Pucará a Resistencia,Pucará
R165 - Recortes periodisticos 1964_66.md,1964 14 de septiembre,,Disertación sobre Oriente de Perla B. de Alemann,Perla B. de Alemann
R165 - Recortes periodisticos 1964_66.md,1964 18 de septiembre,,Presentación del teatro El Globo,Teatro El Globo
R165 - Recortes periodisticos 1964_66.md,1964 23 de septiembre,,"Antecedentes de Marcela Sola, directora del Teatro El Globo","Marcela Sola, Teatro El Globo"
R165 - Recortes periodisticos 1964_66.md,1964 24 de septiembre,,Actuación del Teatro El Globo,Teatro El Globo
R165 - Recortes periodisticos 1964_66.md,1964 26 de septiembre,,Monodramas en el Fogón. Homenaje a Raúl Monsegur,"Raúl Monsegur, El Fogón de los Arrieros"
R165 - Recortes periodisticos 1964_66.md,1964 octubre,,Robo de Guitarra en homenaje a Pucará,Pucará
R165 - Recortes periodisticos 1964_66.md,1964 3 de octubre,,Festival de danzas modernas de María Fux,María Fux
R165 - Recortes periodisticos 1964_66.md,1964 octubre,,"Actuación de María Fux, homenaje a Monsegur","María Fux, Raúl Monsegur"
R165 - Recortes periodisticos 1964_66.md,1964 2 de octubre,,Programa de la gira de M. Fux en la provincia,María Fux
R165 - Recortes periodisticos 1964_66.md,1964 octubre,,Devolución de guitarra robada de Horacio Guarany,Horacio Guarany
R165 - Recortes periodisticos 1964_66.md,1964 octubre,,Presentación de María Fux en la Plaza 25 de Mayo,María Fux
R165 - Recortes periodisticos 1964_66.md,1964 octubre,,Muestra bibliográfica y Conferencia sobre Horacio Quiroga,Horacio Quiroga
R165 - Recortes periodisticos 1964_66.md,1964 7 de octubre,,Espectáculo de María Fux en la Plaza Central,María Fux
R165 - Recortes periodisticos 1964_66.md,1964 octubre,,"Poema de Alfredo Veiravé: ""Llueve en el Norte""",Alfredo Veiravé
R165 - Recortes periodisticos 1964_66.md,1964 13 de octubre,,Nota sobre el Fogón de Los Arrieros,El Fogón de los Arrieros
R165 - Recortes periodisticos 1964_66.md,1964 13 de octubre,,Exposición Bibliográfica sobre Horacio Quiroga,Horacio Quiroga
R165 - Recortes periodisticos 1964_66.md,1964 octubre,,Nota sobre el Fogón y El Orden de la Llave,"El Fogón de los Arrieros, El Orden de la Llave"
R165 - Recortes periodisticos 1964_66.md,1964 27 de octubre,,Conferencia de Ulises Petit de Murat,Ulises Petit de Murat
R165 - Recortes periodisticos 1964_66.md,1964 27 de octubre,,Homenaje a Raúl Monsegur - exposiciones y Conferencia,Raúl Monsegur
R165 - Recortes periodisticos 1964_66.md,1964 30 de octubre,,Próxima llegada de Ulises Petit de Murat,Ulises Petit de Murat
R165 - Recortes periodisticos 1964_66.md,1964 31 de octubre,,Conferencia de Petit de Murat en el Fogón,"Ulises Petit de Murat, El Fogón de los Arrieros"
R165 - Recortes periodisticos 1964_66.md,1964 8 de noviembre,,Conferencia de Guido Miranda en el Fogón,"Guido Miranda, El Fogón de los Arrieros"
R165 - Recortes periodisticos 1964_66.md,1964 10 de noviembre,,Programa de Conferencia de G. Miranda (Homenaje a M. Estrada),"Guido Miranda, Ezequiel Martínez Estrada"
R165 - Recortes periodisticos 1964_66.md,1964 11 de noviembre,,Aporte para el estudio del Chaco de Guido Miranda,Guido Miranda
R165 - Recortes periodisticos 1964_66.md,1964 14 de noviembre,,Visita del Embajador de Estados Unidos al Chaco,"Embajador de Estados Unidos, Edwin Martin"
R165 - Recortes periodisticos 1964_66.md,1964 14 de noviembre,,"Espectáculo musical en el fogón de ""Los Paranaceros""","Los Paranaceros, El Fogón de los Arrieros"
R165 - Recortes periodisticos 1964_66.md,1964 21-23 de noviembre,,"Conferencia de Iverna Codina, presentando su libro ""Detrás del grito""",Iverna Codina
R165 - Recortes periodisticos 1964_66.md,1964 28 de noviembre,,Audición fenoeléctrica de la Misa Criolla de Ariel Ramírez,Ariel Ramírez
R165 - Recortes periodisticos 1964_66.md,1964 2 de diciembre,,Visita del Teatro El Globo. Quehacer teatral de Acia.,Teatro El Globo
R165 - Recortes periodisticos 1964_66.md,1964 6 de diciembre,,"Homenaje a Shakespeare, teatro del fogón","Shakespeare, El Fogón de los Arrieros"
R165 - Recortes periodisticos 1964_66.md,1964 9 de diciembre,,Homenaje a Shakespeare en el Fogón,"Shakespeare, El Fogón de los Arrieros"
R165 - Recortes periodisticos 1964_66.md,1964 10 de diciembre,,"Visita del embajador de E.U.A., Edwin Martin al Fogón","Edwin Martin, El Fogón de los Arrieros"
R165 - Recortes periodisticos 1964_66.md,1964 11 de diciembre,,Ciclo teatral en Homenaje a Shakespeare,Shakespeare
R165 - Recortes periodisticos 1964_66.md,1964 13 de diciembre,,"Inauguración de obras de superficie en el Aeropuerto de Acia. Homenaje a Hillcoat, ex comandante de Aerolíneas","Guillermo Hillcoat, Aerolíneas Argentinas"
R165 - Recortes periodisticos 1964_66.md,1964 14 de diciembre,,"Estreno de pieza teatral .. Hubo una vez alguien llamado Falstaff"". Homenaje a Shakespeare",Shakespeare
R165 - Recortes periodisticos 1964_66.md,1964 21 de diciembre,,Presentación de obra de Shakespeare,Shakespeare
R058 - Recortes periodisticos 1981.md,Sin fecha,,Aportes a las artes por parte de organismos privados y oficiales,Organismos privados y oficiales
R058 - Recortes periodisticos 1981.md,20 de diciembre,,Actuación de Marilín Mancebo con canciones de Jaques Brel en El Fogón de los arrieros.,"Marilín Mancebo, Jaques Brel, El Fogón de los Arrieros"
R058 - Recortes periodisticos 1981.md,20 de diciembre,,Actuación de Marilin Mancebo en El Fogón.,"Marilin Mancebo, El Fogón"
R058 - Recortes periodisticos 1981.md,20 de diciembre,,Actuación de Marilín Mancebo en El Fogón,"Marilín Mancebo, El Fogón"
R058 - Recortes periodisticos 1981.md,17 de diciembre,,Programa a desarrollar de la actuación de Marilin Mancebo,Marilin Mancebo
R058 - Recortes periodisticos 1981.md,16 de diciembre,,Programa a desarrollar de la actuación de Marilin Mancebo,Marilin Mancebo
R058 - Recortes periodisticos 1981.md,14 de diciembre,,Doctorado Honoris Causa a Guido Miranda en la U.N.N.E,"Guido Miranda, U.N.N.E"
R058 - Recortes periodisticos 1981.md,14 de diciembre,,Invitación de El Fogón a la entrega del Doctorado Honoris Causa en la U.N.N.E.,"El Fogón, U.N.N.E."
R058 - Recortes periodisticos 1981.md,13 de diciembre,,Presentación de Marilin Mancebo en el Fogón de los Arrieros.,"Marilin Mancebo, Fogón de los Arrieros"
R058 - Recortes periodisticos 1981.md,8 de diciembre,,Entrega de la Orden del Quebracho a la S.A.D.E por parte del Rotary Rcia.,"S.A.D.E, Rotary Rcia."
R058 - Recortes periodisticos 1981.md,8 de diciembre,,Entrega de la Orden del Quebracho a la S.A.D.E por parte del ROTARY Rcia.,"S.A.D.E, ROTARY Rcia."
R058 - Recortes periodisticos 1981.md,29 de noviembre,,Realización de un taller libre de creatividad para adolescentesa cargo de Elena Lucca de Pelli en El Fogón.,"Elena Lucca de Pelli, El Fogón"
R058 - Recortes periodisticos 1981.md,29 de noviembre,,Realización de un taller libre de creatividad a cargo de Elena Lucca de Pelli.,Elena Lucca de Pelli
R058 - Recortes periodisticos 1981.md,27 de noviembre,,Realización de un taller libre de creatividad a cargo de Elena Lucca de Pelli.,Elena Lucca de Pelli
R058 - Recortes periodisticos 1981.md,27 de noviembre,,Opinión sobre inauguración del monumento al maestro y el estreno del poema épico de Alfredo Gusberti.,Alfredo Gusberti
R058 - Recortes periodisticos 1981.md,27 de noviembre,,"Entrevista del Rotary Club, con el comisionado municipal, coronel Guillermo Anibal Witch.","Rotary Club, Guillermo Anibal Witch"
R058 - Recortes periodisticos 1981.md,26 de noviembre,,Realización de taller libre para adolescente a cargo de Elena Lucca de Pelli.,Elena Lucca de Pelli
R058 - Recortes periodisticos 1981.md,22 de noviembre,,Primer festival nacional e internacional de teatro de muñecos realizado en El Fogón de los Arrieros.,El Fogón de los Arrieros
R058 - Recortes periodisticos 1981.md,16 de noviembre,,Proyección de la película Simón de Beauvoir en El Fogón de los Arrieros.,"Simón de Beauvoir (película), El Fogón de los Arrieros"
R058 - Recortes periodisticos 1981.md,15 de noviembre,,Proyección de la película Simón de Beauvoir en El Fogón de los Arrieros.,"Simón de Beauvoir (película), El Fogón de los Arrieros"
R058 - Recortes periodisticos 1981.md,15 de noviembre,,Proyección de Simón de Beauboir en El Fogón de los Arrieros.,"Simón de Beauvoir, El Fogón de los Arrieros"
R058 - Recortes periodisticos 1981.md,14 de noviembre,,Proyección de Simón de Beauvoir en El Fogón de los Arrieros.,"Simón de Beauvoir, El Fogón de los Arrieros"
R058 - Recortes periodisticos 1981.md,12 de noviembre,,Cine francés en El Fogón de los Arrieros sobre la vida de Jean Paul Sastre.,"Jean Paul Sartre, El Fogón de los Arrieros"
R058 - Recortes periodisticos 1981.md,7 de noviembre,,Aviso de la última feria cambalache en El Fogón de los Arrieros.,El Fogón de los Arrieros
R058 - Recortes periodisticos 1981.md,6 de noviembre,,Recorrido por la historia del Chaco realizada por Santiago Ferrari.,Santiago Ferrari
R058 - Recortes periodisticos 1981.md,6 de noviembre,,"Conferencia de Jorge Scharzer sobre ""Situación y perspectivas de la economía Argentina"".",Jorge Schvarzer
R058 - Recortes periodisticos 1981.md,6 de noviembre,,"Primer festival de teatro de muñecos en El Fogón, Hector Di Mauro sera el coordinador del encuentro.","Héctor Di Mauro, El Fogón"
R058 - Recortes periodisticos 1981.md,5 de noviembre,,"Primer festival de teatro de muñecos en El Fogón, participación de titiriteros de Neuquen.","Titiriteros de Neuquén, El Fogón"
R058 - Recortes periodisticos 1981.md,4 de noviembre,,"Conferencia de Jorge Schvartzer sobre ""Situación y perspectivas de la economía Argentina.",Jorge Schvartzer
R058 - Recortes periodisticos 1981.md,2 de noviembre,,"Conferencia de Jorge Schvartzer sobre ""situación y Perspectivas de la economía Argentina"".",Jorge Schvartzer
R058 - Recortes periodisticos 1981.md,1 de noviembre,,"Titeres en El Fogón de los Arrieros, tapa.",El Fogón de los Arrieros
R058 - Recortes periodisticos 1981.md,1 de noviembre,,"Primer festival nacional e internacional de teatro de muñecos, experiencia de un artista concordiense por Antonio Popelka.",Antonio Popelka
R058 - Recortes periodisticos 1981.md,1 de noviembre,,Primer festival de teatro de muñecos en El Fogón de los Arrieros.,El Fogón de los Arrieros
R058 - Recortes periodisticos 1981.md,1 de noviembre,,Significado de cambalache la feria del Fogón.,El Fogón
R058 - Recortes periodisticos 1981.md,1 de noviembre,,"Realización del primer festival nacional e internacional de teatro de muñecos, entrevista a Hector Di Mauro.",Héctor Di Mauro
R058 - Recortes periodisticos 1981.md,Sin fecha,,"Primer festival de teatro de muñecos, entrevista a Hector Di Mauro.",Héctor Di Mauro
R058 - Recortes periodisticos 1981.md,30 de octubre,,Proyección de Simón de Beauvoir en El Fogón de los Arrieros.,"Simón de Beauvoir, El Fogón de los Arrieros"
R058 - Recortes periodisticos 1981.md,27 de octubre,,"Proyección de Simón de Beauvoir. Conferencia de Jorge Schvarzer sobre la ""Industria Argentina"", en El Fogón","Simón de Beauvoir, Jorge Schvarzer, El Fogón"
R058 - Recortes periodisticos 1981.md,27 de octubre,,"Conferencia de Jorge Schwarzer sobre ""La industria Argentina"" proyección de Simón de Beauvoir, en El Fogón.","Jorge Schvarzer, Simón de Beauvoir, El Fogón"
R058 - Recortes periodisticos 1981.md,26 de octubre,,Situación económica actual vista por el economista Leopoldo Portnoy en la sede del partido socialista.,"Leopoldo Portnoy, Partido Socialista"
R058 - Recortes periodisticos 1981.md,25 de octubre,,"Reportaje a Domingo Arena escultor, ganador del premio Chaco.",Domingo Arena
R058 - Recortes periodisticos 1981.md,25 de octubre,,Conferencia de Leopoldo Portnoy en la sede del partido socialista.,"Leopoldo Portnoy, Partido Socialista"
R058 - Recortes periodisticos 1981.md,24 de octubre,,conferencia de Leopoldo Portnoy en la sede del partido socialista.,"Leopoldo Portnoy, Partido Socialista"
R058 - Recortes periodisticos 1981.md,23 de octubre,,"Disertación de Leopoldo Portnoy sobre ""Situación actual y perspectivas de la economía Argentina"" en El Fogón de los Arrieros.","Leopoldo Portnoy, El Fogón de los Arrieros"
R058 - Recortes periodisticos 1981.md,23 de octubre,,"Conferencia de Leopoldo Portnoy sobre ""Situación actual y perspectivas de la economía Argentina"".",Leopoldo Portnoy
R058 - Recortes periodisticos 1981.md,23 de octubre,,"Conferencia de Leopoldo Portnoy ""Situación actual y perspectiva de la economía Argentina""; proyección de Simón de Beauvoir, En El Fogón de los Arrieros.","Leopoldo Portnoy, Simón de Beauvoir, El Fogón de los Arrieros"
R058 - Recortes periodisticos 1981.md,23 de octubre,,"conferencia de Leopoldo Portnoy sobre ""Situación actual y perspectivas de la economía Argentina"".",Leopoldo Portnoy
R058 - Recortes periodisticos 1981.md,22 de octubre,,Anucio de realización de la feria cambalache; proyección de Simón de Beauvoir.,Simón de Beauvoir
R058 - Recortes periodisticos 1981.md,21 de octubre,,"Disertación de Leopoldo Portnoy ""Situación actual y perspectivas de la economía Argentina""",Leopoldo Portnoy
R058 - Recortes periodisticos 1981.md,21 de octubre,,"Proyección de Simón de Beauvoir; anuncio de feria cambalache, en El Fogón de los Arrieros.","Simón de Beauvoir, El Fogón de los Arrieros"
R058 - Recortes periodisticos 1981.md,20 de octubre,,"Conferencia de Leopoldo Portnoy sobre""situación actual de la economía Argentina"" en El Fogón de los Arrieros.","Leopoldo Portnoy, El Fogón de los Arrieros"
R058 - Recortes periodisticos 1981.md,20 de octubre,,"Disertación de Enrique García Vázquez sobre ""Las causas financieras de la crisis económica Argentina"".",Enrique García Vázquez
R058 - Recortes periodisticos 1981.md,Sin fecha,,Programa de actos del 35º aniversario de la Alianza Francesa.,Alianza Francesa
R058 - Recortes periodisticos 1981.md,19 de octubre,,Programa de actos del 35º aniversario de la Alianza Francesa.,Alianza Francesa
R058 - Recortes periodisticos 1981.md,17 de octubre,,"Entrevista a Héctor Di Mauro, proyectando el segundo festival de teatro de muñecos.",Héctor Di Mauro
R058 - Recortes periodisticos 1981.md,16 de octubre,,"Disertación de Enrique G. Vázquez ""Causas financieras de la crisis económica Argentina"". Disertación de Leopoldo Portnoy ""Situación actual y perspectivas de la economía Argentina. Disertación de Norberto Spolansky"" Administración fraudulenta"".","Enrique G. Vázquez, Leopoldo Portnoy, Norberto Spolansky"
R058 - Recortes periodisticos 1981.md,16 de octubre,,"Conferencia de Enrique G. Vázquez ""Causas financieras de la crisis económica Argentina"".",Enrique G. Vázquez
R058 - Recortes periodisticos 1981.md,15 de octubre,,"Primer festival nacional e internacional de teatro de muñecos, entrevista a Héctor Di Mauro, foto de Mel Helstein.","Héctor Di Mauro, Mel Helstein"
R058 - Recortes periodisticos 1981.md,14 de octubre,,"Conferencia de Enrique G. Vázquez ""Causas financieras de la crisis económica"".",Enrique G. Vázquez
R058 - Recortes periodisticos 1981.md,13 de octubre,,"Disertación de Enrique G. Vázquez ""causas financieras de la crisis económica "".",Enrique G. Vázquez
R058 - Recortes periodisticos 1981.md,11 de octubre,,Los miembros de El Fogón de los Arrieros visitaron al gobernador Ruiz Palacios.,"El Fogón de los Arrieros, Ruiz Palacios"
R058 - Recortes periodisticos 1981.md,10 de octubre,,"Conferencia de Delia Sanmarti sobre ""La plástica y los titeres"" ;presentación de los titeres de la cachiporra de Montevideo con ""Don Cristóbal y la señora rosita"".","Delia Sanmarti, Títeres de la Cachiporra"
R058 - Recortes periodisticos 1981.md,8 de octubre,,Participación del fallecimiento de Alfredo Carlos Boglietti.,Alfredo Carlos Boglietti
R058 - Recortes periodisticos 1981.md,8 de octubre,,Inauguración del primer festival de teatro de muñecos estara coordinado por Héctor Di Mauro.,Héctor Di Mauro
R058 - Recortes periodisticos 1981.md,8 de octubre,,"Disertación de Mel Helstein ""los títeres en Estados Unidos hoy ""en El Fogón de los Arrieros.","Mel Helstein, El Fogón de los Arrieros"
R058 - Recortes periodisticos 1981.md,7 de octubre,,"Apertura del primer festival de teatro de muñecos con palabras de Héctor Di Mauro, representación de ""El caballero de la mano de fuego"" y ""El pueblo que no quería ser gris"".",Héctor Di Mauro
R058 - Recortes periodisticos 1981.md,4 de octubre,,"Puesta en escena de El caballero de la mano de fuego "" y ""El pueblo que no quería ser gris"", para poner en práctica lo aprendido en el curso de puesta en escena dictado por Hector Di Mauro.",Héctor Di Mauro
R058 - Recortes periodisticos 1981.md,4 de octubre,,"Clausura de segundo congreso Argentino de fundaciones culturales, realizado en el senado;presidido por el gob. Antonio Luis Merlo.",Antonio Luis Merlo
R058 - Recortes periodisticos 1981.md,3 de octubre,,Curso de puesta en escena de teatro de muñecos dictado por Héctor Di Mauro y Armando Ruiz.,"Héctor Di Mauro, Armando Ruiz"
R058 - Recortes periodisticos 1981.md,1 de octubre,,"Primer festival de teatro de muñecos, coordinado por Héctor Di Mauro organizado por El Fogón.","Héctor Di Mauro, El Fogón"
R058 - Recortes periodisticos 1981.md,29 de septiembre,,"Primer festival de teatro de muñecos, coordinado por Héctor Di Mauro organizado por El Fogón.","Héctor Di Mauro, El Fogón"
R058 - Recortes periodisticos 1981.md,28 de septiembre,,"Primer festival de teatro de muñecos, programa a desarrollar. Conferencia técnica dictada por Armando Ruiz, Conferencia de Delia Sanmarti ""La plástica y los titeres""; Disertación de Mel Helstien ""Los títeres en Estados Unidos hoy"" y ""Los muñecos de la India "".","Armando Ruiz, Delia Sanmarti, Mel Helstein"
R058 - Recortes periodisticos 1981.md,20 de septiembre,,Donación de la guitarra de Oscar Alemán.,Oscar Alemán
R058 - Recortes periodisticos 1981.md,18 de septiembre,,Donación de la guitarra de Oscar Alemán.,Oscar Alemán
R058 - Recortes periodisticos 1981.md,17 de septiembre,,Guitarra de Oscar Alemán fue entregada a El Fogón de los Arrieros.,"Oscar Alemán, El Fogón de los Arrieros"
R058 - Recortes periodisticos 1981.md,10 de septiembre,,"Inicio de curso de ""Puesta en escena"", dictado por Héctor Di Mauro y Armando Ruiz","Héctor Di Mauro, Armando Ruiz"
R058 - Recortes periodisticos 1981.md,10 de septiembre,,"Inicio de curso de ""Puesta en escena"", dictado por Héctor Di Mauro y Armando Ruiz.","Héctor Di Mauro, Armando Ruiz"
R058 - Recortes periodisticos 1981.md,8 de septiembre,,"Curso de ""puesta en escena"",dictado por Héctor Di Mauro, en El Fogón de los Arrieros.","Héctor Di Mauro, El Fogón de los Arrieros"
R058 - Recortes periodisticos 1981.md,8 de septiembre,,"Curso de ""puesta en escena "",realizado en El Fogón de los Arrieros.",El Fogón de los Arrieros
R058 - Recortes periodisticos 1981.md,5 de septiembre,,Feria cambalache realizado en El Fogón de los Arrieros .,El Fogón de los Arrieros
R058 - Recortes periodisticos 1981.md,4 de septiembre,,Ferias cambalache realizado en El Fogón de los Arrieros.,El Fogón de los Arrieros
R058 - Recortes periodisticos 1981.md,2 de septiembre,,Feria cambalache realizado en El Fogón de los Arrieros.,El Fogón de los Arrieros
R058 - Recortes periodisticos 1981.md,31 de agosto,,"Aviso de inscripción a curso de ""Puesta en escena"", dictado por Héctor Di Mauro y Armando Ruiz.","Héctor Di Mauro, Armando Ruiz"
R058 - Recortes periodisticos 1981.md,31 de agosto,,Homenaje a Aldo Boglietti realizado en El Fogón de los Arrieros.,"Aldo Boglietti, El Fogón de los Arrieros"
R058 - Recortes periodisticos 1981.md,29 de agosto,,Evocación de Aldo Boglietti realizado en El Fogón de los Arrieros.,"Aldo Boglietti, El Fogón de los Arrieros"
R058 - Recortes periodisticos 1981.md,29 de agosto,,"Homenaje a Juan de Dios Menna, realizado por la S.A.D.E en la biblioteca Herrera.","Juan de Dios Menna, S.A.D.E, Biblioteca Herrera"
R058 - Recortes periodisticos 1981.md,29 de agosto,,"Homenaje a Juan De Dios Menna, en El Fogón de los Arrieros.","Juan De Dios Menna, El Fogón de los Arrieros"
R058 - Recortes periodisticos 1981.md,29 de agosto,,"Homenaje a Aldo Boglietti, en El Fogón de los Arrieros.","Aldo Boglietti, El Fogón de los Arrieros"
R058 - Recortes periodisticos 1981.md,28 de agosto,,"Curso de puesta en escena sobre ""Teoría de la puesta en escena, técnicas para la escenificación juegos dramáticos"" dictado por Héctor Di Mauro .",Héctor Di Mauro
R058 - Recortes periodisticos 1981.md,28 de agosto,,Celebración de una nueva sesión de amigos de Aldo Boglietti en El Fogón de los Arrireros.,"Aldo Boglietti, El Fogón de los Arrieros"
R058 - Recortes periodisticos 1981.md,27 de agosto,,Los amigos de Aldo Boglietti se reuniran en El Fogón de los Arrieros.,"Aldo Boglietti, El Fogón de los Arrieros"
R058 - Recortes periodisticos 1981.md,26 de agosto,,Homenaje a Juan de Dios Menna realizado por la S.A.D.E en la biblioteca Herrera.,"Juan de Dios Menna, S.A.D.E, Biblioteca Herrera"
R058 - Recortes periodisticos 1981.md,26 de agosto,,Homenaje a Juan DE Dios Menna realizado por la S.A.D.E en la Biblioteca Herrera.,"Juan De Dios Menna, S.A.D.E, Biblioteca Herrera"
R058 - Recortes periodisticos 1981.md,25 de agosto,,"Curso de ""Puesta en escena"", dictado por Héctor Di Mauro y Armando Ruiz.","Héctor Di Mauro, Armando Ruiz"
R058 - Recortes periodisticos 1981.md,24 de agosto,,"Alarma por rumores de cierre de El Fogón de los Arrieros, Efrain Boglietti desmiente.","Efrain Boglietti, El Fogón de los Arrieros"
R058 - Recortes periodisticos 1981.md,24 de agosto,,"Curso de ""Puesta en escena"", dictado por Héctor Di Mauro.",Héctor Di Mauro
R058 - Recortes periodisticos 1981.md,15 de agosto,,Audiovisuales sobre personajes de Juan De Dios Mena realizado por la Universidad Nacional de Misiones.,"Juan De Dios Mena, Universidad Nacional de Misiones"
R058 - Recortes periodisticos 1981.md,14 de agosto,,Audiovisual sobre los personajes de Juan DE Dios Menna.,Juan DE Dios Menna
R058 - Recortes periodisticos 1981.md,14 de agosto,,Audiovisual sobre los personajes de Juan De Dios Menna.,Juan De Dios Menna
R058 - Recortes periodisticos 1981.md,13 de agosto,,Audiovisual sobre los personajes de Juan De Dios Menna.,Juan De Dios Menna
R058 - Recortes periodisticos 1981.md,28 de julio,,"Charla de Rodolfo Cristaldo sobre ""Valores literarios del sur-sur "".",Rodolfo Cristaldo
R058 - Recortes periodisticos 1981.md,27 de julio,,Curso de Eugenio Filipelli realizado en El Fogón de los Arrieros.,"Eugenio Filipelli, El Fogón de los Arrieros"
R058 - Recortes periodisticos 1981.md,27 de julio,,"Audiovisuales de ""Juan De Dios Menna"" y ""Las misiones jesuiticas""; llamado a alumnos de cursos de teatro de titeres dictado por Héctor Di Mauro.","Juan De Dios Menna, Héctor Di Mauro"
R058 - Recortes periodisticos 1981.md,25 de julio,,"Disertación de Adolfo Cristaldo sobre ""Entorno poético literario y geográfico del sur Argentino, también la trayectoria de algunos hombres de letras"".",Adolfo Cristaldo
R058 - Recortes periodisticos 1981.md,25 de julio,,"Conferencia de Adolfo Cristaldo; Disertación de Eugenio Filipelli sobre ""técnicas del actor"".","Adolfo Cristaldo, Eugenio Filipelli"
R058 - Recortes periodisticos 1981.md,24 de julio,,Curso de teatro dictado por Eugenio Filipelli en El Fogón de los Arrieros,"Eugenio Filipelli, El Fogón de los Arrieros"
R058 - Recortes periodisticos 1981.md,23 de julio,,"Curso de teatro dictado por Eugenio Filipelli sobre ""Técnicas del actor ""; Conferencia de Adolfo Cristaldo sobre ""El pais literario del sur- sur"".","Eugenio Filipelli, Adolfo Cristaldo"
R058 - Recortes periodisticos 1981.md,23 de julio,,"Curso dictado por Eugenio Filipelli sobre ""Técnicas del actor""; Conferencia de Adolfo Cristaldo ""El pais literario del sur-sur "" .","Eugenio Filipelli, Adolfo Cristaldo"
R058 - Recortes periodisticos 1981.md,23 de julio,,"Conferencia de Adolfo Cristaldo ""El pais literario del sur-sur"".",Adolfo Cristaldo
R058 - Recortes periodisticos 1981.md,22 de julio,,Inicio del curso dictado por Eugenio Filipelli en El Fogón de los Arrieros.,"Eugenio Filipelli, El Fogón de los Arrieros"
R058 - Recortes periodisticos 1981.md,21 de julio,,"Disertación de Adolfo Cristaldo. ""El pais literario del sur-sur""; Curso de Eugenio Filipelli ""Técnicas del actor"".","Adolfo Cristaldo, Eugenio Filipelli"
R058 - Recortes periodisticos 1981.md,20 de julio,,"Curso de teatro dictado por Eugenio Filipelli sobre ""Técnicas del actor"".",Eugenio Filipelli
R058 - Recortes periodisticos 1981.md,13 de julio,,"Curso dictado por Eugenio Filipelli sobre ""técnicas del actor, nuevos estimulos""; curso de ""puesta en escena"" de teatro de titeres dictado por Héctor Di Mauro.","Eugenio Filipelli, Héctor Di Mauro"
R058 - Recortes periodisticos 1981.md,13 de julio,,Invitación a las alumnas al curso de puesta en escena de teatro de titeres coordinado por Héctor Di Mauro.,Héctor Di Mauro
R058 - Recortes periodisticos 1981.md,12 de julio,,"Comunicación de la llegada de Héctor Di Mauro, quien tendrá a cargo la coordinación del primer festival de teatro de muñecos.",Héctor Di Mauro
R058 - Recortes periodisticos 1981.md,11 de julio,,El Fogón de los Arrieros cita a las alumnas que en el año 80 realizaron los cursos con Héctor Di Mauro.,"El Fogón de los Arrieros, Héctor Di Mauro"
R058 - Recortes periodisticos 1981.md,10 de julio,,Citación a los alumnos que en el año 80 realizaron los cursos con Héctor Di Mauro; presentación del poeta Adolfo Cristaldo.,"Héctor Di Mauro, Adolfo Cristaldo"
R058 - Recortes periodisticos 1981.md,9 de julio,,"Descubrieron esculturas ""Pareja"" realizada por Naum Knop.",Naum Knop
R058 - Recortes periodisticos 1981.md,7 de julio,,"Esculturas frente a Norte y el Territorio; curso dictado por Eugenio Fillipelli ""Técnicas del actor"".","Eugenio Fillipelli, Diario Norte, Diario El Territorio"
R058 - Recortes periodisticos 1981.md,6 de julio,,"Inauguración de escultura de Enrique Gaimari ""Pareja""; obra de Enrique Valderrey "" de la calle""; bronce de Naum Knop ""Pareja en primavera"".","Enrique Gaimari, Enrique Valderrey, Naum Knop"
R058 - Recortes periodisticos 1981.md,5 de julio,,"Escultura de Enrique Valderrey, Enrique Gaimari, Naum Knop, en frente a Norte y el Territorio.","Enrique Valderrey, Enrique Gaimari, Naum Knop"
R058 - Recortes periodisticos 1981.md,5 de julio,,"Conferencia de Carlos Obal ""Los latifundios"".",Carlos Obal
R058 - Recortes periodisticos 1981.md,4 de julio,,"Disertación de Carlos Obal ""Los latifundios"".",Carlos Obal
R058 - Recortes periodisticos 1981.md,3 de julio,,"Disertación de Carlos Obal ""Los latifundios"".",Carlos Obal
R058 - Recortes periodisticos 1981.md,3 de julio,,El Fogón delos Arrieros informa el extravío de un cheque del Banco del Chaco.,"El Fogón de los Arrieros, Banco del Chaco"
R058 - Recortes periodisticos 1981.md,1 de julio,,"Conferencia de Carlos Obal ""Los latifundios"".",Carlos Obal
R058 - Recortes periodisticos 1981.md,31 de mayo,,Entrega de premio al Dr. Horacio Rivero Sosa.,Horacio Rivero Sosa
R058 - Recortes periodisticos 1981.md,29 de mayo,,"Conferencia de Paul Morousy, sobre ""Antoine de Saint Exupery"".","Paul Morousy, Antoine de Saint Exupery"
R058 - Recortes periodisticos 1981.md,23 de mayo,,"Fotografia sobre la visita al Chaco del Presidente Gral. Viola, la opinión chaqueña.",Gral. Viola
R058 - Recortes periodisticos 1981.md,23 de mayo,,"Comunicación a los alumnos del curso dictado por Eugenio Fillipelli "" Introducción a las técnicas del actor.",Eugenio Fillipelli
R058 - Recortes periodisticos 1981.md,23 de mayo,,Exposición de Oscar Capristo en el Fogón de los Arrieros.,"Oscar Capristo, Fogón de los Arrieros"
R058 - Recortes periodisticos 1981.md,22 de mayo,,Fotografia de la Sra. Nélida Giorgia de Viola y otras damas que visitan el Fogón en una recorrida por la ciudad.,"Nélida Giorgia de Viola, El Fogón"
R058 - Recortes periodisticos 1981.md,17 de mayo,,Nota autobiográfica de Oscar Capristo.,Oscar Capristo
R058 - Recortes periodisticos 1981.md,14 de mayo,,Habilitación de la muestra de Oscar Capristo.,Oscar Capristo
R058 - Recortes periodisticos 1981.md,14 de mayo,,"Conferencia de Oscar Capristo ""Métodos plásticos de la pintura Argentina"", ""Mi pintura"", exposición de óleos.",Oscar Capristo
R058 - Recortes periodisticos 1981.md,Sin fecha,,Nota a Oscar Capristo,Oscar Capristo
R058 - Recortes periodisticos 1981.md,12 de mayo,,"Charla de Oscar Capristo sobre los ""Métodos plásticos de la pintura Argentina"".",Oscar Capristo
R058 - Recortes periodisticos 1981.md,12 de mayo,,"Charla de Oscar Capristo sobre los ""Métodos plásticos de la pintura. Argentina"".",Oscar Capristo
R058 - Recortes periodisticos 1981.md,12 de mayo,,"Conferencia de Oscar Capristo ""Métodos plásticos de la pintura Argentina"", habilitación de muestra.",Oscar Capristo
R058 - Recortes periodisticos 1981.md,11 de mayo,,"Conferencia de Oscar Capristo ""Métodos plásticos de la pintura Argentina"", habilitación de muestra.",Oscar Capristo
R058 - Recortes periodisticos 1981.md,10 de mayo,,"Conferencia de Oscar Capristo ""Métodos plásticos de la pintura Argentina"", habilitación de muestra.",Oscar Capristo
R058 - Recortes periodisticos 1981.md,9 de mayo,,Realización de la feria de cambalache en el Fogón de los Arrieros. Habilitación pictórica de Oscar Capristo.,"El Fogón de los Arrieros, Oscar Capristo"
R058 - Recortes periodisticos 1981.md,9 de mayo,,"Exposición de Oscar Capristo, conferencia ""Métodos plásticos de la pintura Argentina"".",Oscar Capristo
R058 - Recortes periodisticos 1981.md,7 de mayo,,Feria cambalache en el Fogón de los Arrieros.,El Fogón de los Arrieros
R058 - Recortes periodisticos 1981.md,6 de mayo,,"Exposición de Oscar Capristo, conferencia ""Métodos plásticos de la pintura Argentina"".",Oscar Capristo
R058 - Recortes periodisticos 1981.md,3 de mayo,,"Retrato biográfico del escritor Antoine de Saint Exupery"".",Antoine de Saint Exupery
R058 - Recortes periodisticos 1981.md,3 de mayo,,"Exposición de Oscar Capristo, conferencia ""Métodos plásticos de la pintura Argentina"". (2 en 1).",Oscar Capristo
R058 - Recortes periodisticos 1981.md,3 de mayo,,"Fotografia de Mimi Di Luzio, Fogonera.",Mimi Di Luzio
R058 - Recortes periodisticos 1981.md,3 de mayo,,"Representación de la obra "" Cuzzani, el breve"", por los comediantes del litoral.",Comediantes del litoral
R058 - Recortes periodisticos 1981.md,29 de abril,,"Conferencia de Paul Morousy, sobre ""Antoine de Saint Exupery"".","Paul Morousy, Antoine de Saint Exupery"
R058 - Recortes periodisticos 1981.md,28 de abril,,"Conferencia de Paul Morousy, sobre ""Antoine de Saint Exupery"".","Paul Morousy, Antoine de Saint Exupery"
R058 - Recortes periodisticos 1981.md,27 de abril,,"Conferencia de Paul Morousy, sobre ""Antoine de Saint Exupery"".","Paul Morousy, Antoine de Saint Exupery"
R058 - Recortes periodisticos 1981.md,26 de abril,,"Conferencia de Paul Morousy, sobre ""Antoine de Saint Exupery"".","Paul Morousy, Antoine de Saint Exupery"
R058 - Recortes periodisticos 1981.md,24 de abril,,"Representación de la obra "" Cuzzani, el breve"", por los comediantes del litoral, Henry y Martha Varela.","Henry Varela, Martha Varela, Comediantes del litoral"
R058 - Recortes periodisticos 1981.md,23 de abril,,"Representación de la obra "" Cuzzani, el breve"", por los comediantes del litoral, Henry y Martha Varela.","Henry Varela, Martha Varela, Comediantes del litoral"
R058 - Recortes periodisticos 1981.md,22 de abril,,"Representación de la obra "" Cuzzani, el breve"", por los comediantes del litoral, Henry y Martha Varela.","Henry Varela, Martha Varela, Comediantes del litoral"
R058 - Recortes periodisticos 1981.md,21 de abril,,"Representación de la obra ""Cuzzani, el breve"", por los comediantes del litoral, Henry y Martha Varela.","Henry Varela, Martha Varela, Comediantes del litoral"
R058 - Recortes periodisticos 1981.md,19 de abril,,Entrevista a Francisco Reyes.,Francisco Reyes
R058 - Recortes periodisticos 1981.md,19 de abril,,"Representación de la obra ""Cuzzani, el breve"", por los comediantes del litoral, (2 en 1).",Comediantes del litoral
R058 - Recortes periodisticos 1981.md,19 de abril,,"Representación de la obra ""Cuzzani, el breve"", por los comediantes del litoral.",Comediantes del litoral
R058 - Recortes periodisticos 1981.md,13 de abril,,"Recordatorio de la vida de Domingo Manolo Gonzalez, humorista político de Chile.",Domingo Manolo Gonzalez
R058 - Recortes periodisticos 1981.md,13 de abril,,Entrevista al escultor Francisco Reyes en la charla realizada en el Fogón de los Arrieros.,"Francisco Reyes, El Fogón de los Arrieros"
R058 - Recortes periodisticos 1981.md,13 de abril,,"Homenaje a Aldo Boglietti, del Club de los Doce, descubrieron placa recordatoria en el pedestal de su busto, obra del escultor Francisco Reyes.","Aldo Boglietti, Club de los Doce, Francisco Reyes"
R058 - Recortes periodisticos 1981.md,13 de abril,,Homenaje a Aldo Boglietti en el busto emplazado en el Fogón por parte del Club de los Doce.,"Aldo Boglietti, El Fogón, Club de los Doce"
R058 - Recortes periodisticos 1981.md,12 de abril,,Homenaje a Aldo Boglietti en el busto emplazado en el Fogón por parte del Club de los Doce.,"Aldo Boglietti, El Fogón, Club de los Doce"
R058 - Recortes periodisticos 1981.md,10 de abril,,"Charla de Francisco Reyes, sobre su trayectoria como escultor, Homenaje a Aldo Boglietti.","Francisco Reyes, Aldo Boglietti"
R058 - Recortes periodisticos 1981.md,10 de abril,,"Charla de Francisco Reyes, sobre su trayectoria como escultor.",Francisco Reyes
R058 - Recortes periodisticos 1981.md,9 de abril,,"Charla de Francisco Reyes, sobre su trayectoria como escultor, Homenaje a Aldo Boglietti.","Francisco Reyes, Aldo Boglietti"
R058 - Recortes periodisticos 1981.md,9 de abril,,"Charla de Francisco Reyes, sobre su trayectoria como escultor. (2 en 1).",Francisco Reyes
R058 - Recortes periodisticos 1981.md,6 de abril,,"Dictado de charlas de biodanza por la profesora Patricia Schvatzman, en el Fogón de los Arrieros.","Patricia Schvatzman, El Fogón de los Arrieros"
R058 - Recortes periodisticos 1981.md,6 de abril,,"Conferencia de Gregorio Weimberg, sobre ""Los problemas de la historia contemporánea"".",Gregorio Weimberg
R058 - Recortes periodisticos 1981.md,5 de abril,,"Dictado de charlas de biodanza por la profesora Patricia Schvatzman, en el Fogón de los Arrieros.","Patricia Schvatzman, El Fogón de los Arrieros"
R058 - Recortes periodisticos 1981.md,4 de abril,,"Homenaje a Aldo Boglietti y a Juan de Dios Menna, a cargo de Horacio Rivero Sosa; disertación de de Gregorio Weimberg, sobre ""Los problemas de la historia contemporánea""; conferencia de biodanza por la profesora Patricia Schvatzman, en el Fogón de los Arrieros.","Aldo Boglietti, Juan de Dios Menna, Horacio Rivero Sosa, Gregorio Weimberg, Patricia Schvatzman, El Fogón de los Arrieros"
R058 - Recortes periodisticos 1981.md,4 de abril,,"Conferencia de Gregorio Weimberg, Homenaje a Aldo Boglietti y a Juan de Dios Menna, a cargo de Horacio Rivero Sosa.","Gregorio Weimberg, Aldo Boglietti, Juan de Dios Menna, Horacio Rivero Sosa"
R058 - Recortes periodisticos 1981.md,3 de abril,,"Conferencia de Gregorio Weimberg, Homenaje a Aldo Boglietti y a Juan de Dios Menna, a cargo de Horacio Rivero Sosa.","Gregorio Weimberg, Aldo Boglietti, Juan de Dios Menna, Horacio Rivero Sosa"
R058 - Recortes periodisticos 1981.md,2 de abril,,"Disertación de Gregorio Weimberg, sobre ""Los problemas de la historia contemporánea"".",Gregorio Weimberg
R058 - Recortes periodisticos 1981.md,1 de abril,,"Conferencia de Gregorio Weimberg, Homenaje a Aldo Boglietti y a Juan de Dios Menna, a cargo de Horacio Rivero Sosa; charla de Francisco Reyes ""Trayectoria de un escultor""; conferencia de Oscar Obal ""Los latifundios""; charla de Oscar Capristo ""Métodos plásticos de la pintura Argentina""; representación de ""Cozzani, el breve"", por los comediantes del litoral.","Gregorio Weimberg, Aldo Boglietti, Juan de Dios Menna, Horacio Rivero Sosa, Francisco Reyes, Oscar Obal, Oscar Capristo, Comediantes del litoral"
R058 - Recortes periodisticos 1981.md,1 de abril,,"Homenaje a Aldo Boglietti y a Juan de Dios Menna, a cargo de Horacio Rivero Sosa; Conferencia de Gregorio Weimberg, sobre ""Los problemas de la historia contemporánea"".","Aldo Boglietti, Juan de Dios Menna, Horacio Rivero Sosa, Gregorio Weimberg"
R058 - Recortes periodisticos 1981.md,30 de marzo,,"Conferencia de Gregorio Weimberg, sobre ""Los problemas de la historia contemporánea"".",Gregorio Weimberg
R058 - Recortes periodisticos 1981.md,29 de marzo,,Entrevista a Gregorio Weimberg.,Gregorio Weimberg
R058 - Recortes periodisticos 1981.md,28 de marzo,,"Conferencia de Gregorio Weimberg, sobre ""Los problemas de la historia contemporánea""; Homenaje a Aldo Boglietti y a Juan de Dios Menna, charla de Francisco Reyes ""Trayectoria de un escultor""; conferencia de Oscar Obal, sobre ""Los latifundios"".","Gregorio Weimberg, Aldo Boglietti, Juan de Dios Menna, Francisco Reyes, Oscar Obal"
R058 - Recortes periodisticos 1981.md,25 de enero,,Biografia de Efraín Boglietti.,Efraín Boglietti
R060 - Recortes periodisticos 1978_79.md,,,Die Alte Welt prägt das Gesicht Argentiniens,"Patricia Rousselot, Vega Fernandez, Juan Carlos Rousselot, Benito Quinquela Martín."
R060 - Recortes periodisticos 1978_79.md,,,"DISERTARA FEDERICO PELTZER EN EL ""FOGON DE LOS ARRIEROS""","Federico Peltzer, Albert Camus, Fogón de los Arrieros."
R163 - Recortes periodisticos 1947_59.md,23 de septiembre de 1947,,Fiesta de la PRIMAVERA
R163 - Recortes periodisticos 1947_59.md,9 de abril de 1948,,Temporada cultural 1948
R163 - Recortes periodisticos 1947_59.md,9 de octubre de 1948,,Artículo sobre la pesca deportiva
R163 - Recortes periodisticos 1947_59.md,26 de octubre de 1948,,"Torneo ""Fomento de BASQUETBOL"". Programa del torneo"
R163 - Recortes periodisticos 1947_59.md,1 de diciembre de 1948,,"Torneo ""Fomento"""
R163 - Recortes periodisticos 1947_59.md,23 de diciembre de 1948,,Final del torneo
R163 - Recortes periodisticos 1947_59.md,4 de abril de 1949,,Anuncio de temporada cultural
R163 - Recortes periodisticos 1947_59.md,mayo de 1949,,Sobre la inauguración de la temporada cultural
R163 - Recortes periodisticos 1947_59.md,12 de julio de 1949,,Reunión sobre MUSICA clásica moderna
R163 - Recortes periodisticos 1947_59.md,30 de noviembre de 1949,,Artículo sobre la ciudad de RESISTENCIA
R163 - Recortes periodisticos 1947_59.md,31 de octubre de 1950,,Articulo sobre la cultura en el CHACO
R163 - Recortes periodisticos 1947_59.md,29 de noviembre de 1951,,Terminación de la temporada cultural
R163 - Recortes periodisticos 1947_59.md,10 de marzo de 1953,,Baile de DISFRACES
R163 - Recortes periodisticos 1947_59.md,19 de marzo de 1953,,"Proyección del FILM: ""El callejón de las almas perdidas"""
R163 - Recortes periodisticos 1947_59.md,18 de julio de 1953,,Asado pro-edificio
R163 - Recortes periodisticos 1947_59.md,5 de agosto de 1953,,Campeonato de TRUCO pro-edificio
R163 - Recortes periodisticos 1947_59.md,7 de diciembre de 1953,,Asado pro-edificio
R163 - Recortes periodisticos 1947_59.md,31 de diciembre de 1953,,Reseña de la temporada cultural de Resistencia
R163 - Recortes periodisticos 1947_59.md,4 de enero de 1954,,Sobre una omisión en el artículo del 31 de diciembre del año anterior
R163 - Recortes periodisticos 1947_59.md,22 de enero de 1954,,Sobre el BOLETIN
R163 - Recortes periodisticos 1947_59.md,16 de febrero de 1954,,"Sobre la representación de ""El café de Pomona"""
R163 - Recortes periodisticos 1947_59.md,19 de abril de 1954,,Inauguración de temporada
R163 - Recortes periodisticos 1947_59.md,10 de junio de 1954,,Cena de camaradería
R163 - Recortes periodisticos 1947_59.md,16 de junio de 1954,,Asado pro-edificio
R163 - Recortes periodisticos 1947_59.md,24 de junio de 1954,,Cena de camaradería
R163 - Recortes periodisticos 1947_59.md,Septiembre-Octubre de 1954,,Sobre el BOLETIN
R163 - Recortes periodisticos 1947_59.md,16 de noviembre de 1954,,Sobre el BOLETIN
R163 - Recortes periodisticos 1947_59.md,3 de diciembre de 1954,,Sobre el BOLETIN
R163 - Recortes periodisticos 1947_59.md,8 de febrero de 1955,,Sobre el BOLETIN
R163 - Recortes periodisticos 1947_59.md,7 de mayo de 1955,,Sobre el BOLETIN
R163 - Recortes periodisticos 1947_59.md,20 de junio de 1955,,Semana del TEATRO
R163 - Recortes periodisticos 1947_59.md,29 de octubre de 1955,,Asado de la LIBERTAD
R163 - Recortes periodisticos 1947_59.md,5 de noviembre de 1955,,Anécdota fogonis
R163 - Recortes periodisticos 1947_59.md,13 de enero de 1956,,Sobre el BOLETIN
R163 - Recortes periodisticos 1947_59.md,28 de febrero de 1956,,Artícule sobre RESISTENCIA
R163 - Recortes periodisticos 1947_59.md,4 de febrero de 1958,,Sobre el BOLETIN
R163 - Recortes periodisticos 1947_59.md,abril de 1958,,Campeonato de BASQUETBOL
R163 - Recortes periodisticos 1947_59.md,28 de diciembre de 1958,,Sebre la actividad cultural del CHACO
R163 - Recortes periodisticos 1947_59.md,2 de enero de 1959,,Celebración de la liberación de CUBA
R163 - Recortes periodisticos 1947_59.md,27 de febrero de 1959,,Agasaje a periodistas porteños
R163 - Recortes periodisticos 1947_59.md,13 de abril de 1959,,Recital de poetas correntines
R163 - Recortes periodisticos 1947_59.md,13 de octubre de 1959,,Jornadas Económicas del Nordeste
R163 - Recortes periodisticos 1947_59.md,9 de diciembre de 1959,,Sebre el BOLETIN
R239 - Recordes sobre EFDA 1948_2002.md,"diciembre 7, 1969",,Chaco un fogón donde arde la leyenda
R239 - Recordes sobre EFDA 1948_2002.md,"octubre, 1979",,Con miras a difundir el Chaco
R239 - Recordes sobre EFDA 1948_2002.md,SIN FECHA,,Vista interior del Fogón (fotografia)
R056 - Recortes periodisticos 1984_86.md,10 de noviembre de 1984,,La nueva escultura pasó a embellecer resistencia.
R056 - Recortes periodisticos 1984_86.md,09 de noviembre de 1984,,Tres nuevas esculturas desde hoy en la ciudad.
R056 - Recortes periodisticos 1984_86.md,05 de noviembre de 1984,,Tres nuevas esculturas
R056 - Recortes periodisticos 1984_86.md,21 de octubre de 1984,,Un festival de Muñecos con una magia especial.
R056 - Recortes periodisticos 1984_86.md,07 de octubre de 1984,,Lo que dejó el Festival de Muñecos.
R056 - Recortes periodisticos 1984_86.md,06 de octubre de 1984,,Festival de Muñecos: Se baja el telón.
R056 - Recortes periodisticos 1984_86.md,05 de octubre de 1984,,Un público numeroso asiste al festival de muñecos.
R056 - Recortes periodisticos 1984_86.md,04 de octubre de 1984,,Prosigue el Festival de teatro de muñecos.
R056 - Recortes periodisticos 1984_86.md,05 de octubre de 1984,,Festival de muñecos
R056 - Recortes periodisticos 1984_86.md,03 de octubre de 1984,,"Continua el Segundo Festival de ""Muñecos"" en Resistencia"
R056 - Recortes periodisticos 1984_86.md,03 de octubre de 1984,,Festival de Muñecos en plena marcha
R056 - Recortes periodisticos 1984_86.md,02 de octubre de 1984,,Comienzan los espectáculos del Festival de Teatro de Muñecos
R056 - Recortes periodisticos 1984_86.md,01 de octubre de 1984,,Hoy habrá un acto inaugural. Mañana comienzan los espectáculos del Festival de Muñecos
R056 - Recortes periodisticos 1984_86.md,01 de octubre de 1984,,Hoy se inaugurará el festival de muñecos
R056 - Recortes periodisticos 1984_86.md,30 de septiembre de 1984,,Una semana en el mágico mundo de los muñecos.
R056 - Recortes periodisticos 1984_86.md,30 de septiembre de 1984,,Vamos a ver los Títeres!!.
R056 - Recortes periodisticos 1984_86.md,27 de septiembre de 1984,,El 1º de Octubre comenzará el Festival de Teatro de Muñecos.
R056 - Recortes periodisticos 1984_86.md,24 de septiembre de 1984,,"Resistencia, sede de titiriteros y muñecos."
R056 - Recortes periodisticos 1984_86.md,19 de septiembre de 1984,,Una semana de títeres para niños y adultos.
R056 - Recortes periodisticos 1984_86.md,16 de septiembre de 1984,,Publicidad: Desfile de modelos.
R056 - Recortes periodisticos 1984_86.md,09 de septiembre de 1984,,Resistencia será sede del 2º Festival de Teatro de Muñecos.
R056 - Recortes periodisticos 1984_86.md,08 de septiembre de 1984,,El Festival de Teatro de Muñecos se hará del 1 al 6 de Octubre en Resistencia.
R056 - Recortes periodisticos 1984_86.md,05 de agosto de 1984,,Han pasado tres años.
R056 - Recortes periodisticos 1984_86.md,11 de julio de 1984,,Resistencia Nació junto a los Tobas.
R056 - Recortes periodisticos 1984_86.md,18 de junio de 1984,,Conservación de esculturas y murales.
R056 - Recortes periodisticos 1984_86.md,10 de junio de 1984,,Casos y Cosas del Chaco.
R056 - Recortes periodisticos 1984_86.md,08 de junio de 1984,,El 61 °Salón de Santa Fe.
R056 - Recortes periodisticos 1984_86.md,21 de mayo de 1984,,Desfile de Modelos.
R056 - Recortes periodisticos 1984_86.md,21 de mayo de 1984,,Publicidad de Desfile de Modelos
R056 - Recortes periodisticos 1984_86.md,20 de mayo de 1984,,Realizaran en Resistencia un encuentro Regional de Titiriteros.
R056 - Recortes periodisticos 1984_86.md,20 de mayo de 1984,,Títeres para niños.
R056 - Recortes periodisticos 1984_86.md,14 de mayo de 1984,,Importante galardón obtuvo un artista de la Provincia.
R056 - Recortes periodisticos 1984_86.md,22 de abril de 1984,,Escritores que anduvieron Chaco.
R056 - Recortes periodisticos 1984_86.md,06 de abril de 1984,,Ciclo de Títeres en los barrios.
R056 - Recortes periodisticos 1984_86.md,04 de abril de 1984,,Día del Artesano Chaqueño.
R056 - Recortes periodisticos 1984_86.md,03 de abril de 1984,,Publicidad de Temporada Cultural.
R056 - Recortes periodisticos 1984_86.md,08 de enero de 1984,,"El proceso ha muerto, ¿viva el proceso?: s/f. Imaginero popular."
R056 - Recortes periodisticos 1984_86.md,01 de diciembre de 1985,,"""Resistencia, museo abierto""."
R056 - Recortes periodisticos 1984_86.md,18 de octubre de 1985,,"""Fogonero""."
R056 - Recortes periodisticos 1984_86.md,24 de septiembre de 1985,,"""Feria de libros y discos"""
R056 - Recortes periodisticos 1984_86.md,17 de septiembre de 1985,,"""Feria de libros y discos"""
R056 - Recortes periodisticos 1984_86.md,10 de septiembre de 1985,,"""Feria de libros y discos"""
R056 - Recortes periodisticos 1984_86.md,05 de septiembre de 1985,,"""Temporada cultural 86""."
R056 - Recortes periodisticos 1984_86.md,05 de septiembre de 1985,,"""El fin de semana""."
R056 - Recortes periodisticos 1984_86.md,03 de septiembre de 1985,,"""Feria de libros y discos"""
R056 - Recortes periodisticos 1984_86.md,03 de septiembre de 1985,,"""Disertación""."
R056 - Recortes periodisticos 1984_86.md,26 de agosto de 1985,,"""Piden se adopten medidas para evitar atentados a esculturas""."
R056 - Recortes periodisticos 1984_86.md,13 de agosto de 1985,,"""Feria de libros y discos""."
R056 - Recortes periodisticos 1984_86.md,11 de agosto de 1985,,"""Mi meta de siempre: Llegar a ser un buen escritor"""
R056 - Recortes periodisticos 1984_86.md,11 de agosto de 1985,,"""Feria de libros y discos""."
R056 - Recortes periodisticos 1984_86.md,24 de julio de 1985,,"""Dos conocidos plásticos en un nuevo encuentro en El Chaco""."
R056 - Recortes periodisticos 1984_86.md,04 de julio de 1985,,"""Cuando el Café Consert es lo que debe ser""."
R056 - Recortes periodisticos 1984_86.md,30 de junio de 1985,,"""Lo que la comunidad esperaba"""
R056 - Recortes periodisticos 1984_86.md,30 de junio de 1985,,"""Esculturas y una muestra para recordar""."
R056 - Recortes periodisticos 1984_86.md,21 de junio de 1985,,"""Más estatuas para la ciudad""."
R056 - Recortes periodisticos 1984_86.md,18 de junio de 1985,,"""Presentación de esculturas"""
R056 - Recortes periodisticos 1984_86.md,28 de mayo de 1985,,"""Presentan un video el once de junio""."
R056 - Recortes periodisticos 1984_86.md,27 de mayo de 1985,,"""Videos sobre mitos y leyendas""."
R056 - Recortes periodisticos 1984_86.md,18 de mayo de 1985,,"""Museos""."
R056 - Recortes periodisticos 1984_86.md,13 de mayo de 1985,,"""Continúan atentados contra las esculturas"""
R056 - Recortes periodisticos 1984_86.md,07 de mayo de 1985,,Páginas e inscripciones que aténtan contra esculturas.
R056 - Recortes periodisticos 1984_86.md,10 de abril de 1985,,"""Las etapas de la plástica chaqueña""."
R056 - Recortes periodisticos 1984_86.md,27 de marzo de 1985,,"""Rusia""."
R056 - Recortes periodisticos 1984_86.md,26 de marzo de 1985,,"""Se cumplen 44 años del primer vuelo comercial"".."
R056 - Recortes periodisticos 1984_86.md,Sin fecha,,"""Libros de quejas y elogios"""
R056 - Recortes periodisticos 1984_86.md,Sin fecha,,"""El mural más grande de Argentina"""
R056 - Recortes periodisticos 1984_86.md,21 de diciembre de 1986,,"""Salutaciones con motivo de las fiestas de fin de año""."
R056 - Recortes periodisticos 1984_86.md,21 de septiembre de 1986,,"""¿Usted sabe mirar un cuadro?""."
R056 - Recortes periodisticos 1984_86.md,14 de septiembre de 1986,,"""¿Usted sabe mirar un cuadro?""."
R056 - Recortes periodisticos 1984_86.md,18 de agosto de 1986,,"""Cuando somos un buen ejemplo para el país""."
R056 - Recortes periodisticos 1984_86.md,12 de agosto de 1986,,"""Seminarios sobre Ciencias Humanas""."
R056 - Recortes periodisticos 1984_86.md,22 de julio de 1986,,"""Visitantes""."
R056 - Recortes periodisticos 1984_86.md,18 de julio de 1986,,"""Plástica. Tipos del Noroeste""."
R056 - Recortes periodisticos 1984_86.md,04 de mayo de 1986,,"""Resistencia se ha convertido en una inmensa galería de obras de arte""."
R056 - Recortes periodisticos 1984_86.md,01 de abril de 1986,,"""Recordaron 45 años del primer vuelo comercial""."
R056 - Recortes periodisticos 1984_86.md,26 de marzo de 1986,,"""A 45 años del primer vuelo comercial al Chaco""."
R056 - Recortes periodisticos 1984_86.md,25 de marzo de 1986,,"""45 años de la llegada del primer avión comercial""."
R056 - Recortes periodisticos 1984_86.md,25 de marzo de 1986,,"""Se cumplen 45 años del arribo del primer avión comercial de línea""."
R056 - Recortes periodisticos 1984_86.md,17 de enero de 1986,,"""Un ejemplo digno de ser imitado""."
R056 - Recortes periodisticos 1984_86.md,Sin fecha,,"""Mimos en Casa del Medico""."
R056 - Recortes periodisticos 1984_86.md,Sin fecha,,"""Viajeros""."
R055 - Recortes periodisticos 1987_90.md,11 de julio de 1987,,Conferencia sobre función y vigencia de la Constitución
R165 - Recortes periodisticos 1964_66.md,1966 2 de marzo,,Nota sobre la Inundación del año 66 y la Ayuda Solidaria
R165 - Recortes periodisticos 1964_66.md,1966 9 de julio,,"Nota sobre el Chaco, sus personajes y su gente"
R165 - Recortes periodisticos 1964_66.md,1966 8 de septiembre,,Hallazgo de pequeño fragmento de aerolito en Campo del Cielo. Remisión del mismo a Buenos Aires para su investigación
R165 - Recortes periodisticos 1964_66.md,1965 19 de mayo,,Carta de Lectores: Haciendo un llamado a la ciudad y la plantación de árboles y jardines
R165 - Recortes periodisticos 1964_66.md,1965 15 de octubre,,Programa de Actos del Primer Congreso Provincial Docente de Rama Primaria y Biblioteca
R165 - Recortes periodisticos 1964_66.md,1964 2 de enero,,"Carta de Lectores. ""Malos Hábitos"""
R165 - Recortes periodisticos 1964_66.md,1964 2 de enero,,Espectáculo de Pantomimas
R165 - Recortes periodisticos 1964_66.md,1964 2 de enero,,Concierto de Guitarras
R165 - Recortes periodisticos 1964_66.md,1964 15 de enero,,Carta de Lectores: Captura de Perros Vagabundos
R165 - Recortes periodisticos 1964_66.md,1964 3 de febrero,,Respuesta al Pedido de eximición de pago de impuestos
R165 - Recortes periodisticos 1964_66.md,1964 4 de febrero,,Pedido de Reconsideración sobre la medida de pago de impuestos
R165 - Recortes periodisticos 1964_66.md,1964 16 de febrero,,Visita de periodistas metropolitanos a Resistencia
R165 - Recortes periodisticos 1964_66.md,1964 22 de mayo,,"Exhibición del filme ""Los Inundados"""
R165 - Recortes periodisticos 1964_66.md,1964 21 de junio,,La Torre de los Ingleses
R165 - Recortes periodisticos 1964_66.md,1964 10 de julio,,Daños y perjuicios a vivienda de Güemes 646
R165 - Recortes periodisticos 1964_66.md,1964 julio,,El Precio de la Cultura
R165 - Recortes periodisticos 1964_66.md,1964 22 de julio,,Exhibición de películas alemanas
R165 - Recortes periodisticos 1964_66.md,1964 24 de agosto,,Presentación de poetas y escritores
R165 - Recortes periodisticos 1964_66.md,1964 4 de octubre,,"Crecimiento de la Provincia, aspecto poblacional y desarrollo"
R165 - Recortes periodisticos 1964_66.md,1964 8 de noviembre,,Viaje por Italia: Historias de Amor
R165 - Recortes periodisticos 1964_66.md,1964 7 de diciembre,,Aterrizaje del primer avión Caravelle-jet- en Resistencia
R165 - Recortes periodisticos 1964_66.md,1964 9 de diciembre,,"Edición de carpeta ilustrada ""El Mate"", con trabajo de pintores y escritores"
R165 - Recortes periodisticos 1964_66.md,1964 16 de diciembre,,Itinerario de vuelo del primer jet Caravelle
R165 - Recortes periodisticos 1964_66.md,1964 21 de diciembre,,Venta de Jones Menga - Pedido de Menga -
R058 - Recortes periodisticos 1981.md,11 de octubre,,Desarrollo del programa del primer festival nacional e internacional de teatro de muñecos.
R058 - Recortes periodisticos 1981.md,11 de octubre,,Programa del primer festival de teatro de muñecos.
R058 - Recortes periodisticos 1981.md,11 de octubre,,Programa del primer festival de teatro de muñecos .
R058 - Recortes periodisticos 1981.md,10 de octubre,,Programa a desarrollar del primer festival de teatro de muñecos.
R058 - Recortes periodisticos 1981.md,9 de octubre,,Programa a desarrollar de primer festival de teatro de muñecos.
R058 - Recortes periodisticos 1981.md,9 de octubre,,Programa a desarrollar del primer festival de teatro de muñecos.
R058 - Recortes periodisticos 1981.md,8 de octubre,,Cronograma del primer festival de teatro de muñecos.
R058 - Recortes periodisticos 1981.md,7 de octubre,,Inauguración del primer festival de teatro de muñecos.
R058 - Recortes periodisticos 1981.md,7 de octubre,,Programa a desarrollar del primer festival de teatro de muñecos.
R058 - Recortes periodisticos 1981.md,6 de octubre,,"Inauguración del primer festival nacional de teatro de muñecos, programa a desarrollar."
R058 - Recortes periodisticos 1981.md,10 de septiembre,,Curso de teatro de muñecos programa a desarrollar.
R058 - Recortes periodisticos 1981.md,8 de julio,,Nuevas esculturas para la ciudad.